timestamp,frame_id,position_x,position_y,position_z,orientation_x,orientation_y,orientation_z,orientation_w
1578998487.334833,world,-0.31539615988731384,-0.18005050718784332,-0.9571103453636169,-0.06761105358600616,-0.40585026144981384,0.07984435558319092,-0.9079312682151794
1578998487.344344,world,-0.31540828943252563,-0.18006786704063416,-0.95711749792099,-0.06748653948307037,-0.4058341085910797,0.07986108958721161,-0.9079463481903076
1578998487.3569322,world,-0.3153994381427765,-0.18004673719406128,-0.9571345448493958,-0.06758397817611694,-0.40582478046417236,0.07985866814851761,-0.9079434275627136
1578998487.3646662,world,-0.31540346145629883,-0.1800820529460907,-0.9572217464447021,-0.06742960959672928,-0.40574395656585693,0.07983951270580292,-0.9079926609992981
1578998487.364748,world,-0.3154008686542511,-0.1800704449415207,-0.9572369456291199,-0.06739649921655655,-0.40574198961257935,0.07985192537307739,-0.9079950451850891
1578998487.3740196,world,-0.31539952754974365,-0.1800614297389984,-0.9572703242301941,-0.06736620515584946,-0.405718058347702,0.07988987863063812,-0.9080045819282532
1578998487.3945436,world,-0.3153899312019348,-0.18004512786865234,-0.9572899341583252,-0.06729678809642792,-0.40570396184921265,0.07990577071905136,-0.908014714717865
1578998487.403812,world,-0.3153773844242096,-0.17999528348445892,-0.9572470188140869,-0.06737817823886871,-0.4057292640209198,0.07999757677316666,-0.9079892635345459
1578998487.4038343,world,-0.31538158655166626,-0.17997601628303528,-0.9572901129722595,-0.06731244176626205,-0.4056681990623474,0.08004821091890335,-0.9080169796943665
1578998487.4141319,world,-0.3153643310070038,-0.17993047833442688,-0.9572980999946594,-0.06705286353826523,-0.4057135581970215,0.08006171137094498,-0.908014714717865
1578998487.424375,world,-0.3154272735118866,-0.17989780008792877,-0.9574098587036133,-0.06714557111263275,-0.4054664373397827,0.08020983636379242,-0.9081051349639893
1578998487.4243913,world,-0.315437912940979,-0.17986243963241577,-0.9574300050735474,-0.06689967960119247,-0.40538114309310913,0.08016452193260193,-0.9081652760505676
1578998487.4347243,world,-0.31545549631118774,-0.17982745170593262,-0.9574730396270752,-0.06681960821151733,-0.4053052067756653,0.0801289901137352,-0.9082083106040955
1578998487.4440296,world,-0.3154752552509308,-0.17979928851127625,-0.9575149416923523,-0.06673851609230042,-0.4052203297615051,0.08011206239461899,-0.9082534909248352
1578998487.4542198,world,-0.31549498438835144,-0.17976711690425873,-0.9575643539428711,-0.06672194600105286,-0.40516266226768494,0.08015192300081253,-0.9082769751548767
1578998487.4542618,world,-0.31551074981689453,-0.17973653972148895,-0.957607626914978,-0.06665005534887314,-0.4051036834716797,0.08013574779033661,-0.908310055732727
1578998487.4647505,world,-0.31555595993995667,-0.17971137166023254,-0.9576631784439087,-0.06681709736585617,-0.4049083888530731,0.08030807971954346,-0.9083696007728577
1578998487.473821,world,-0.3155827522277832,-0.17966337502002716,-0.957757294178009,-0.06674137711524963,-0.40493646264076233,0.08034849166870117,-0.908359169960022
1578998487.4944124,world,-0.31560155749320984,-0.17963196337223053,-0.9577997922897339,-0.06666602194309235,-0.40496721863746643,0.08033917844295502,-0.908351719379425
1578998487.4944296,world,-0.31564393639564514,-0.17960408329963684,-0.9578710794448853,-0.06655549257993698,-0.4049895405769348,0.0803191065788269,-0.908351719379425
1578998487.5047123,world,-0.31568771600723267,-0.17957276105880737,-0.957928478717804,-0.06648320704698563,-0.4050094187259674,0.08025168627500534,-0.9083541035652161
1578998487.5141866,world,-0.3158488869667053,-0.17955517768859863,-0.9580846428871155,-0.06621548533439636,-0.40523824095726013,0.08004922419786453,-0.9082894325256348
1578998487.5245314,world,-0.3158896863460541,-0.179534450173378,-0.9581412076950073,-0.06613387912511826,-0.40525269508361816,0.07994583249092102,-0.9082980751991272
1578998487.524556,world,-0.31593140959739685,-0.1795126050710678,-0.9581853151321411,-0.06610716879367828,-0.4052796959877014,0.07986650615930557,-0.9082949757575989
1578998487.5346723,world,-0.3159659504890442,-0.1794947385787964,-0.9582195281982422,-0.06605421751737595,-0.40533605217933655,0.07979265600442886,-0.9082801342010498
1578998487.554399,world,-0.31598448753356934,-0.179486483335495,-0.9582476019859314,-0.06603854894638062,-0.40541696548461914,0.07975798845291138,-0.908248245716095
1578998487.5544195,world,-0.31600356101989746,-0.17947842180728912,-0.9582761526107788,-0.06602965295314789,-0.4055258631706238,0.07974997162818909,-0.9082009792327881
1578998487.5645595,world,-0.31598523259162903,-0.1794648915529251,-0.9582762122154236,-0.06584309786558151,-0.4057769775390625,0.07960543781518936,-0.9081149101257324
1578998487.5748198,world,-0.31600096821784973,-0.17945922911167145,-0.9583171606063843,-0.06580615043640137,-0.4059082269668579,0.07962007820606232,-0.908057689666748
1578998487.5840244,world,-0.31601640582084656,-0.17945140600204468,-0.9583607912063599,-0.0657830759882927,-0.4060453772544861,0.07957776635885239,-0.9080016613006592
1578998487.58404,world,-0.3160407841205597,-0.17944815754890442,-0.958408772945404,-0.06574573367834091,-0.4061625599861145,0.07957383245229721,-0.9079524278640747
1578998487.5942984,world,-0.31605690717697144,-0.17944234609603882,-0.9584437608718872,-0.06569311022758484,-0.40623998641967773,0.07952430844306946,-0.9079259037971497
1578998487.6050115,world,-0.3160802721977234,-0.17944355309009552,-0.958495557308197,-0.06561028957366943,-0.4063415229320526,0.07948466390371323,-0.9078899025917053
1578998487.6147795,world,-0.31604671478271484,-0.17944499850273132,-0.9584602117538452,-0.06538669764995575,-0.40657806396484375,0.07928227633237839,-0.9078179001808167
1578998487.6241887,world,-0.31607919931411743,-0.1794397532939911,-0.9585220217704773,-0.06531404703855515,-0.40663108229637146,0.07924503087997437,-0.9078025817871094
1578998487.634416,world,-0.3160930573940277,-0.1794133335351944,-0.9585321545600891,-0.06522724777460098,-0.4066753387451172,0.07915236055850983,-0.9077971577644348
1578998487.6344674,world,-0.31609782576560974,-0.1794445961713791,-0.9585818648338318,-0.06516212224960327,-0.4066551923751831,0.07925882190465927,-0.9078014492988586
1578998487.6448288,world,-0.3161109983921051,-0.1794142872095108,-0.9585885405540466,-0.06509314477443695,-0.4066677391529083,0.07917167991399765,-0.9078084230422974
1578998487.6541505,world,-0.3161112666130066,-0.17944760620594025,-0.9586154818534851,-0.06505558639764786,-0.40661558508872986,0.07928043603897095,-0.9078250527381897
1578998487.6645994,world,-0.3161434233188629,-0.17943839728832245,-0.9586796760559082,-0.06520690023899078,-0.40638267993927,0.07949025183916092,-0.9079001545906067
1578998487.664652,world,-0.31615057587623596,-0.17944136261940002,-0.9586985111236572,-0.06521081179380417,-0.4063303768634796,0.07948756217956543,-0.9079234004020691
1578998487.6748936,world,-0.31613853573799133,-0.1794324368238449,-0.9586758017539978,-0.06526332348585129,-0.40625497698783875,0.07948557287454605,-0.9079535603523254
1578998487.6840463,world,-0.3161349594593048,-0.17943038046360016,-0.9586816430091858,-0.06526108831167221,-0.40618517994880676,0.07949502766132355,-0.9079841375350952
1578998487.6943116,world,-0.3161128759384155,-0.17942392826080322,-0.9586809873580933,-0.0652652308344841,-0.40613701939582825,0.07948755472898483,-0.9080060720443726
1578998487.7045355,world,-0.31610023975372314,-0.17941592633724213,-0.9586905837059021,-0.06532073020935059,-0.4060954749584198,0.0795600637793541,-0.9080143570899963
1578998487.7045727,world,-0.31608694791793823,-0.1794186234474182,-0.9587000608444214,-0.06527795642614365,-0.4060569703578949,0.07961635291576385,-0.9080296158790588
1578998487.7137647,world,-0.3160690665245056,-0.17941468954086304,-0.9587126970291138,-0.06524326652288437,-0.40600988268852234,0.079709492623806,-0.9080449938774109
1578998487.7343147,world,-0.3160936236381531,-0.17940473556518555,-0.9587802290916443,-0.06493823975324631,-0.40588104724884033,0.07964837551116943,-0.9081299304962158
1578998487.734353,world,-0.316074937582016,-0.17940792441368103,-0.9587717652320862,-0.06489808857440948,-0.40579235553741455,0.07972622662782669,-0.908165454864502
1578998487.7445283,world,-0.31610459089279175,-0.17941688001155853,-0.9588282108306885,-0.06501815468072891,-0.4055339992046356,0.07985898852348328,-0.9082606434822083
1578998487.7539775,world,-0.3160960376262665,-0.17942072451114655,-0.958821713924408,-0.06502725183963776,-0.4053906798362732,0.0799177959561348,-0.9083187580108643
1578998487.7642598,world,-0.316082239151001,-0.17941977083683014,-0.9587969779968262,-0.0650133490562439,-0.40525272488594055,0.0799224004149437,-0.908380925655365
1578998487.774676,world,-0.3160698711872101,-0.17941857874393463,-0.9587705731391907,-0.06506270170211792,-0.4051092863082886,0.07994017004966736,-0.9084398746490479
1578998487.7746832,world,-0.3160538077354431,-0.17942170798778534,-0.9587327837944031,-0.06503424048423767,-0.4049534797668457,0.07991480827331543,-0.9085136651992798
1578998487.7839282,world,-0.31605079770088196,-0.17941193282604218,-0.9587111473083496,-0.06510896235704422,-0.4048021137714386,0.07996975630521774,-0.9085708856582642
1578998487.794239,world,-0.31603869795799255,-0.17940589785575867,-0.9586840271949768,-0.06513670086860657,-0.40467801690101624,0.08000573515892029,-0.9086210131645203
1578998487.8046222,world,-0.3160204589366913,-0.1793999969959259,-0.958633542060852,-0.06516093015670776,-0.40456798672676086,0.08005800098180771,-0.9086636304855347
1578998487.814822,world,-0.31590211391448975,-0.1793901026248932,-0.9584974050521851,-0.06534004211425781,-0.40428078174591064,0.08022408932447433,-0.9087639451026917
1578998487.8148582,world,-0.31601014733314514,-0.17939190566539764,-0.9585732817649841,-0.06516208499670029,-0.4043632447719574,0.08013744652271271,-0.9087476134300232
1578998487.824291,world,-0.31602686643600464,-0.17939524352550507,-0.9585667848587036,-0.06513027101755142,-0.40426939725875854,0.0801437720656395,-0.908791184425354
1578998487.834424,world,-0.3158941864967346,-0.1793837994337082,-0.958325982093811,-0.06534043699502945,-0.4039655327796936,0.0803246721625328,-0.9088952541351318
1578998487.844895,world,-0.3158995509147644,-0.1793833076953888,-0.9582754969596863,-0.0653805062174797,-0.4038648009300232,0.08032858371734619,-0.9089366793632507
1578998487.8544698,world,-0.3160417079925537,-0.17938868701457977,-0.9583642482757568,-0.06519380211830139,-0.4040489196777344,0.08013943582773209,-0.9088850617408752
1578998487.8555503,world,-0.3159407079219818,-0.17938300967216492,-0.9582191109657288,-0.06542012840509415,-0.4037794768810272,0.08024609088897705,-0.908979058265686
1578998487.8647318,world,-0.3160826563835144,-0.17939600348472595,-0.9582855105400085,-0.0652899295091629,-0.40396422147750854,0.08007621020078659,-0.9089213013648987
1578998487.8740425,world,-0.3161119520664215,-0.17940689623355865,-0.9582496881484985,-0.06532522290945053,-0.40398046374320984,0.08002255111932755,-0.9089163541793823
1578998487.8843784,world,-0.3160817623138428,-0.17943339049816132,-0.9581395983695984,-0.06569954752922058,-0.40412163734436035,0.08023571223020554,-0.9088078141212463
1578998487.8945768,world,-0.31611424684524536,-0.17945042252540588,-0.9581195116043091,-0.06576265394687653,-0.4041239321231842,0.08022715151309967,-0.9088029265403748
1578998487.9048986,world,-0.31613391637802124,-0.17947621643543243,-0.9580782055854797,-0.06581562012434006,-0.4041486978530884,0.08025868237018585,-0.908785343170166
1578998487.9141817,world,-0.3161569833755493,-0.1794874370098114,-0.9579322338104248,-0.06588996946811676,-0.40424373745918274,0.08029074221849442,-0.9087347984313965
1578998487.9142044,world,-0.3163081109523773,-0.1795331984758377,-0.9580556750297546,-0.06558316946029663,-0.4039982557296753,0.07991095632314682,-0.9088996052742004
1578998487.9245505,world,-0.3163442015647888,-0.17956438660621643,-0.958005428314209,-0.06560971587896347,-0.4040156900882721,0.0798441618680954,-0.9088957905769348
1578998487.9348254,world,-0.3163856565952301,-0.17960381507873535,-0.957951009273529,-0.06567666679620743,-0.4040422737598419,0.07981470972299576,-0.9088817834854126
1578998487.944123,world,-0.31642308831214905,-0.17963942885398865,-0.957881510257721,-0.06573524326086044,-0.4040719270706177,0.07974160462617874,-0.9088707566261292
1578998487.9543278,world,-0.3164654076099396,-0.1796739101409912,-0.9578096866607666,-0.06579111516475677,-0.404096782207489,0.07967136055231094,-0.9088618755340576
1578998487.9647002,world,-0.3164970278739929,-0.17970919609069824,-0.9577416777610779,-0.06584349274635315,-0.404085248708725,0.07962383329868317,-0.9088672995567322
1578998487.9647124,world,-0.316536545753479,-0.17974528670310974,-0.9576711654663086,-0.06589463353157043,-0.4041171967983246,0.07958187907934189,-0.9088531136512756
1578998487.9841356,world,-0.31657832860946655,-0.17978258430957794,-0.9576030373573303,-0.06592828035354614,-0.4041388928890228,0.07955581694841385,-0.9088432192802429
1578998487.9841526,world,-0.3165965974330902,-0.17985351383686066,-0.957561194896698,-0.06593910604715347,-0.40400463342666626,0.07951008528470993,-0.9089061617851257
1578998487.994406,world,-0.3166348934173584,-0.1798950880765915,-0.9575148820877075,-0.06598576158285141,-0.4039771556854248,0.07950559258460999,-0.9089154601097107
1578998488.0047114,world,-0.3166583478450775,-0.17992481589317322,-0.9574401378631592,-0.06609567999839783,-0.4039560854434967,0.07953573018312454,-0.9089141488075256
1578998488.0243206,world,-0.31668010354042053,-0.1799396127462387,-0.9572951793670654,-0.06608429551124573,-0.40384283661842346,0.07943470776081085,-0.9089741706848145
1578998488.024333,world,-0.3167533874511719,-0.17997883260250092,-0.9571578502655029,-0.06627459079027176,-0.4037409722805023,0.07937200367450714,-0.9090110659599304
1578998488.034522,world,-0.3167966604232788,-0.1799575835466385,-0.9569880962371826,-0.06643278151750565,-0.40380391478538513,0.07932985574007034,-0.9089751839637756
1578998488.0447965,world,-0.3168417513370514,-0.1799871027469635,-0.9569544792175293,-0.06659359484910965,-0.40375953912734985,0.07934536784887314,-0.9089818000793457
1578998488.054144,world,-0.3169010877609253,-0.18001608550548553,-0.956925094127655,-0.06681807339191437,-0.40358853340148926,0.07936868816614151,-0.909039318561554
1578998488.0643969,world,-0.3169569671154022,-0.18002812564373016,-0.9569084048271179,-0.06685136258602142,-0.4035072922706604,0.07940096408128738,-0.9090699553489685
1578998488.0746732,world,-0.317054808139801,-0.1800348162651062,-0.9569507837295532,-0.0670275017619133,-0.4032771587371826,0.07959543168544769,-0.9091421365737915
1578998488.0746899,world,-0.31710875034332275,-0.18004755675792694,-0.9569382071495056,-0.0670492947101593,-0.4032248258590698,0.0796254351735115,-0.9091611504554749
1578998488.0839481,world,-0.3171653747558594,-0.18005554378032684,-0.9569015502929688,-0.06705612689256668,-0.40321382880210876,0.07965181022882462,-0.9091631770133972
1578998488.0942197,world,-0.31723082065582275,-0.18007230758666992,-0.9568865299224854,-0.06704549491405487,-0.4032043218612671,0.07963312417268753,-0.9091699123382568
1578998488.1046562,world,-0.3173028230667114,-0.1800849288702011,-0.9568707346916199,-0.06707185506820679,-0.40325242280960083,0.07960402965545654,-0.9091491103172302
1578998488.1148362,world,-0.317362517118454,-0.18009953200817108,-0.9568368196487427,-0.06708327680826187,-0.40327396988868713,0.07958754897117615,-0.9091401696205139
1578998488.1148531,world,-0.3174609839916229,-0.1801336109638214,-0.9567877054214478,-0.06694792956113815,-0.4033697247505188,0.07945971190929413,-0.9091188311576843
1578998488.1239886,world,-0.3175256848335266,-0.1801491230726242,-0.956699013710022,-0.06702891737222672,-0.4034133851528168,0.07945070415735245,-0.9090942740440369
1578998488.134398,world,-0.3176039159297943,-0.18016478419303894,-0.9566759467124939,-0.06705664843320847,-0.4034624695777893,0.07943196594715118,-0.9090721011161804
1578998488.1445537,world,-0.3176984488964081,-0.180179163813591,-0.9566620588302612,-0.06710585951805115,-0.4035379886627197,0.07939404249191284,-0.909038245677948
1578998488.1547744,world,-0.3177878260612488,-0.18019317090511322,-0.9566325545310974,-0.06712280958890915,-0.4036066234111786,0.07935897260904312,-0.909009575843811
1578998488.1640642,world,-0.31789496541023254,-0.18019452691078186,-0.9565396308898926,-0.06721524894237518,-0.40371453762054443,0.07934703677892685,-0.9089558124542236
1578998488.1640813,world,-0.3180425763130188,-0.18018165230751038,-0.9565117955207825,-0.06734255701303482,-0.40385428071022034,0.07940451800823212,-0.9088793396949768
1578998488.1744244,world,-0.3184921145439148,-0.18022961914539337,-0.9568527340888977,-0.06694623082876205,-0.4039856195449829,0.07902202010154724,-0.9088836312294006
1578998488.1848311,world,-0.31859859824180603,-0.180231973528862,-0.9567307233810425,-0.06693834811449051,-0.40393930673599243,0.07882706075906754,-0.9089216589927673
1578998488.1941547,world,-0.3186977803707123,-0.18026386201381683,-0.9566496014595032,-0.06687702983617783,-0.40406113862991333,0.07856959849596024,-0.9088943600654602
1578998488.2042487,world,-0.3188188970088959,-0.1802753359079361,-0.9566071033477783,-0.06687034666538239,-0.4040640890598297,0.07845212519168854,-0.9089037179946899
1578998488.2197013,world,-0.3189505934715271,-0.18029043078422546,-0.9565781354904175,-0.06690240651369095,-0.40408840775489807,0.07840464264154434,-0.9088945984840393
1578998488.2243397,world,-0.31908461451530457,-0.18027599155902863,-0.9564239382743835,-0.0669945627450943,-0.40421563386917114,0.07829224318265915,-0.9088409543037415
1578998488.224363,world,-0.31920838356018066,-0.18031013011932373,-0.9563676714897156,-0.06708202511072159,-0.4042646288871765,0.07812708616256714,-0.9088268876075745
1578998488.2346654,world,-0.3193374574184418,-0.1803511530160904,-0.9563156366348267,-0.06725175678730011,-0.40424415469169617,0.07794654369354248,-0.9088389873504639
1578998488.2439804,world,-0.31947076320648193,-0.18037864565849304,-0.9562827944755554,-0.06731914728879929,-0.4042966067790985,0.07781342417001724,-0.9088220596313477
1578998488.2543612,world,-0.3196333050727844,-0.18041260540485382,-0.9562653303146362,-0.06741145253181458,-0.404215931892395,0.07784158736467361,-0.9088486433029175
1578998488.2543871,world,-0.319774329662323,-0.18045203387737274,-0.9562509655952454,-0.06765266507863998,-0.4041459858417511,0.07784171402454376,-0.9088619351387024
1578998488.2648604,world,-0.31988921761512756,-0.1805564910173416,-0.9561931490898132,-0.06767771393060684,-0.40439823269844055,0.07777693122625351,-0.9087532758712769
1578998488.274172,world,-0.31998321413993835,-0.18060509860515594,-0.9561322331428528,-0.06772936135530472,-0.40449392795562744,0.07773976773023605,-0.9087100625038147
1578998488.2843757,world,-0.32006531953811646,-0.18064934015274048,-0.9560484886169434,-0.06783092767000198,-0.40454378724098206,0.07769153267145157,-0.9086844325065613
1578998488.2948413,world,-0.3201265335083008,-0.18069705367088318,-0.9558615684509277,-0.06791659444570541,-0.40456271171569824,0.07757414877414703,-0.9086796045303345
1578998488.303781,world,-0.3202032148838043,-0.1807457059621811,-0.9557164311408997,-0.06805028766393661,-0.40462541580200195,0.07754361629486084,-0.9086442589759827
1578998488.3141727,world,-0.3204769194126129,-0.180884450674057,-0.9558784365653992,-0.06768319755792618,-0.4045652449131012,0.07699894160032272,-0.9087448120117188
1578998488.3245726,world,-0.3205285370349884,-0.18095600605010986,-0.9556868672370911,-0.0676819458603859,-0.40455007553100586,0.07669077813625336,-0.9087777137756348
1578998488.3245912,world,-0.3206072747707367,-0.1810249388217926,-0.9555809497833252,-0.06781668215990067,-0.40455466508865356,0.07654488831758499,-0.9087779521942139
1578998488.3347557,world,-0.320674329996109,-0.1810973882675171,-0.9553825259208679,-0.06811128556728363,-0.40467727184295654,0.07644130289554596,-0.9087101221084595
1578998488.3439455,world,-0.32079973816871643,-0.1811513602733612,-0.9553467631340027,-0.06830988079309464,-0.4048062264919281,0.0763770043849945,-0.9086430668830872
1578998488.3552887,world,-0.3210311233997345,-0.18121595680713654,-0.9553490877151489,-0.06860213726758957,-0.40521806478500366,0.07641264796257019,-0.9084345102310181
1578998488.3553567,world,-0.3209535777568817,-0.1812736988067627,-0.9551189541816711,-0.06860502809286118,-0.40503785014152527,0.07622969895601273,-0.9085299968719482
1578998488.3645327,world,-0.321075975894928,-0.1813572347164154,-0.9551239609718323,-0.06895890086889267,-0.40523144602775574,0.07641241699457169,-0.9084014892578125
1578998488.37472,world,-0.3210965692996979,-0.18141433596611023,-0.9549891948699951,-0.06904888898134232,-0.4052523970603943,0.07642772793769836,-0.9083841443061829
1578998488.3848948,world,-0.32100042700767517,-0.1814519762992859,-0.954757809638977,-0.06906162202358246,-0.405058354139328,0.0763389989733696,-0.9084771871566772
1578998488.3941839,world,-0.3211248517036438,-0.1814960092306137,-0.9547792673110962,-0.06933806091547012,-0.4051894247531891,0.0765790045261383,-0.9083773493766785
1578998488.4044511,world,-0.3211389482021332,-0.18152634799480438,-0.9546881318092346,-0.06939715892076492,-0.4051230251789093,0.07659836113452911,-0.90840083360672
1578998488.4044693,world,-0.3211670517921448,-0.18157438933849335,-0.9546108841896057,-0.06966204941272736,-0.40500345826148987,0.07662732899188995,-0.9084315299987793
1578998488.4171648,world,-0.3212015628814697,-0.18159836530685425,-0.9545400142669678,-0.06972188502550125,-0.40489330887794495,0.07661035656929016,-0.9084773659706116
1578998488.4244752,world,-0.32123932242393494,-0.18160849809646606,-0.9544699788093567,-0.06975585967302322,-0.4047565460205078,0.07656503468751907,-0.9085394740104675
1578998488.4346988,world,-0.32125499844551086,-0.181603342294693,-0.9542859196662903,-0.0697828084230423,-0.4045770764350891,0.07645843923091888,-0.9086264371871948
1578998488.4442265,world,-0.32128962874412537,-0.1816016584634781,-0.9542132616043091,-0.0698266327381134,-0.4044640064239502,0.07643574476242065,-0.9086753129959106
1578998488.4551797,world,-0.32133156061172485,-0.18159376084804535,-0.9541623592376709,-0.0698758214712143,-0.4043697118759155,0.07643105834722519,-0.9087138175964355
1578998488.4638412,world,-0.3213701844215393,-0.18158559501171112,-0.9540987610816956,-0.06991543620824814,-0.4042879641056061,0.07643669098615646,-0.9087466597557068
1578998488.4638565,world,-0.321455180644989,-0.18156276643276215,-0.954108476638794,-0.07008785009384155,-0.40406420826911926,0.07659818977117538,-0.9088193774223328
1578998488.474181,world,-0.321502149105072,-0.18154291808605194,-0.9540671110153198,-0.07014063745737076,-0.4040225148200989,0.07660618424415588,-0.9088331460952759
1578998488.4843893,world,-0.3215491771697998,-0.1815170794725418,-0.9540094137191772,-0.07018113136291504,-0.4039916694164276,0.07661465555429459,-0.9088430404663086
1578998488.4948123,world,-0.32164809107780457,-0.18150556087493896,-0.9540310502052307,-0.07034369558095932,-0.4038214385509491,0.07670952379703522,-0.908898115158081
1578998488.5040252,world,-0.3217003643512726,-0.18148484826087952,-0.9539370536804199,-0.07035620510578156,-0.40377944707870483,0.0767170712351799,-0.9089152216911316
1578998488.5040376,world,-0.3217698335647583,-0.1814499944448471,-0.9538247585296631,-0.07040638476610184,-0.4038247764110565,0.07667506486177444,-0.9088946580886841
1578998488.5143883,world,-0.32183778285980225,-0.18143576383590698,-0.9537760019302368,-0.07038018852472305,-0.403827428817749,0.07654949277639389,-0.9089060425758362
1578998488.5246115,world,-0.32190632820129395,-0.1814197152853012,-0.9537327289581299,-0.07037407159805298,-0.4038308560848236,0.07642895728349686,-0.9089152216911316
1578998488.5349154,world,-0.3219709098339081,-0.18140117824077606,-0.9536675810813904,-0.07042211294174194,-0.40389811992645264,0.07631617784500122,-0.9088910818099976
1578998488.544483,world,-0.3220442235469818,-0.1813647449016571,-0.9535180926322937,-0.07044553756713867,-0.4041038751602173,0.07614883780479431,-0.9088117480278015
1578998488.5546665,world,-0.3221637010574341,-0.18135230243206024,-0.9535331130027771,-0.07028864324092865,-0.4040507376194,0.0758516862988472,-0.9088724851608276
1578998488.5546815,world,-0.3222149610519409,-0.18133848905563354,-0.9534667134284973,-0.07027740776538849,-0.4041992723941803,0.07571295648813248,-0.908818781375885
1578998488.56394,world,-0.3222711682319641,-0.18131348490715027,-0.953402042388916,-0.07032173126935959,-0.4043431878089905,0.07565952837467194,-0.9087558388710022
1578998488.574444,world,-0.322309672832489,-0.18129503726959229,-0.9533267617225647,-0.0702938437461853,-0.4044812321662903,0.07556252926588058,-0.9087045788764954
1578998488.5844505,world,-0.3223567008972168,-0.1812850385904312,-0.9532091021537781,-0.07022658735513687,-0.4046890139579773,0.07543696463108063,-0.9086276888847351
1578998488.5947604,world,-0.3223901689052582,-0.1812840849161148,-0.953147828578949,-0.0704156681895256,-0.4048084318637848,0.07537264376878738,-0.9085651636123657
1578998488.6051354,world,-0.32242852449417114,-0.18123851716518402,-0.9530665278434753,-0.07024881988763809,-0.404911607503891,0.07520200312137604,-0.9085462689399719
1578998488.6147983,world,-0.32254505157470703,-0.18124940991401672,-0.9530512094497681,-0.07019437849521637,-0.40519651770591736,0.07488954812288284,-0.9084492325782776
1578998488.6148076,world,-0.3225765526294708,-0.18122726678848267,-0.9529726505279541,-0.07028535008430481,-0.4052833020687103,0.07477472722530365,-0.9084129929542542
1578998488.6241271,world,-0.3225717842578888,-0.18119372427463531,-0.9527726769447327,-0.07031746208667755,-0.40529385209083557,0.07452180236577988,-0.9084265828132629
1578998488.6345382,world,-0.32258448004722595,-0.1811772882938385,-0.9526863098144531,-0.07037631422281265,-0.4053916037082672,0.07439015805721283,-0.9083892703056335
1578998488.645128,world,-0.3225797116756439,-0.18114732205867767,-0.9525719881057739,-0.07049896568059921,-0.40549057722091675,0.07428739219903946,-0.908344030380249
1578998488.6541812,world,-0.32256078720092773,-0.18104682862758636,-0.9524652361869812,-0.07103654742240906,-0.40559226274490356,0.07438977062702179,-0.9082483053207397
1578998488.6542265,world,-0.32249587774276733,-0.18099325895309448,-0.9522069692611694,-0.07110344618558884,-0.4059671461582184,0.07419974356889725,-0.908091127872467
1578998488.6646428,world,-0.3224446177482605,-0.18099939823150635,-0.9520569443702698,-0.07124745100736618,-0.40611860156059265,0.07402975112199783,-0.9080260396003723
1578998488.6738198,world,-0.322419136762619,-0.18097804486751556,-0.9519482851028442,-0.07136803865432739,-0.4062177538871765,0.07399006187915802,-0.9079753756523132
1578998488.6842082,world,-0.32226625084877014,-0.18095828592777252,-0.9516903162002563,-0.07181663811206818,-0.4065830707550049,0.07430703938007355,-0.9077506065368652
1578998488.6943922,world,-0.3222392797470093,-0.18094950914382935,-0.9515940546989441,-0.07191339880228043,-0.4066601097583771,0.07421645522117615,-0.9077158570289612
1578998488.7045867,world,-0.3222035765647888,-0.1809414178133011,-0.9514853954315186,-0.07199530303478241,-0.4067259728908539,0.07408718019723892,-0.9076902866363525
1578998488.704594,world,-0.3221457302570343,-0.18094006180763245,-0.9513508677482605,-0.07211284339427948,-0.40678155422210693,0.07404378801584244,-0.9076597094535828
1578998488.714823,world,-0.3220985233783722,-0.18094049394130707,-0.9512436389923096,-0.07221458107233047,-0.40680035948753357,0.07395271956920624,-0.9076506495475769
1578998488.724169,world,-0.3220410645008087,-0.18094894289970398,-0.9511470794677734,-0.07232789695262909,-0.40684303641319275,0.0739377960562706,-0.9076237082481384
1578998488.7345343,world,-0.32195937633514404,-0.18095895648002625,-0.9510320425033569,-0.07238686829805374,-0.40683993697166443,0.07391291856765747,-0.9076223373413086
1578998488.7451994,world,-0.32176005840301514,-0.18095837533473969,-0.950809121131897,-0.07269991934299469,-0.40664973855018616,0.07407627999782562,-0.9076693058013916
1578998488.7543473,world,-0.32164037227630615,-0.1809922605752945,-0.9506418704986572,-0.07277161628007889,-0.40677428245544434,0.07398877292871475,-0.9076148271560669
1578998488.754395,world,-0.3215627372264862,-0.1810137927532196,-0.9505515098571777,-0.07286261767148972,-0.4067552983760834,0.07404164224863052,-0.9076117873191833
1578998488.7648768,world,-0.32146933674812317,-0.18102088570594788,-0.9504317045211792,-0.07299932837486267,-0.406723290681839,0.07407323271036148,-0.9076125621795654
1578998488.7740886,world,-0.32138583064079285,-0.18102994561195374,-0.9503398537635803,-0.07303822785615921,-0.4066779613494873,0.07408405840396881,-0.9076288938522339
1578998488.7843494,world,-0.32131609320640564,-0.18104620277881622,-0.9502695798873901,-0.07314188778400421,-0.4066370725631714,0.07410554587841034,-0.9076371192932129
1578998488.7950537,world,-0.3212236762046814,-0.1810518503189087,-0.9501810669898987,-0.07318801432847977,-0.40656667947769165,0.07410825043916702,-0.9076646566390991
1578998488.80385,world,-0.3211415708065033,-0.18105202913284302,-0.950078547000885,-0.07323737442493439,-0.40653908252716064,0.07414820790290833,-0.907669723033905
1578998488.8141952,world,-0.3210311532020569,-0.18106848001480103,-0.9499839544296265,-0.07344771176576614,-0.40647658705711365,0.07424622029066086,-0.9076727628707886
1578998488.8142126,world,-0.3209347128868103,-0.18106433749198914,-0.9498854279518127,-0.07353748381137848,-0.40642666816711426,0.07432138919830322,-0.9076816439628601
1578998488.825458,world,-0.3208256661891937,-0.18106134235858917,-0.9497642517089844,-0.07361534982919693,-0.4063853919506073,0.07438401132822037,-0.9076886773109436
1578998488.8339345,world,-0.32071951031684875,-0.18104900419712067,-0.9496333003044128,-0.07372087240219116,-0.40631747245788574,0.07442943006753922,-0.9077068567276001
1578998488.8442624,world,-0.3206210732460022,-0.181038960814476,-0.9495083689689636,-0.07385046780109406,-0.40626227855682373,0.07447363436222076,-0.9077173471450806
1578998488.854735,world,-0.3205072581768036,-0.1810440570116043,-0.9493672251701355,-0.07399890571832657,-0.40621551871299744,0.07441964745521545,-0.9077306985855103
1578998488.86489,world,-0.32032135128974915,-0.1810031235218048,-0.9491366744041443,-0.07398784905672073,-0.4060157239437103,0.07412906736135483,-0.9078447818756104
1578998488.8650637,world,-0.3202241063117981,-0.18098939955234528,-0.9489875435829163,-0.07412499189376831,-0.4059903919696808,0.07408957183361053,-0.9078480005264282
1578998488.8843286,world,-0.32005059719085693,-0.18101248145103455,-0.9487678408622742,-0.07409229874610901,-0.40587449073791504,0.07399972528219223,-0.9079098701477051
1578998488.8843846,world,-0.3199593424797058,-0.18099142611026764,-0.9486331939697266,-0.07421498745679855,-0.40594229102134705,0.07394716888666153,-0.9078737497329712
1578998488.8947303,world,-0.3198469579219818,-0.18097083270549774,-0.948489785194397,-0.07437646389007568,-0.4060356318950653,0.07397110760211945,-0.907817006111145
1578998488.9038215,world,-0.3196296989917755,-0.18093807995319366,-0.9481955170631409,-0.07482963800430298,-0.40647488832473755,0.07432518899440765,-0.9075541496276855
1578998488.914416,world,-0.31943774223327637,-0.1809263974428177,-0.9479159116744995,-0.07459697872400284,-0.40699127316474915,0.07399513572454453,-0.9073688387870789
1578998488.9144664,world,-0.31933265924453735,-0.18090544641017914,-0.9477750658988953,-0.07473184913396835,-0.4071986973285675,0.07398657500743866,-0.9072653651237488
1578998488.9239511,world,-0.31925880908966064,-0.1808769404888153,-0.9476607441902161,-0.07484526932239532,-0.4074477255344391,0.07392214983701706,-0.9071493744850159
1578998488.934373,world,-0.31918051838874817,-0.18083330988883972,-0.9475224018096924,-0.07497259974479675,-0.4077228605747223,0.07384900003671646,-0.9070212244987488
1578998488.9446611,world,-0.31912654638290405,-0.1806989163160324,-0.9474073648452759,-0.07505592703819275,-0.4080408811569214,0.07342849671840668,-0.9069055914878845
1578998488.953848,world,-0.31904926896095276,-0.180633082985878,-0.9472529292106628,-0.07529623061418533,-0.40830379724502563,0.07336831092834473,-0.9067721366882324
1578998488.953865,world,-0.3189750909805298,-0.18056781589984894,-0.947108805179596,-0.07542763650417328,-0.40854611992836,0.07323208451271057,-0.9066630005836487
1578998488.964249,world,-0.3188985288143158,-0.18049919605255127,-0.9469084739685059,-0.07547750324010849,-0.40886205434799194,0.07304738461971283,-0.9065314531326294
1578998488.9746554,world,-0.31880348920822144,-0.1804293692111969,-0.9467292428016663,-0.07562976330518723,-0.40911656618118286,0.07290350645780563,-0.9064155220985413
1578998488.9839191,world,-0.31867533922195435,-0.1803537756204605,-0.9464982748031616,-0.07558450847864151,-0.4095648527145386,0.07259419560432434,-0.9062415361404419
1578998488.994197,world,-0.3185347020626068,-0.18027760088443756,-0.9462203979492188,-0.07557709515094757,-0.4100225567817688,0.07225923240184784,-0.9060618877410889
1578998489.0044758,world,-0.3182348906993866,-0.18013295531272888,-0.9457917213439941,-0.07652371376752853,-0.41041213274002075,0.07269289344549179,-0.9057714939117432
1578998489.0045714,world,-0.3182050883769989,-0.1800784021615982,-0.9456561803817749,-0.07688736915588379,-0.4105035960674286,0.07227123528718948,-0.9057329893112183
1578998489.0152318,world,-0.31814977526664734,-0.1800122708082199,-0.9454544186592102,-0.07666463404893875,-0.41099780797958374,0.07194635272026062,-0.9055535793304443
1578998489.0249221,world,-0.31800055503845215,-0.17988520860671997,-0.9451072216033936,-0.07745514065027237,-0.4111458361148834,0.07183075696229935,-0.9054281711578369
1578998489.0337849,world,-0.3178929388523102,-0.1797955483198166,-0.9448742866516113,-0.07770974189043045,-0.4114193618297577,0.07160832732915878,-0.905299723148346
1578998489.0441363,world,-0.31775572896003723,-0.17965348064899445,-0.944607675075531,-0.07831777632236481,-0.4116537570953369,0.07158856093883514,-0.9051423668861389
1578998489.0543606,world,-0.3176507353782654,-0.17954573035240173,-0.9443775415420532,-0.0786450132727623,-0.4119407534599304,0.07142634689807892,-0.9049961566925049
1578998489.0647194,world,-0.3175646662712097,-0.1793588250875473,-0.9441685676574707,-0.07892533391714096,-0.41233623027801514,0.07097933441400528,-0.9048268795013428
1578998489.0647647,world,-0.31741344928741455,-0.1792624294757843,-0.9438706636428833,-0.07896764576435089,-0.41287389397621155,0.07060933113098145,-0.9046069383621216
1578998489.08446,world,-0.3172416090965271,-0.17918388545513153,-0.9435717463493347,-0.07935662567615509,-0.4134310185909271,0.07034005969762802,-0.9043393731117249
1578998489.0844812,world,-0.31713128089904785,-0.17909729480743408,-0.9434118270874023,-0.07960893958806992,-0.4137912392616272,0.07011783123016357,-0.9041696190834045
1578998489.0947585,world,-0.3170364499092102,-0.17900827527046204,-0.9432152509689331,-0.07973463833332062,-0.4141635298728943,0.06991224735975266,-0.9040040373802185
1578998489.1038842,world,-0.3167998492717743,-0.17888149619102478,-0.9428927302360535,-0.08026676625013351,-0.4147505760192871,0.07012149691581726,-0.9036715030670166
1578998489.114184,world,-0.3166865110397339,-0.17880019545555115,-0.942766010761261,-0.08045382052659988,-0.4150005280971527,0.07006039470434189,-0.9035449028015137
1578998489.1142008,world,-0.3166418671607971,-0.1786556839942932,-0.9427322745323181,-0.08053109049797058,-0.4152253270149231,0.06990231573581696,-0.9034470319747925
1578998489.1260266,world,-0.3164910674095154,-0.17860504984855652,-0.9426313638687134,-0.0808839425444603,-0.41558143496513367,0.0699448511004448,-0.9032484292984009
1578998489.134836,world,-0.316320538520813,-0.17853757739067078,-0.9424691796302795,-0.080769382417202,-0.41596147418022156,0.06976989656686783,-0.9030972123146057
1578998489.144282,world,-0.31613850593566895,-0.17848898470401764,-0.9423012137413025,-0.08062165230512619,-0.4163603186607361,0.06945312768220901,-0.9029510617256165
1578998489.1545348,world,-0.3160136342048645,-0.17841950058937073,-0.9422380924224854,-0.08041654527187347,-0.41655001044273376,0.06928694993257523,-0.9028945565223694
1578998489.1639884,world,-0.31587764620780945,-0.17834271490573883,-0.9421467781066895,-0.08053034543991089,-0.41677126288414,0.06925021857023239,-0.9027851223945618
1578998489.174455,world,-0.31561940908432007,-0.1782645881175995,-0.9419690370559692,-0.08036888390779495,-0.4167461693286896,0.06896668672561646,-0.9028329253196716
1578998489.1744719,world,-0.3153352439403534,-0.17824098467826843,-0.941789984703064,-0.0804421603679657,-0.4168890416622162,0.06921538710594177,-0.9027413129806519
1578998489.1847107,world,-0.31516560912132263,-0.17819593846797943,-0.9418275356292725,-0.08042605221271515,-0.41695770621299744,0.06938276439905167,-0.9026981592178345
1578998489.194332,world,-0.31500014662742615,-0.1781505048274994,-0.9418439865112305,-0.08037670701742172,-0.4170376658439636,0.06955097615718842,-0.9026528000831604
1578998489.2046793,world,-0.3148236572742462,-0.1780504286289215,-0.941865086555481,-0.08011393994092941,-0.41710394620895386,0.06990646570920944,-0.9026179313659668
1578998489.2147162,world,-0.3144966661930084,-0.1780429184436798,-0.9417162537574768,-0.07975974678993225,-0.41712650656700134,0.06987817585468292,-0.9026411175727844
1578998489.2241466,world,-0.31433698534965515,-0.177992045879364,-0.9417648911476135,-0.07964387536048889,-0.4171326756477356,0.06995093077421188,-0.9026428461074829
1578998489.2241595,world,-0.3141653835773468,-0.17794929444789886,-0.9418028593063354,-0.07946661859750748,-0.4171319305896759,0.06997892260551453,-0.9026567339897156
1578998489.2361572,world,-0.3139619827270508,-0.17786239087581635,-0.9419260621070862,-0.07968506217002869,-0.4170782268047333,0.07029052823781967,-0.9026379585266113
1578998489.2446713,world,-0.31383514404296875,-0.17784033715724945,-0.9421621561050415,-0.07945138216018677,-0.4170420169830322,0.07020308822393417,-0.9026821255683899
1578998489.2538643,world,-0.3136855363845825,-0.17775952816009521,-0.9422430396080017,-0.0790497437119484,-0.4169751703739166,0.07023406773805618,-0.9027459025382996
1578998489.2538846,world,-0.3135361969470978,-0.1777341067790985,-0.9423127770423889,-0.07885770499706268,-0.4169352352619171,0.07031404972076416,-0.9027748107910156
1578998489.2673745,world,-0.31327518820762634,-0.17768965661525726,-0.942298948764801,-0.07898147404193878,-0.4171582758426666,0.07078196108341217,-0.9026244878768921
1578998489.2745667,world,-0.3130105435848236,-0.17764511704444885,-0.9423795938491821,-0.07866523414850235,-0.4168422222137451,0.07071886956691742,-0.9028029441833496
1578998489.284788,world,-0.31275853514671326,-0.1776375025510788,-0.942432701587677,-0.07844480872154236,-0.41661572456359863,0.0709465816617012,-0.9029088020324707
1578998489.294157,world,-0.3126032054424286,-0.17760619521141052,-0.9425690770149231,-0.07831023633480072,-0.4166002869606018,0.07116562128067017,-0.9029104113578796
1578998489.3042922,world,-0.31230640411376953,-0.1775902360677719,-0.9425613880157471,-0.07816913723945618,-0.41634389758110046,0.07137545943260193,-0.9030243158340454
1578998489.3147397,world,-0.3121412992477417,-0.17755572497844696,-0.9427840709686279,-0.07813221216201782,-0.4163779616355896,0.07169362902641296,-0.9029867053031921
1578998489.3148007,world,-0.3119395971298218,-0.17748205363750458,-0.9428536891937256,-0.07764911651611328,-0.41646164655685425,0.07165737450122833,-0.9029926061630249
1578998489.3250825,world,-0.3116320073604584,-0.17741787433624268,-0.942814826965332,-0.07771971821784973,-0.4164925813674927,0.07170240581035614,-0.9029686450958252
1578998489.334351,world,-0.3115018606185913,-0.17736995220184326,-0.9430932402610779,-0.07768344134092331,-0.41633349657058716,0.07190512865781784,-0.9030289649963379
1578998489.34469,world,-0.31126725673675537,-0.17732775211334229,-0.9431349039077759,-0.07777595520019531,-0.41656920313835144,0.07217216491699219,-0.9028910398483276
1578998489.3553374,world,-0.31109151244163513,-0.1772916316986084,-0.943358838558197,-0.07770135253667831,-0.41660353541374207,0.07234759628772736,-0.9028675556182861
1578998489.3554223,world,-0.31091439723968506,-0.1772637963294983,-0.943527102470398,-0.0776621550321579,-0.41677334904670715,0.0724790170788765,-0.9027820229530334
1578998489.3753376,world,-0.3106362223625183,-0.17717276513576508,-0.9436688423156738,-0.07795260846614838,-0.4169495105743408,0.0729348435997963,-0.9026389122009277
1578998489.3754325,world,-0.3103561997413635,-0.17711924016475677,-0.9436885714530945,-0.07778484374284744,-0.41699081659317017,0.07278062403202057,-0.9026467800140381
1578998489.38677,world,-0.3100944459438324,-0.1770952343940735,-0.9437117576599121,-0.07757645100355148,-0.4173993766307831,0.07263149321079254,-0.9024878740310669
1578998489.394696,world,-0.3098112940788269,-0.17709247767925262,-0.9437336325645447,-0.0775071531534195,-0.41756829619407654,0.07266224175691605,-0.9024132490158081
1578998489.4038088,world,-0.3094632625579834,-0.17705391347408295,-0.9436850547790527,-0.07796340435743332,-0.41817381978034973,0.07316414266824722,-0.9020528793334961
1578998489.4143076,world,-0.30926135182380676,-0.17705972492694855,-0.9439606070518494,-0.07795096188783646,-0.4184911251068115,0.07307225465774536,-0.9019142985343933
1578998489.414321,world,-0.3089383840560913,-0.1770445555448532,-0.9441083669662476,-0.07828987389802933,-0.41872408986091614,0.07339821010828018,-0.9017502665519714
1578998489.4244635,world,-0.3086816370487213,-0.17704854905605316,-0.9441708326339722,-0.07814913243055344,-0.4193108379840851,0.07327630370855331,-0.9014997482299805
1578998489.4348168,world,-0.3083219826221466,-0.177047997713089,-0.9441137909889221,-0.07852314412593842,-0.42004287242889404,0.0736292228102684,-0.9010975956916809
1578998489.4441407,world,-0.3081282079219818,-0.17709389328956604,-0.9443718791007996,-0.07872084528207779,-0.4202471673488617,0.0735759511590004,-0.9009894728660583
1578998489.45444,world,-0.30789878964424133,-0.17711447179317474,-0.9445329308509827,-0.07892592251300812,-0.42072319984436035,0.07365933060646057,-0.9007425308227539
1578998489.4544845,world,-0.3076706826686859,-0.17714355885982513,-0.9447980523109436,-0.07916809618473053,-0.42122116684913635,0.07382114231586456,-0.9004752039909363
1578998489.4762006,world,-0.30739274621009827,-0.17720873653888702,-0.9450125694274902,-0.07911504060029984,-0.4218735098838806,0.07365672290325165,-0.9001879096031189
1578998489.476221,world,-0.3070005476474762,-0.17724943161010742,-0.9450041055679321,-0.07975746691226959,-0.422651469707489,0.07400833815336227,-0.8997372984886169
1578998489.486662,world,-0.3067183792591095,-0.1773153692483902,-0.9450955390930176,-0.07985683530569077,-0.42313137650489807,0.07388696819543839,-0.8995128870010376
1578998489.4948587,world,-0.30647894740104675,-0.17737169563770294,-0.9452686309814453,-0.07999744266271591,-0.4234871566295624,0.07395229488611221,-0.8993275761604309
1578998489.5043318,world,-0.3061218857765198,-0.17743153870105743,-0.9454323649406433,-0.07991483062505722,-0.42392557859420776,0.0736582800745964,-0.8991525173187256
1578998489.5147452,world,-0.3054860532283783,-0.17753086984157562,-0.9451764822006226,-0.0803728699684143,-0.4244193136692047,0.07403814792633057,-0.8988474607467651
1578998489.523951,world,-0.3052186071872711,-0.1776329129934311,-0.9454202055931091,-0.0805375948548317,-0.4245429039001465,0.07408592104911804,-0.8987703919410706
1578998489.5239627,world,-0.30503278970718384,-0.17780810594558716,-0.945806622505188,-0.0804818645119667,-0.42477351427078247,0.07389157265424728,-0.8986825942993164
1578998489.5345607,world,-0.30479180812835693,-0.17792698740959167,-0.9460736513137817,-0.08071371167898178,-0.42498359084129333,0.07394769787788391,-0.8985577821731567
1578998489.5447967,world,-0.30451956391334534,-0.17807181179523468,-0.9463822245597839,-0.0807114839553833,-0.4255833923816681,0.07375636696815491,-0.8982897996902466
1578998489.554091,world,-0.3041052520275116,-0.1782354712486267,-0.9463920593261719,-0.08119034767150879,-0.4262177348136902,0.07410353422164917,-0.8979172110557556
1578998489.564387,world,-0.3037533462047577,-0.1784803867340088,-0.9465846419334412,-0.08128104358911514,-0.4261191487312317,0.07395049184560776,-0.8979684710502625
1578998489.564406,world,-0.30345138907432556,-0.17864090204238892,-0.9467332363128662,-0.08149055391550064,-0.42635563015937805,0.0739341527223587,-0.8978384733200073
1578998489.575375,world,-0.30293700098991394,-0.17875292897224426,-0.9468249678611755,-0.08227871358394623,-0.42611247301101685,0.07409235835075378,-0.8978690505027771
1578998489.584677,world,-0.30257683992385864,-0.1789691299200058,-0.9471583366394043,-0.08225155621767044,-0.4264894127845764,0.07386591285467148,-0.8977111577987671
1578998489.594075,world,-0.30211973190307617,-0.17917907238006592,-0.9472399950027466,-0.08276934176683426,-0.4270460903644562,0.07412249594926834,-0.8973777890205383
1578998489.6048667,world,-0.3018442988395691,-0.1793564110994339,-0.9474453330039978,-0.08294478058815002,-0.4271879494190216,0.07417118549346924,-0.8972899913787842
1578998489.6048949,world,-0.3014671206474304,-0.1796128898859024,-0.9476149678230286,-0.08297111093997955,-0.4272492527961731,0.07409138232469559,-0.8972649574279785
1578998489.6148608,world,-0.3008788228034973,-0.17992013692855835,-0.9477571845054626,-0.08298852294683456,-0.426931232213974,0.07424680143594742,-0.8974018692970276
1578998489.6239762,world,-0.30031198263168335,-0.18029364943504333,-0.9478449821472168,-0.08339902013540268,-0.4273632764816284,0.07459233701229095,-0.897129476070404
1578998489.6343484,world,-0.3000403940677643,-0.18042656779289246,-0.9481034874916077,-0.0838947743177414,-0.42790234088897705,0.07444322109222412,-0.8968386054039001
1578998489.6446474,world,-0.2992689609527588,-0.18078747391700745,-0.9479115009307861,-0.08387745171785355,-0.42730072140693665,0.07468391954898834,-0.8971071243286133
1578998489.6547923,world,-0.2989746332168579,-0.18107551336288452,-0.9483243823051453,-0.0840802937746048,-0.4276420474052429,0.07454809546470642,-0.8969366550445557
1578998489.6548069,world,-0.29842305183410645,-0.18135032057762146,-0.9485398530960083,-0.0844377875328064,-0.42834219336509705,0.07494542747735977,-0.8965358138084412
1578998489.6660128,world,-0.2980784773826599,-0.18157555162906647,-0.9488511681556702,-0.08440632373094559,-0.42871934175491333,0.07467228174209595,-0.8963812589645386
1578998489.6743522,world,-0.2977564036846161,-0.18183152377605438,-0.949286699295044,-0.08446591347455978,-0.4288499057292938,0.07472997903823853,-0.8963083624839783
1578998490.6848264,world,-0.2623535096645355,-0.19092825055122375,-0.9841493368148804,-0.09896944463253021,-0.4628496766090393,0.07693305611610413,-0.877528727054596
1578998490.6848423,world,-0.26157498359680176,-0.19099785387516022,-0.9857832789421082,-0.09886234253644943,-0.46384280920028687,0.07686323672533035,-0.8770223259925842
1578998490.6851053,world,-0.26120489835739136,-0.19105778634548187,-0.986594557762146,-0.09813763201236725,-0.46459683775901794,0.07658421993255615,-0.8767290711402893
1578998490.6851165,world,-0.2588529586791992,-0.19153159856796265,-0.991763174533844,-0.09524445235729218,-0.46685484051704407,0.07468853890895844,-0.876011848449707
1578998490.6851215,world,-0.2580738365650177,-0.19157764315605164,-0.9921550750732422,-0.09528974443674088,-0.466990202665329,0.0746355652809143,-0.8759392499923706
1578998490.6851294,world,-0.254721999168396,-0.19240716099739075,-0.9993471503257751,-0.09448079764842987,-0.46916264295578003,0.07442544400691986,-0.8748832941055298
1578998490.685134,world,-0.2544257938861847,-0.19264239072799683,-1.0003401041030884,-0.09362997114658356,-0.46957647800445557,0.07384943962097168,-0.8748015761375427
1578998490.6851497,world,-0.2516418397426605,-0.19360680878162384,-1.0057647228240967,-0.09323200583457947,-0.4704512357711792,0.07476036250591278,-0.8742964863777161
1578998490.6856668,world,-0.2512640953063965,-0.19378812611103058,-1.006748914718628,-0.09303418546915054,-0.47079163789749146,0.07488062977790833,-0.8741239905357361
1578998490.6856785,world,-0.25088974833488464,-0.19400975108146667,-1.0076762437820435,-0.0924166589975357,-0.4711913466453552,0.07446543127298355,-0.8740096688270569
1578998490.6856868,world,-0.24982589483261108,-0.19434092938899994,-1.0094319581985474,-0.09292474389076233,-0.4709102511405945,0.07510439306497574,-0.8740526437759399
1578998490.685693,world,-0.2494499534368515,-0.19452226161956787,-1.0104973316192627,-0.09259688854217529,-0.47132793068885803,0.07493855059146881,-0.8738765120506287
1578998490.685699,world,-0.24711264669895172,-0.19523492455482483,-1.0148214101791382,-0.09227050095796585,-0.47219499945640564,0.07506581395864487,-0.8734318017959595
1578998491.9049668,world,-0.18466104567050934,-0.18822671473026276,-1.1193205118179321,-0.09284843504428864,-0.5084943175315857,0.09764019399881363,-0.8504582047462463
1578998491.9049857,world,-0.18429845571517944,-0.1880679428577423,-1.1203205585479736,-0.0928158313035965,-0.5087704062461853,0.09797854721546173,-0.8502576351165771
1578998491.904997,world,-0.1806313842535019,-0.18640273809432983,-1.12842857837677,-0.0918983668088913,-0.5130078792572021,0.09921549260616302,-0.8476638793945312
1578998491.9050105,world,-0.18036845326423645,-0.1862182766199112,-1.1296077966690063,-0.09153818339109421,-0.5134658217430115,0.09935705363750458,-0.8474088907241821
1578998491.9050212,world,-0.17873963713645935,-0.1855272352695465,-1.1329870223999023,-0.09095506370067596,-0.5148350596427917,0.100620798766613,-0.8464912176132202
1578998491.9143221,world,-0.17823636531829834,-0.18528759479522705,-1.1340084075927734,-0.0913066416978836,-0.5149573683738708,0.10123800486326218,-0.8463054895401001
1578998491.925258,world,-0.1779533475637436,-0.185089573264122,-1.1349729299545288,-0.09130636602640152,-0.515247642993927,0.10150987654924393,-0.8460963368415833
1578998491.93374,world,-0.1776474118232727,-0.18480633199214935,-1.1356396675109863,-0.09082070738077164,-0.5159752368927002,0.10101266205310822,-0.8457645177841187
1578998491.9440918,world,-0.17713767290115356,-0.1845301389694214,-1.1366243362426758,-0.0907130241394043,-0.5157995820045471,0.10113402456045151,-0.8458688259124756
1578998492.6146874,world,-0.16024132072925568,-0.15319789946079254,-1.1901894807815552,-0.07185783982276917,-0.5222004652023315,0.11240959167480469,-0.842322587966919
1578998492.6147895,world,-0.1601674109697342,-0.15257088840007782,-1.1907085180282593,-0.07141239941120148,-0.5221722722053528,0.11244075000286102,-0.842373788356781
1578998492.6148002,world,-0.1597691774368286,-0.15043261647224426,-1.1917624473571777,-0.07036220282316208,-0.5223855376243591,0.11218539625406265,-0.8423638939857483
1578998492.623986,world,-0.15966635942459106,-0.14965850114822388,-1.1923065185546875,-0.07032445073127747,-0.5225619673728943,0.1125643253326416,-0.8422070741653442
1578998492.6240547,world,-0.1595418006181717,-0.14901293814182281,-1.1926661729812622,-0.07001372426748276,-0.5226605534553528,0.11235616356134415,-0.8421996831893921
1578998492.6350653,world,-0.1594294309616089,-0.14832787215709686,-1.1928637027740479,-0.06951984763145447,-0.5229932069778442,0.1122862696647644,-0.8420432806015015
1578998492.6446996,world,-0.15925541520118713,-0.14753234386444092,-1.1930910348892212,-0.06891850382089615,-0.5231720805168152,0.11209020018577576,-0.8420077562332153
1578998492.6540573,world,-0.1593102663755417,-0.14681071043014526,-1.193691372871399,-0.06864789873361588,-0.5235888957977295,0.11202479898929596,-0.8417794108390808
1578998492.6645405,world,-0.15924084186553955,-0.1461029201745987,-1.1939383745193481,-0.06832386553287506,-0.5238166451454163,0.1118364930152893,-0.8416892290115356
1578998492.6645558,world,-0.15917666256427765,-0.14522314071655273,-1.1943267583847046,-0.06807702034711838,-0.5238935351371765,0.11179956048727036,-0.8416661620140076
1578998492.6747756,world,-0.159242182970047,-0.1443752497434616,-1.19466233253479,-0.06780976057052612,-0.5241764783859253,0.11117184162139893,-0.8415947556495667
1578998492.6840441,world,-0.15920329093933105,-0.14365631341934204,-1.1949865818023682,-0.06756437569856644,-0.5242979526519775,0.11089657247066498,-0.8415751457214355
1578998492.6943474,world,-0.1590510457754135,-0.14269405603408813,-1.1951313018798828,-0.06733598560094833,-0.5240916609764099,0.11065184324979782,-0.841754138469696
1578998492.7049499,world,-0.15908873081207275,-0.14181889593601227,-1.1956676244735718,-0.06720088422298431,-0.5242881774902344,0.11017868667840958,-0.8417046666145325
1578998492.7142158,world,-0.15890240669250488,-0.1409766972064972,-1.1958565711975098,-0.06733576953411102,-0.524033784866333,0.11044472455978394,-0.8418174386024475
1578998492.7244546,world,-0.1586781144142151,-0.14002582430839539,-1.1959675550460815,-0.06715776026248932,-0.5237751007080078,0.1104176715016365,-0.8419960737228394
1578998492.724476,world,-0.1587306559085846,-0.1391601860523224,-1.1964668035507202,-0.0671982392668724,-0.5239408016204834,0.1104559525847435,-0.8418848514556885
1578998492.7346969,world,-0.15845756232738495,-0.1382228583097458,-1.1964757442474365,-0.06679028272628784,-0.5234715938568115,0.11077742278575897,-0.8421667814254761
1578998492.7543166,world,-0.1584039032459259,-0.1372474581003189,-1.196726679801941,-0.0667133703827858,-0.5234343409538269,0.11025478690862656,-0.8422646522521973
1578998492.7543359,world,-0.15829114615917206,-0.13624945282936096,-1.196860909461975,-0.06656131148338318,-0.5232085585594177,0.11003826558589935,-0.8424453139305115
1578998492.7648454,world,-0.15820790827274323,-0.13526850938796997,-1.1971274614334106,-0.06648647040128708,-0.5230405926704407,0.10980040580034256,-0.8425864577293396
1578998492.764863,world,-0.15808291733264923,-0.13429026305675507,-1.197309970855713,-0.0664372369647026,-0.52271968126297,0.10906653851270676,-0.8428847789764404
1578998492.774283,world,-0.15780261158943176,-0.13316798210144043,-1.197379469871521,-0.06642509996891022,-0.5224230885505676,0.10885228961706161,-0.8430973291397095
1578998492.7847142,world,-0.15755876898765564,-0.13225103914737701,-1.1972830295562744,-0.06626565009355545,-0.522306501865387,0.10829556733369827,-0.8432536721229553
1578998492.7948208,world,-0.15752406418323517,-0.13110879063606262,-1.1975951194763184,-0.06636282801628113,-0.5225009918212891,0.10813085734844208,-0.843146800994873
1578998492.8040862,world,-0.15723839402198792,-0.13018831610679626,-1.1974440813064575,-0.06636953353881836,-0.5223649144172668,0.10874408483505249,-0.8431517481803894
1578998492.8247435,world,-0.1570948213338852,-0.1290869265794754,-1.1976094245910645,-0.06612004339694977,-0.5223172307014465,0.10828203707933426,-0.8432603478431702
1578998492.8247752,world,-0.1570933610200882,-0.12806399166584015,-1.197935938835144,-0.06577417254447937,-0.5224987864494324,0.10834090411663055,-0.8431673049926758
1578998492.8247821,world,-0.15707795321941376,-0.12709225714206696,-1.19818913936615,-0.06517858058214188,-0.5225608348846436,0.10779298841953278,-0.843245267868042
1578998492.8340533,world,-0.15694797039031982,-0.12591640651226044,-1.1983858346939087,-0.0653102844953537,-0.5226044058799744,0.10748086124658585,-0.8432479500770569
1578998492.8452568,world,-0.1568438857793808,-0.1249241903424263,-1.1984554529190063,-0.06518351286649704,-0.5226835012435913,0.10709541290998459,-0.8432577848434448
1578998492.854866,world,-0.1565869003534317,-0.12384658306837082,-1.1983516216278076,-0.06514438986778259,-0.5226323008537292,0.10650581866502762,-0.8433672785758972
1578998492.864031,world,-0.15649044513702393,-0.12277989089488983,-1.1985852718353271,-0.0650663748383522,-0.522808313369751,0.10639127343893051,-0.8432785272598267
1578998492.8640416,world,-0.1564483642578125,-0.1217234805226326,-1.1987521648406982,-0.06507502496242523,-0.5229778289794922,0.10582220554351807,-0.8432444930076599
1578998492.8850567,world,-0.1562226414680481,-0.1206422969698906,-1.1986297369003296,-0.06446190923452377,-0.5234879851341248,0.1057242900133133,-0.8429872393608093
1578998492.8850825,world,-0.156204491853714,-0.11965953558683395,-1.1988698244094849,-0.06408137828111649,-0.5236364006996155,0.10536276549100876,-0.8429693579673767
1578998492.904281,world,-0.15605641901493073,-0.11848944425582886,-1.1989268064498901,-0.06399153172969818,-0.5239455699920654,0.10551121085882187,-0.8427653908729553
1578998492.904303,world,-0.15594954788684845,-0.1174907311797142,-1.198917269706726,-0.06393279880285263,-0.5241249203681946,0.1052437275648117,-0.8426917195320129
1578998492.9043252,world,-0.15586979687213898,-0.11637525260448456,-1.1991076469421387,-0.06367925554513931,-0.5242477059364319,0.10479382425546646,-0.842690646648407
1578998492.9260721,world,-0.1557513326406479,-0.11530554294586182,-1.1991013288497925,-0.06374745070934296,-0.5242792963981628,0.10478316992521286,-0.8426672220230103
1578998492.9261017,world,-0.15568579733371735,-0.11434715986251831,-1.1991878747940063,-0.06368226557970047,-0.5244897603988647,0.10445846617221832,-0.842581570148468
1578998492.9340308,world,-0.15550607442855835,-0.11318884044885635,-1.1992089748382568,-0.06349607557058334,-0.5244224071502686,0.10393429547548294,-0.842702329158783
1578998492.946594,world,-0.15535329282283783,-0.11219338327646255,-1.1990846395492554,-0.06362615525722504,-0.5244843363761902,0.10392648726701736,-0.8426548838615417
1578998492.9545567,world,-0.15525202453136444,-0.11123348027467728,-1.1991115808486938,-0.06311369687318802,-0.5245236158370972,0.10348157584667206,-0.8427237272262573
1578998492.9545958,world,-0.1551823765039444,-0.11015777289867401,-1.1990514993667603,-0.06277511268854141,-0.5249516367912292,0.10315540432929993,-0.8425225019454956
1578998492.9744053,world,-0.15517862141132355,-0.10923239588737488,-1.1991071701049805,-0.06205383315682411,-0.5250877141952515,0.10267317295074463,-0.8425500392913818
1578998492.9744265,world,-0.15514199435710907,-0.10806874185800552,-1.1991404294967651,-0.06221754103899002,-0.5251304507255554,0.10238569229841232,-0.8425463438034058
1578998492.9850144,world,-0.155106320977211,-0.10714446008205414,-1.199101448059082,-0.061971742659807205,-0.5251626372337341,0.10204103589057922,-0.8425861597061157
1578998492.9962597,world,-0.15497571229934692,-0.10610883682966232,-1.1989575624465942,-0.06172439455986023,-0.524967610836029,0.10160082578659058,-0.8427790403366089
1578998493.0043507,world,-0.15500938892364502,-0.10504057258367538,-1.199025273323059,-0.06191864237189293,-0.525104820728302,0.1014973446726799,-0.8426917195320129
1578998493.0152984,world,-0.15492387115955353,-0.10417638719081879,-1.1989495754241943,-0.06160808727145195,-0.5250207185745239,0.1013760045170784,-0.8427814841270447
1578998493.0153153,world,-0.15486370027065277,-0.10300550609827042,-1.1988716125488281,-0.06223005801439285,-0.5250001549720764,0.10139802098274231,-0.8427460193634033
1578998493.0248427,world,-0.15480585396289825,-0.10217339545488358,-1.1987760066986084,-0.06182457506656647,-0.5249037146568298,0.10135453939437866,-0.8428410291671753
1578998493.044406,world,-0.15477608144283295,-0.1011747196316719,-1.1986943483352661,-0.06173909083008766,-0.5247923731803894,0.10146772116422653,-0.8429030776023865
1578998493.0549564,world,-0.15481750667095184,-0.10015486180782318,-1.1986397504806519,-0.061323437839746475,-0.5248006582260132,0.10098139196634293,-0.8429866433143616
1578998493.0550187,world,-0.15468765795230865,-0.09930270165205002,-1.198344111442566,-0.06082646921277046,-0.5244957804679871,0.10058009624481201,-0.8432604074478149
1578998493.064157,world,-0.15471866726875305,-0.09822234511375427,-1.1982256174087524,-0.060756880789995193,-0.5243961811065674,0.1003219410777092,-0.8433580994606018
1578998493.0745332,world,-0.1547464281320572,-0.09739793092012405,-1.1980922222137451,-0.06074460223317146,-0.5243056416511536,0.0999319776892662,-0.8434615135192871
1578998493.0847743,world,-0.154727503657341,-0.09637179225683212,-1.1977473497390747,-0.06065930426120758,-0.5241137146949768,0.09957313537597656,-0.8436294198036194
1578998493.094178,world,-0.15477459132671356,-0.09541835635900497,-1.197460412979126,-0.06065184995532036,-0.5240564942359924,0.09916359931230545,-0.8437137007713318
1578998493.0941963,world,-0.15479198098182678,-0.0944933071732521,-1.1971757411956787,-0.06043196842074394,-0.5238593816757202,0.09882549196481705,-0.8438915610313416
1578998493.1048076,world,-0.15477809309959412,-0.09362660348415375,-1.196919560432434,-0.060438673943281174,-0.523724377155304,0.09863569587469101,-0.8439970016479492
1578998493.1148903,world,-0.1549319326877594,-0.09263890236616135,-1.1968680620193481,-0.059963323175907135,-0.523473858833313,0.09817734360694885,-0.8442397117614746
1578998493.1240668,world,-0.15489812195301056,-0.09172741323709488,-1.1965006589889526,-0.0600394643843174,-0.5233646035194397,0.09829375147819519,-0.8442885875701904
1578998493.1240828,world,-0.155009463429451,-0.09085019677877426,-1.1964036226272583,-0.06009240821003914,-0.5231177806854248,0.0979999229311943,-0.8444718718528748
1578998493.1344583,world,-0.15521995723247528,-0.08989687263965607,-1.1962366104125977,-0.05933684855699539,-0.5228915214538574,0.0969405472278595,-0.84478759765625
1578998493.1444733,world,-0.15532542765140533,-0.0889861062169075,-1.1959617137908936,-0.05939028412103653,-0.5225372910499573,0.09650617092847824,-0.8450528383255005
1578998493.154749,world,-0.1554633229970932,-0.08801202476024628,-1.195799469947815,-0.05966087430715561,-0.5222488045692444,0.09603390097618103,-0.8452658653259277
1578998493.1643846,world,-0.15547707676887512,-0.08709711581468582,-1.1955002546310425,-0.05998098477721214,-0.5219905972480774,0.09605320543050766,-0.8454004526138306
1578998493.1753354,world,-0.15554232895374298,-0.08625584840774536,-1.1951749324798584,-0.06001711264252663,-0.5218399167060852,0.09567923843860626,-0.8455333113670349
1578998493.184502,world,-0.15560132265090942,-0.08531933277845383,-1.1947613954544067,-0.05978451669216156,-0.5215933322906494,0.09539446234703064,-0.845734179019928
1578998493.1847782,world,-0.15573638677597046,-0.08435084670782089,-1.1943700313568115,-0.05964162200689316,-0.5216274857521057,0.09507809579372406,-0.8457587957382202
1578998493.1949337,world,-0.1558128446340561,-0.08357744663953781,-1.1939218044281006,-0.05931472033262253,-0.5213712453842163,0.09472066909074783,-0.8459798693656921
1578998493.2039254,world,-0.15598630905151367,-0.08257617801427841,-1.193717360496521,-0.05913161113858223,-0.5211320519447327,0.09429719299077988,-0.8461872339248657
1578998493.2144046,world,-0.1562058925628662,-0.08175703883171082,-1.1935442686080933,-0.05869746953248978,-0.5209231972694397,0.09331706166267395,-0.8464547395706177
1578998493.2144196,world,-0.15633735060691833,-0.08095116913318634,-1.1932260990142822,-0.058504603803157806,-0.5206956267356873,0.09268757700920105,-0.8466771841049194
1578998493.2248116,world,-0.15640416741371155,-0.07998502999544144,-1.1927493810653687,-0.05909697338938713,-0.5204660296440125,0.09205813705921173,-0.8468458652496338
1578998493.2341003,world,-0.15650302171707153,-0.07914664596319199,-1.1924669742584229,-0.058755531907081604,-0.5201940536499023,0.09172604233026505,-0.8470728993415833
1578998493.2444367,world,-0.15658067166805267,-0.0782087966799736,-1.1921299695968628,-0.05928191542625427,-0.520018994808197,0.09145840257406235,-0.8471726179122925
1578998493.25491,world,-0.15669655799865723,-0.07738419622182846,-1.1918387413024902,-0.05982993170619011,-0.5194336771965027,0.09163802862167358,-0.8474736213684082
1578998493.254977,world,-0.15685787796974182,-0.07649394124746323,-1.1914621591567993,-0.05926429107785225,-0.5192809700965881,0.09108568727970123,-0.8476665019989014
1578998493.2746096,world,-0.1571171134710312,-0.07561257481575012,-1.1913058757781982,-0.059257302433252335,-0.5190165638923645,0.09013162553310394,-0.8479308485984802
1578998493.274629,world,-0.1572299599647522,-0.07482527941465378,-1.1909798383712769,-0.05917739495635033,-0.5186863541603088,0.08946195244789124,-0.8482093214988708
1578998493.283813,world,-0.1573246866464615,-0.07396325469017029,-1.1905567646026611,-0.059407930821180344,-0.5184453725814819,0.08861147612333298,-0.8484298586845398
1578998493.2984185,world,-0.15733475983142853,-0.07279142737388611,-1.1900385618209839,-0.059824611991643906,-0.5179830193519592,0.08769365400075912,-0.848778247833252
1578998493.3062425,world,-0.15734615921974182,-0.0719534307718277,-1.1896106004714966,-0.060130272060632706,-0.5176911354064941,0.08732447773218155,-0.848972737789154
1578998493.3145134,world,-0.15737280249595642,-0.07093913108110428,-1.1892707347869873,-0.06072071194648743,-0.517461895942688,0.08672523498535156,-0.8491320013999939
1578998493.314535,world,-0.15736638009548187,-0.06997760385274887,-1.189027190208435,-0.061332542449235916,-0.5173678398132324,0.08694926649332047,-0.8491224050521851
1578998493.3249152,world,-0.15729260444641113,-0.06903427839279175,-1.1885027885437012,-0.06172684580087662,-0.5171193480491638,0.08714043349027634,-0.8492254614830017
1578998493.3341804,world,-0.15731756389141083,-0.06814008951187134,-1.1882532835006714,-0.06152678281068802,-0.516948938369751,0.08667633682489395,-0.8493913412094116
1578998493.3444932,world,-0.15732817351818085,-0.06705333292484283,-1.1879668235778809,-0.06192530319094658,-0.5169855356216431,0.08732160925865173,-0.8492738604545593
1578998493.354825,world,-0.15738902986049652,-0.06619447469711304,-1.1875393390655518,-0.06197093427181244,-0.5170472264289856,0.08711444586515427,-0.8492543697357178
1578998493.364045,world,-0.15738779306411743,-0.06522347033023834,-1.1872179508209229,-0.061564430594444275,-0.5169557929039001,0.08675804734230042,-0.8493759632110596
1578998493.3743906,world,-0.1575690060853958,-0.06415656208992004,-1.187097430229187,-0.06192871928215027,-0.517078161239624,0.08652898669242859,-0.849298357963562
1578998493.37441,world,-0.15777628123760223,-0.06323327124118805,-1.1869491338729858,-0.061759620904922485,-0.516738772392273,0.0857853814959526,-0.8495926260948181
1578998493.38523,world,-0.15796546638011932,-0.062102071940898895,-1.1868051290512085,-0.06185877323150635,-0.5169206261634827,0.0853412076830864,-0.849519670009613
1578998493.3952198,world,-0.15821175277233124,-0.06119184195995331,-1.1866679191589355,-0.061658136546611786,-0.5170721411705017,0.08481747657060623,-0.8494943380355835
1578998493.4044871,world,-0.158355712890625,-0.06010432913899422,-1.1863538026809692,-0.06163530796766281,-0.5169470310211182,0.08460452407598495,-0.849593460559845
1578998493.404503,world,-0.15849414467811584,-0.0592338964343071,-1.1862703561782837,-0.06124256178736687,-0.5169723629951477,0.08456723392009735,-0.8496102094650269
1578998493.4158287,world,-0.15879875421524048,-0.058180343359708786,-1.186070442199707,-0.06049361452460289,-0.5171837210655212,0.08382843434810638,-0.8496083617210388
1578998493.4251485,world,-0.15882383286952972,-0.05718214809894562,-1.185814619064331,-0.06058022007346153,-0.5172204375267029,0.08419445157051086,-0.8495436310768127
1578998493.434217,world,-0.15901653468608856,-0.056219324469566345,-1.1857060194015503,-0.05961111560463905,-0.517144501209259,0.08365722745656967,-0.8497114777565002
1578998493.4446452,world,-0.15906599164009094,-0.055181972682476044,-1.185292363166809,-0.05978076905012131,-0.5171153545379639,0.08342061936855316,-0.8497405052185059
1578998493.455122,world,-0.1592213362455368,-0.054194457828998566,-1.1851145029067993,-0.05914809927344322,-0.5169004797935486,0.0832347497344017,-0.8499338626861572
1578998493.4551501,world,-0.15951305627822876,-0.05325137823820114,-1.1850340366363525,-0.05830999091267586,-0.5166932344436646,0.08221574872732162,-0.8502167463302612
1578998493.4748726,world,-0.1596500128507614,-0.05211036279797554,-1.1848379373550415,-0.057970598340034485,-0.5163818001747131,0.08226035535335541,-0.8504248261451721
1578998493.4890242,world,-0.15983113646507263,-0.051150064915418625,-1.1847273111343384,-0.05727106332778931,-0.5163075923919678,0.08188901841640472,-0.8505531549453735
1578998493.4890404,world,-0.15995678305625916,-0.05000753700733185,-1.1845968961715698,-0.05712316557765007,-0.5161582827568054,0.08212288469076157,-0.8506312966346741
1578998493.4946876,world,-0.16011732816696167,-0.04902276769280434,-1.184430718421936,-0.05619068816304207,-0.5160465240478516,0.08180368691682816,-0.850791871547699
1578998493.5041368,world,-0.16027037799358368,-0.04798375815153122,-1.1842232942581177,-0.05575444549322128,-0.5158947110176086,0.08203758299350739,-0.8508901596069336
1578998493.504182,world,-0.16041244566440582,-0.046852756291627884,-1.1840013265609741,-0.05506974458694458,-0.515694797039032,0.08161924034357071,-0.8510960936546326
1578998493.524671,world,-0.16069725155830383,-0.04589210823178291,-1.1839749813079834,-0.054284993559122086,-0.5153266787528992,0.08120140433311462,-0.851409375667572
1578998493.5246885,world,-0.16089890897274017,-0.04476691782474518,-1.1839582920074463,-0.054199256002902985,-0.5148193836212158,0.08148390054702759,-0.8516947031021118
1578998493.533911,world,-0.16102316975593567,-0.043680764734745026,-1.183728814125061,-0.05398258939385414,-0.5144855380058289,0.08151685446500778,-0.8519070148468018
1578998493.5443008,world,-0.16127660870552063,-0.042586978524923325,-1.1837615966796875,-0.053830984979867935,-0.5145216584205627,0.08176372945308685,-0.8518710732460022
1578998493.5546186,world,-0.16122330725193024,-0.04153163358569145,-1.1834301948547363,-0.05328134074807167,-0.5141209363937378,0.08180695027112961,-0.8521434664726257
1578998493.5652292,world,-0.16144752502441406,-0.040431272238492966,-1.1835339069366455,-0.05316603556275368,-0.5143094658851624,0.08217885345220566,-0.8520010709762573
1578998493.5652583,world,-0.16156889498233795,-0.039400674402713776,-1.1834261417388916,-0.05238841101527214,-0.5141347050666809,0.08255982398986816,-0.8521179556846619
1578998493.5742986,world,-0.16148512065410614,-0.038415953516960144,-1.1829297542572021,-0.051776111125946045,-0.5137491822242737,0.08258116245269775,-0.8523857593536377
1578998493.5846784,world,-0.16177068650722504,-0.037235792726278305,-1.1830458641052246,-0.0515768863260746,-0.5139582753181458,0.08263064920902252,-0.8522668480873108
1578998493.5939002,world,-0.16185425221920013,-0.03630514070391655,-1.182774543762207,-0.0508221872150898,-0.5137755274772644,0.08266004174947739,-0.8524196743965149
1578998493.6044023,world,-0.16183394193649292,-0.035221196711063385,-1.182422399520874,-0.05071641877293587,-0.513424277305603,0.08279704302549362,-0.852624237537384
1578998493.6044276,world,-0.16210077702999115,-0.03420724719762802,-1.182436466217041,-0.050331961363554,-0.5135021209716797,0.0824359655380249,-0.8526352047920227
1578998493.6146815,world,-0.1622411608695984,-0.03322887048125267,-1.1823701858520508,-0.050053998827934265,-0.5132766962051392,0.08278028666973114,-0.8527538180351257
1578998493.6238632,world,-0.16228997707366943,-0.032238252460956573,-1.1819179058074951,-0.04990522190928459,-0.5132778286933899,0.08258958160877228,-0.8527803421020508
1578998493.6353724,world,-0.1625751256942749,-0.031219327822327614,-1.1819941997528076,-0.049571990966796875,-0.5133239030838013,0.08291696757078171,-0.8527402877807617
1578998493.6452286,world,-0.16272620856761932,-0.03021610900759697,-1.1818327903747559,-0.049395304173231125,-0.5132339596748352,0.08324163407087326,-0.8527730703353882
1578998493.645251,world,-0.16285216808319092,-0.029338087886571884,-1.181649088859558,-0.04886697977781296,-0.5132479071617126,0.08291660994291306,-0.852826714515686
1578998493.6662827,world,-0.16319917142391205,-0.028317010030150414,-1.1816344261169434,-0.04827677458524704,-0.5135474801063538,0.08306945860385895,-0.8526651263237
1578998493.6663055,world,-0.163380429148674,-0.027419084683060646,-1.1814807653427124,-0.04787231609225273,-0.5137332677841187,0.08273040503263474,-0.8526090979576111
1578998493.6745548,world,-0.1635059118270874,-0.026419218629598618,-1.181225299835205,-0.04739430546760559,-0.5137192010879517,0.08278721570968628,-0.8526386618614197
1578998493.6847904,world,-0.16372047364711761,-0.025494113564491272,-1.1810802221298218,-0.047382652759552,-0.5138635635375977,0.08242514729499817,-0.8525873422622681
1578998493.684809,world,-0.16379408538341522,-0.02461869642138481,-1.180793046951294,-0.04715551435947418,-0.5141586065292358,0.0827864557504654,-0.8523871898651123
1578998493.704275,world,-0.16400542855262756,-0.023659326136112213,-1.1806350946426392,-0.04685312137007713,-0.5144116282463074,0.08235124498605728,-0.8522931933403015
1578998493.7149754,world,-0.16427969932556152,-0.022734269499778748,-1.1805888414382935,-0.047132883220911026,-0.5149785876274109,0.08241044729948044,-0.8519296050071716
1578998493.7150016,world,-0.16430437564849854,-0.02186482958495617,-1.1803252696990967,-0.04669676348567009,-0.5151867866516113,0.08280795067548752,-0.8517891764640808
1578998493.724015,world,-0.16440118849277496,-0.02090652473270893,-1.180127739906311,-0.046312034130096436,-0.5153546929359436,0.08221447467803955,-0.8517661690711975
1578998493.734418,world,-0.1645454615354538,-0.01996428146958351,-1.1800318956375122,-0.04607727751135826,-0.5157546401023865,0.08252791315317154,-0.8515064120292664
1578998493.7446513,world,-0.16468799114227295,-0.019179191440343857,-1.1799829006195068,-0.04546608775854111,-0.5159481167793274,0.08226728439331055,-0.8514472842216492
1578998493.7540522,world,-0.16463015973567963,-0.018244346603751183,-1.1795750856399536,-0.045564111322164536,-0.5162631273269653,0.08217081427574158,-0.8512604832649231
1578998493.7644246,world,-0.1647162288427353,-0.017392370849847794,-1.1793683767318726,-0.04562531039118767,-0.5167131423950195,0.08236322551965714,-0.8509654402732849
1578998493.7743206,world,-0.1648358255624771,-0.01654507778584957,-1.179223895072937,-0.045180369168519974,-0.5169058442115784,0.08222734928131104,-0.850885272026062
1578998493.7743347,world,-0.16496269404888153,-0.015660136938095093,-1.1790283918380737,-0.04563604295253754,-0.517426073551178,0.0826387107372284,-0.8505049347877502
1578998493.7844357,world,-0.16505616903305054,-0.014870504848659039,-1.1787620782852173,-0.04499407857656479,-0.517747700214386,0.08245799690485,-0.8503608703613281
1578998493.804454,world,-0.16523635387420654,-0.014004399068653584,-1.1786565780639648,-0.044624265283346176,-0.5179577469825745,0.08221535384654999,-0.8502758741378784
1578998493.8243299,world,-0.16530673205852509,-0.013108846731483936,-1.1784069538116455,-0.04429905489087105,-0.5181207656860352,0.08225660026073456,-0.8501896858215332
1578998493.8243546,world,-0.16561143100261688,-0.01066275779157877,-1.177776575088501,-0.043498992919921875,-0.5180211067199707,0.08250857889652252,-0.850267231464386
1578998493.8345854,world,-0.16582390666007996,-0.009780946187675,-1.1777981519699097,-0.04335426539182663,-0.5178192257881165,0.0823429599404335,-0.8504137396812439
1578998493.8448467,world,-0.16621050238609314,-0.008893354795873165,-1.177865982055664,-0.04302563890814781,-0.5180618762969971,0.08205124735832214,-0.8503108024597168
1578998493.8540385,world,-0.16631852090358734,-0.00813060998916626,-1.1777421236038208,-0.04245521128177643,-0.5178418755531311,0.08221195638179779,-0.8504578471183777
1578998493.864955,world,-0.1663248986005783,-0.007275060750544071,-1.1774004697799683,-0.041982002556324005,-0.5175096392631531,0.08165203779935837,-0.8507375717163086
1578998493.8649645,world,-0.1666674166917801,-0.0062912385910749435,-1.1774494647979736,-0.041570741683244705,-0.5175590515136719,0.0817110687494278,-0.850722074508667
1578998493.874852,world,-0.16687491536140442,-0.005531301721930504,-1.1772786378860474,-0.04066682234406471,-0.5172322988510132,0.08117273449897766,-0.8510159254074097
1578998493.8852398,world,-0.16670991480350494,-0.004649295471608639,-1.176613450050354,-0.04049421846866608,-0.5168673396110535,0.08118639886379242,-0.8512445092201233
1578998493.9165318,world,-0.16680856049060822,-0.0037887929938733578,-1.1763170957565308,-0.0403357669711113,-0.5164656639099121,0.08150973916053772,-0.8514649868011475
1578998493.9165545,world,-0.16709673404693604,-0.002909471280872822,-1.1763324737548828,-0.03994762524962425,-0.5164030194282532,0.08145114034414291,-0.8515268564224243
1578998493.91657,world,-0.16735123097896576,-0.0011932548368349671,-1.1761317253112793,-0.03870956599712372,-0.515696108341217,0.08179810643196106,-0.8519790172576904
1578998493.9241655,world,-0.167729914188385,-0.00027675708406604826,-1.17626953125,-0.03795294463634491,-0.5155584812164307,0.08195704966783524,-0.8520810604095459
1578998493.9342499,world,-0.16790571808815002,0.000526739633642137,-1.1760896444320679,-0.037160515785217285,-0.5154396295547485,0.08195750415325165,-0.8521878719329834
1578998493.944672,world,-0.16796711087226868,0.001502720988355577,-1.175635814666748,-0.036402806639671326,-0.5151922702789307,0.08202815800905228,-0.8523634076118469
1578998493.954713,world,-0.16825193166732788,0.002386191627010703,-1.175405502319336,-0.03545694053173065,-0.5150972008705139,0.08165427297353745,-0.8524964451789856
1578998493.9547374,world,-0.16847443580627441,0.0033280369825661182,-1.17523992061615,-0.035074517130851746,-0.5152478218078613,0.08197706192731857,-0.8523903489112854
1578998493.9740722,world,-0.16866344213485718,0.004192778374999762,-1.175068974494934,-0.03441241756081581,-0.5151779055595398,0.08196781575679779,-0.852460503578186
1578998493.9741404,world,-0.16897247731685638,0.005160935688763857,-1.1750611066818237,-0.03401511535048485,-0.5154085159301758,0.08200474083423615,-0.8523335456848145
1578998493.9940093,world,-0.16921888291835785,0.006034552585333586,-1.1749887466430664,-0.0332033634185791,-0.5153829455375671,0.08203539252281189,-0.8523780107498169
1578998494.0042248,world,-0.1694047451019287,0.007024011109024286,-1.1748439073562622,-0.03262779861688614,-0.515360951423645,0.08234192430973053,-0.8523838520050049
1578998494.0042498,world,-0.16957278549671173,0.007997076958417892,-1.174614667892456,-0.031637538224458694,-0.5153985023498535,0.08214979618787766,-0.8524171113967896
1578998494.0144875,world,-0.1697925627231598,0.008982366882264614,-1.1744368076324463,-0.030499842017889023,-0.5154841542243958,0.08237755298614502,-0.8523847460746765
1578998494.0145087,world,-0.17016707360744476,0.00999354850500822,-1.1743844747543335,-0.03005117177963257,-0.5159469842910767,0.08246071636676788,-0.8521127104759216
1578998494.0248096,world,-0.17018556594848633,0.010987957939505577,-1.1739721298217773,-0.028983375057578087,-0.5158091187477112,0.08246823400259018,-0.8522323966026306
1578998494.0340858,world,-0.17045940458774567,0.01204930804669857,-1.173829436302185,-0.02849753201007843,-0.5160599946975708,0.08250220865011215,-0.852093517780304
1578998494.0445187,world,-0.17060226202011108,0.012986726127564907,-1.1736608743667603,-0.027620919048786163,-0.5161266922950745,0.08264755457639694,-0.8520678281784058
1578998494.0546138,world,-0.1706128716468811,0.013920823112130165,-1.1733180284500122,-0.0268800500780344,-0.5160616636276245,0.08260508626699448,-0.8521352410316467
1578998494.0546265,world,-0.17084325850009918,0.015073292888700962,-1.1732161045074463,-0.026428181678056717,-0.5163602232933044,0.08273617923259735,-0.851955771446228
1578998494.063951,world,-0.1709183305501938,0.01593436300754547,-1.172987937927246,-0.025730326771736145,-0.5164246559143066,0.08282876759767532,-0.8519290089607239
1578998494.0846422,world,-0.17096810042858124,0.017066659405827522,-1.1726170778274536,-0.024948302656412125,-0.5164834260940552,0.08289092034101486,-0.8519105911254883
1578998494.0846555,world,-0.17117942869663239,0.01812429167330265,-1.1724015474319458,-0.024731377139687538,-0.5168302655220032,0.08264116942882538,-0.8517307043075562
1578998494.093934,world,-0.1713123619556427,0.019152620807290077,-1.1722100973129272,-0.023669205605983734,-0.5170087218284607,0.0827203318476677,-0.8516449928283691
1578998494.1047347,world,-0.17163854837417603,0.020230010151863098,-1.1721478700637817,-0.023197198286652565,-0.5171778202056885,0.08223830163478851,-0.8516020178794861
1578998494.114906,world,-0.1717166155576706,0.02125951275229454,-1.1719292402267456,-0.022254060953855515,-0.51717609167099,0.08237115293741226,-0.8516153693199158
1578998494.1149359,world,-0.17175081372261047,0.022409038618206978,-1.1715737581253052,-0.022128034383058548,-0.5172707438468933,0.08239764720201492,-0.8515585064888
1578998494.1241817,world,-0.17177757620811462,0.023434529080986977,-1.171363115310669,-0.021387655287981033,-0.5172216296195984,0.08268226683139801,-0.8515797257423401
1578998494.1345081,world,-0.1717446744441986,0.024526774883270264,-1.1709891557693481,-0.021235791966319084,-0.5171969532966614,0.08297903835773468,-0.8515695929527283
1578998494.1438217,world,-0.17174272239208221,0.025647513568401337,-1.1706827878952026,-0.02071395516395569,-0.5170459747314453,0.08320863544940948,-0.8516518473625183
1578998494.1438358,world,-0.17170867323875427,0.026762448251247406,-1.1703298091888428,-0.020576084032654762,-0.5168538689613342,0.08352430164813995,-0.851740837097168
1578998494.165085,world,-0.17165672779083252,0.027844514697790146,-1.1699349880218506,-0.02004406973719597,-0.5167001485824585,0.0837658941745758,-0.8518230319023132
1578998494.1651683,world,-0.17167656123638153,0.028989117592573166,-1.1695674657821655,-0.020205659791827202,-0.5164791345596313,0.0839560255408287,-0.8519344925880432
1578998494.1746595,world,-0.17155028879642487,0.03014315478503704,-1.168899655342102,-0.01968487910926342,-0.5162774324417114,0.0838966891169548,-0.852074921131134
1578998494.1839528,world,-0.1716148853302002,0.031132400035858154,-1.1687145233154297,-0.019629161804914474,-0.5156952738761902,0.08466587960720062,-0.852352499961853
1578998494.19431,world,-0.1714974194765091,0.032254934310913086,-1.1680995225906372,-0.019390545785427094,-0.515372097492218,0.08459169417619705,-0.8525608777999878
1578998494.2045693,world,-0.17156386375427246,0.03328009322285652,-1.1678401231765747,-0.018968477845191956,-0.5150687098503113,0.08498804271221161,-0.8527142405509949
1578998494.214802,world,-0.1714773327112198,0.03431076183915138,-1.1672439575195312,-0.018788540735840797,-0.5146803855895996,0.08531448245048523,-0.8529200553894043
1578998494.2148786,world,-0.17136187851428986,0.035332076251506805,-1.1667795181274414,-0.01814466342329979,-0.5141011476516724,0.08550970256328583,-0.8532637357711792
1578998494.2240484,world,-0.17145678400993347,0.03635092079639435,-1.1665650606155396,-0.017845163121819496,-0.5139486789703369,0.08566433936357498,-0.8533464074134827
1578998494.234922,world,-0.17155256867408752,0.0374060682952404,-1.1663334369659424,-0.017024220898747444,-0.5135636329650879,0.08570044487714767,-0.85359126329422
1578998494.2438939,world,-0.17129258811473846,0.03840929642319679,-1.1656378507614136,-0.017005836591124535,-0.5131726264953613,0.08596130460500717,-0.8538005352020264
1578998494.2542598,world,-0.17148247361183167,0.03954498469829559,-1.1654024124145508,-0.01656067743897438,-0.5129968523979187,0.085931695997715,-0.8539179563522339
1578998494.2542763,world,-0.171177938580513,0.04050834849476814,-1.1644848585128784,-0.016569023951888084,-0.5125451683998108,0.08647453784942627,-0.8541341423988342
1578998494.2747424,world,-0.171224445104599,0.041558802127838135,-1.1641263961791992,-0.016189202666282654,-0.5122548341751099,0.08675223588943481,-0.8542875051498413
1578998494.2839715,world,-0.17133761942386627,0.04249052330851555,-1.1637989282608032,-0.016318000853061676,-0.5122960209846497,0.08709587156772614,-0.8542253375053406
1578998494.2840185,world,-0.17119932174682617,0.04345379397273064,-1.1632111072540283,-0.01635819673538208,-0.5120493769645691,0.08797825127840042,-0.8542820811271667
1578998494.3048565,world,-0.1711408942937851,0.044425927102565765,-1.1626895666122437,-0.015895945951342583,-0.5116719007492065,0.08759606629610062,-0.8545560836791992
1578998494.3049674,world,-0.17113445699214935,0.04530564695596695,-1.1621208190917969,-0.015773143619298935,-0.5114937424659729,0.08807364106178284,-0.8546158671379089
1578998494.3049817,world,-0.17126823961734772,0.04628996551036835,-1.1616889238357544,-0.01506776548922062,-0.5113083720207214,0.08788564056158066,-0.8547589778900146
1578998494.3246477,world,-0.17136281728744507,0.047244083136320114,-1.1613057851791382,-0.014803923666477203,-0.5111472010612488,0.08796755224466324,-0.854851484298706
1578998494.324665,world,-0.17167124152183533,0.048223406076431274,-1.1610826253890991,-0.013976735062897205,-0.5113135576248169,0.08795556426048279,-0.8547671437263489
1578998494.3440125,world,-0.1716517210006714,0.04909835755825043,-1.160456895828247,-0.01387657318264246,-0.5113705992698669,0.08851403743028641,-0.854677140712738
1578998494.354397,world,-0.1716262251138687,0.04998118802905083,-1.1599578857421875,-0.012976315803825855,-0.5111438035964966,0.08848807215690613,-0.8548294901847839
1578998494.354412,world,-0.1717667579650879,0.05085524916648865,-1.1596049070358276,-0.013211268000304699,-0.5112355947494507,0.08901616185903549,-0.8547163009643555
1578998494.364939,world,-0.17190492153167725,0.05173714458942413,-1.1592059135437012,-0.012647886760532856,-0.5112395286560059,0.08910193294286728,-0.8547134399414062
1578998494.3649468,world,-0.17186331748962402,0.05246783047914505,-1.1585298776626587,-0.01225610263645649,-0.511058509349823,0.08894769847393036,-0.8548435568809509
1578998494.3852463,world,-0.17197772860527039,0.053306207060813904,-1.1578844785690308,-0.012094933539628983,-0.5111464858055115,0.08882803469896317,-0.854805588722229
1578998494.38526,world,-0.17226001620292664,0.05414200946688652,-1.1574714183807373,-0.011678289622068405,-0.5113454461097717,0.08878128975629807,-0.8546972274780273
1578998494.3945253,world,-0.1723703145980835,0.05478086695075035,-1.1569377183914185,-0.011039407923817635,-0.5113340616226196,0.08873593062162399,-0.8547172546386719
1578998494.3945372,world,-0.1724586933851242,0.055560026317834854,-1.1564233303070068,-0.010228803381323814,-0.5113362669944763,0.08869042992591858,-0.8547308444976807
1578998494.4048047,world,-0.1726808100938797,0.056324005126953125,-1.1560274362564087,-0.009356535039842129,-0.5112466812133789,0.08859581500291824,-0.8548041582107544
1578998494.41415,world,-0.17281630635261536,0.05700952932238579,-1.1554676294326782,-0.00909065455198288,-0.5115476846694946,0.08936743438243866,-0.8545465469360352
1578998494.424175,world,-0.17289596796035767,0.057662732899188995,-1.1547938585281372,-0.008585000410676003,-0.5113927125930786,0.0901089683175087,-0.8545666337013245
1578998494.4449074,world,-0.17302848398685455,0.05832870304584503,-1.1542973518371582,-0.008190757595002651,-0.5112351179122925,0.09026047587394714,-0.8546488881111145
1578998494.4450274,world,-0.17308880388736725,0.05910303071141243,-1.153719186782837,-0.008356630802154541,-0.5111222267150879,0.09064831584692001,-0.8546737432479858
1578998494.454283,world,-0.17318646609783173,0.05968550220131874,-1.1529721021652222,-0.008037136867642403,-0.5109660625457764,0.09051783382892609,-0.8547840118408203
1578998494.4645417,world,-0.17343555390834808,0.060320451855659485,-1.1524138450622559,-0.00806304533034563,-0.510400116443634,0.09062538295984268,-0.8551104664802551
1578998494.474809,world,-0.17368844151496887,0.060952045023441315,-1.151807427406311,-0.0077958558686077595,-0.5101549625396729,0.09024826437234879,-0.8552990555763245
1578998494.4748304,world,-0.1739145666360855,0.06159438192844391,-1.1513128280639648,-0.0074538481421768665,-0.5098607540130615,0.09007234871387482,-0.8554960489273071
1578998494.4841468,world,-0.1741427481174469,0.062145642936229706,-1.1506690979003906,-0.006332559511065483,-0.5093985199928284,0.0895838737487793,-0.8558317422866821
1578998494.4945438,world,-0.17426101863384247,0.06266748160123825,-1.1499382257461548,-0.005907243117690086,-0.5091519951820374,0.08979061990976334,-0.8559597134590149
1578998494.504848,world,-0.17431312799453735,0.06334778666496277,-1.1490426063537598,-0.0057632802054286,-0.5089038014411926,0.09059670567512512,-0.8560233116149902
1578998494.504861,world,-0.17446546256542206,0.06392485648393631,-1.1483267545700073,-0.0051586381159722805,-0.5084250569343567,0.09094835817813873,-0.8562743663787842
1578998494.5245779,world,-0.17464545369148254,0.06441465020179749,-1.147747278213501,-0.005286344792693853,-0.5077331066131592,0.09148252010345459,-0.8566271662712097
1578998494.5245929,world,-0.1748974472284317,0.06504640728235245,-1.1471714973449707,-0.004602672066539526,-0.5071781277656555,0.09140495210886002,-0.8569681644439697
1578998494.534759,world,-0.17513994872570038,0.06559490412473679,-1.146277904510498,-0.0044066715054214,-0.5069218277931213,0.09124739468097687,-0.8571375012397766
1578998494.5439658,world,-0.17564529180526733,0.06620293855667114,-1.1458051204681396,-0.004366489127278328,-0.506806492805481,0.09065457433462143,-0.8572688698768616
1578998494.5542645,world,-0.1757953017950058,0.06668040156364441,-1.1448256969451904,-0.004333422053605318,-0.5062283277511597,0.09075017273426056,-0.8576005101203918
1578998494.564901,world,-0.1762898713350296,0.06715527176856995,-1.1442898511886597,-0.0034449698869138956,-0.505638599395752,0.09022659808397293,-0.858007550239563
1578998494.5649295,world,-0.17653344571590424,0.06765811890363693,-1.1433980464935303,-0.0030715642496943474,-0.5052997469902039,0.08997303992509842,-0.8582351803779602
1578998494.5743353,world,-0.1768580973148346,0.06812853366136551,-1.1425247192382812,-0.002404597122222185,-0.504890501499176,0.0895327478647232,-0.8585242033004761
1578998494.584862,world,-0.17714323103427887,0.06873120367527008,-1.1417157649993896,-0.0023505708668380976,-0.5046888589859009,0.08999552577733994,-0.8585944771766663
1578998494.594235,world,-0.17754057049751282,0.06914794445037842,-1.140811800956726,-0.001949009601958096,-0.5045963525772095,0.09085094928741455,-0.8585597276687622
1578998494.6048045,world,-0.17800764739513397,0.06951327621936798,-1.1403241157531738,-0.0014052443439140916,-0.504191517829895,0.09083472192287445,-0.8588003516197205
1578998494.6142454,world,-0.17831401526927948,0.06993839144706726,-1.1393762826919556,-0.0010163761908188462,-0.5040575265884399,0.09094734489917755,-0.8588676452636719
1578998494.6142607,world,-0.17875783145427704,0.07051555812358856,-1.138477087020874,-0.00040584406815469265,-0.5041493773460388,0.09068267792463303,-0.8588421940803528
1578998494.624515,world,-0.17918995022773743,0.07104746252298355,-1.1376454830169678,3.192739313817583e-05,-0.5041697025299072,0.09015451371669769,-0.8588860034942627
1578998494.6362734,world,-0.17978373169898987,0.07153527438640594,-1.136767029762268,0.0002631810202728957,-0.5044617056846619,0.08945566415786743,-0.858787477016449
1578998494.644523,world,-0.18023359775543213,0.07194823026657104,-1.1359549760818481,0.0004771150997839868,-0.5041735172271729,0.08938407897949219,-0.8589640855789185
1578998494.6547632,world,-0.18066063523292542,0.07236335426568985,-1.1349904537200928,0.0010874579893425107,-0.504325270652771,0.08944948762655258,-0.8588677644729614
1578998494.6642282,world,-0.18107342720031738,0.07285561412572861,-1.1340434551239014,0.0013282375875860453,-0.5045227408409119,0.08956573158502579,-0.8587391972541809
1578998494.6651888,world,-0.1814589649438858,0.07338286936283112,-1.1331262588500977,0.0015228288248181343,-0.504612147808075,0.08955757319927216,-0.8586872816085815
1578998494.674546,world,-0.18186329305171967,0.07380109280347824,-1.132144570350647,0.0017076546791940928,-0.5048102736473083,0.08979781717061996,-0.8585453629493713
1578998494.683885,world,-0.18226462602615356,0.07422705739736557,-1.1313225030899048,0.002149156527593732,-0.504717230796814,0.09013529866933823,-0.8585636019706726
1578998494.6942916,world,-0.18292437493801117,0.07470433413982391,-1.1305840015411377,0.0023919562809169292,-0.5049555897712708,0.09051790833473206,-0.8583826422691345
1578998494.7045581,world,-0.18346741795539856,0.07510557770729065,-1.129738688468933,0.003437306731939316,-0.5050288438796997,0.09009385108947754,-0.8583806157112122
1578998494.7147858,world,-0.18381062150001526,0.07562114298343658,-1.1286036968231201,0.0038122718688100576,-0.5051422715187073,0.09023444354534149,-0.8582975268363953
1578998494.7240434,world,-0.1844896674156189,0.07619976252317429,-1.127855896949768,0.004558935761451721,-0.5052840113639832,0.08959954231977463,-0.8582769632339478
1578998494.7240574,world,-0.18490946292877197,0.07668488472700119,-1.1269181966781616,0.005239981692284346,-0.5049129128456116,0.089713916182518,-0.8584794998168945
1578998494.734336,world,-0.18545153737068176,0.07720199227333069,-1.12598717212677,0.005771492142230272,-0.504720151424408,0.0897306278347969,-0.8585876226425171
1578998494.7445722,world,-0.18590372800827026,0.07774330675601959,-1.1250600814819336,0.005797125399112701,-0.5046059489250183,0.09032965451478958,-0.8585918545722961
1578998494.7538676,world,-0.18646109104156494,0.0782521590590477,-1.1241137981414795,0.0067273895256221294,-0.5043423771858215,0.09003226459026337,-0.858771026134491
1578998494.764104,world,-0.18701355159282684,0.07884291559457779,-1.1232662200927734,0.0066641890443861485,-0.5035771727561951,0.09040746092796326,-0.8591811060905457
1578998494.7950575,world,-0.1873665750026703,0.07941807061433792,-1.1221345663070679,0.006939110811799765,-0.503132700920105,0.09001022577285767,-0.8594810366630554
1578998494.7950726,world,-0.18986916542053223,0.08194039016962051,-1.1183295249938965,0.010402069427073002,-0.5007390975952148,0.08854284137487411,-0.8609949946403503
1578998494.8144705,world,-0.19036133587360382,0.08257216215133667,-1.117336630821228,0.010249906219542027,-0.49995845556259155,0.0888705775141716,-0.8614165782928467
1578998494.8249626,world,-0.19090278446674347,0.08320844918489456,-1.1162718534469604,0.011272517964243889,-0.4993295669555664,0.088827945291996,-0.8617730140686035
1578998494.824986,world,-0.19145464897155762,0.08387742191553116,-1.1153594255447388,0.01169934868812561,-0.4982309639453888,0.08917997777462006,-0.8623666167259216
1578998494.834186,world,-0.1919649839401245,0.08468297868967056,-1.1140943765640259,0.011615972965955734,-0.49784746766090393,0.08872878551483154,-0.862635612487793
1578998494.8444407,world,-0.19243966042995453,0.08536504209041595,-1.1130346059799194,0.012133104726672173,-0.4969211518764496,0.08855918049812317,-0.8631799221038818
1578998494.8554683,world,-0.1931847333908081,0.08610428869724274,-1.1119577884674072,0.012127417139708996,-0.4964229166507721,0.08835553377866745,-0.8634874820709229
1578998494.8647962,world,-0.19371116161346436,0.08682712912559509,-1.1108325719833374,0.012413137592375278,-0.495802640914917,0.0875890851020813,-0.8639178276062012
1578998494.864815,world,-0.1944698691368103,0.08761972188949585,-1.109723687171936,0.013097187504172325,-0.4954535961151123,0.08727762848138809,-0.8641394376754761
1578998494.873974,world,-0.19507859647274017,0.08823978155851364,-1.1088718175888062,0.013373613357543945,-0.49471965432167053,0.08721927553415298,-0.8645614981651306
1578998494.886167,world,-0.19557389616966248,0.08907617628574371,-1.1075162887573242,0.013782558031380177,-0.49440255761146545,0.08699851483106613,-0.8647586107254028
1578998494.894426,world,-0.19621562957763672,0.08989563584327698,-1.1065315008163452,0.014033064246177673,-0.4937451183795929,0.08723711222410202,-0.8651061654090881
1578998494.9160905,world,-0.1967185139656067,0.09056985378265381,-1.1052879095077515,0.014529209583997726,-0.49335023760795593,0.08712530136108398,-0.8653343915939331
1578998494.9161773,world,-0.19741563498973846,0.09131737053394318,-1.1043146848678589,0.014811201952397823,-0.49343857169151306,0.08696191012859344,-0.8652957677841187
1578998494.9162436,world,-0.19805999100208282,0.09209830313920975,-1.103264331817627,0.014476261101663113,-0.49281591176986694,0.08759233355522156,-0.8655925989151001
1578998494.9247947,world,-0.19868503510951996,0.09289336204528809,-1.1020230054855347,0.015150615945458412,-0.49269992113113403,0.08651065081357956,-0.8657558560371399
1578998494.934626,world,-0.1993652582168579,0.09371741861104965,-1.1007814407348633,0.014850478619337082,-0.4928010404109955,0.08608438074588776,-0.865746021270752
1578998494.9439697,world,-0.19995076954364777,0.0944550409913063,-1.0996882915496826,0.014902197755873203,-0.49198102951049805,0.08611568808555603,-0.8662082552909851
1578998494.9541826,world,-0.20070001482963562,0.09528452903032303,-1.0984759330749512,0.015413778834044933,-0.49210482835769653,0.08513903617858887,-0.86622554063797
1578998494.9644425,world,-0.20123212039470673,0.0960598886013031,-1.097232460975647,0.015379968099296093,-0.4917334020137787,0.0849103182554245,-0.8664594292640686
1578998494.9644663,world,-0.20191539824008942,0.0967804491519928,-1.096086859703064,0.015258229337632656,-0.49140605330467224,0.0848945677280426,-0.8666489124298096
1578998494.9787524,world,-0.20243513584136963,0.09759777784347534,-1.094842791557312,0.015794916078448296,-0.4910488724708557,0.08451037853956223,-0.8668792247772217
1578998494.984898,world,-0.2030835598707199,0.09840718656778336,-1.093478798866272,0.015469344332814217,-0.49103474617004395,0.08431215584278107,-0.8669124245643616
1578998494.9942396,world,-0.20377646386623383,0.09908191114664078,-1.0925194025039673,0.015279696322977543,-0.49050748348236084,0.08436741679906845,-0.8672088980674744
1578998495.004459,world,-0.2043650895357132,0.0998658686876297,-1.0910906791687012,0.015695171430706978,-0.4903544485569,0.08385524153709412,-0.8673375844955444
1578998495.0148282,world,-0.2048928588628769,0.10063572973012924,-1.089712381362915,0.015371826477348804,-0.489928662776947,0.08344235271215439,-0.8676238059997559
1578998495.0148377,world,-0.20573998987674713,0.101359061896801,-1.0887224674224854,0.015124356374144554,-0.48966318368911743,0.08290601521730423,-0.8678293824195862
1578998495.024079,world,-0.2061028778553009,0.1020970344543457,-1.0872665643692017,0.015698906034231186,-0.48894330859184265,0.08248608559370041,-0.8682649731636047
1578998495.0346708,world,-0.20678496360778809,0.10295863449573517,-1.0858834981918335,0.015106286853551865,-0.4886374771595001,0.08240937441587448,-0.8684549331665039
1578998495.0450385,world,-0.20739145576953888,0.1035580262541771,-1.084829568862915,0.015242334455251694,-0.4880242347717285,0.08217645436525345,-0.8688194751739502
1578998495.0541313,world,-0.20788390934467316,0.10435934364795685,-1.083315372467041,0.015440572053194046,-0.48759227991104126,0.08200330287218094,-0.8690747618675232
1578998495.0643947,world,-0.20844681560993195,0.1051238402724266,-1.082082748413086,0.01481262594461441,-0.48668673634529114,0.08214666694402695,-0.8695796132087708
1578998495.0644078,world,-0.2090538889169693,0.10576849430799484,-1.080755591392517,0.01485226396471262,-0.4865044355392456,0.08175279200077057,-0.8697180151939392
1578998495.074871,world,-0.20939108729362488,0.10646998137235641,-1.0792450904846191,0.014778257347643375,-0.48565778136253357,0.0813470333814621,-0.8702303171157837
1578998495.0839899,world,-0.21002013981342316,0.10717646032571793,-1.0779688358306885,0.01437034085392952,-0.48496687412261963,0.08101577311754227,-0.8706533312797546
1578998495.0942175,world,-0.2107204794883728,0.10776570439338684,-1.0767065286636353,0.014829174615442753,-0.4844962954521179,0.08036810904741287,-0.8709675073623657
1578998495.1055298,world,-0.21132488548755646,0.10842917114496231,-1.0755515098571777,0.014697586186230183,-0.48389485478401184,0.0800425186753273,-0.8713340163230896
1578998495.1244423,world,-0.2117866724729538,0.10913335531949997,-1.074074387550354,0.01444469578564167,-0.4833623468875885,0.07976575940847397,-0.8716591000556946
1578998495.1244571,world,-0.212993323802948,0.11040482670068741,-1.0717723369598389,0.014869983308017254,-0.4821814298629761,0.07944947481155396,-0.8723346590995789
1578998495.1346827,world,-0.21322299540042877,0.11101450026035309,-1.0700063705444336,0.01490010879933834,-0.4814116656780243,0.07924481481313705,-0.8727778792381287
1578998495.1439557,world,-0.21369865536689758,0.11160145699977875,-1.0687577724456787,0.014464960433542728,-0.4803638458251953,0.07959853112697601,-0.8733300566673279
1578998495.1544077,world,-0.21437667310237885,0.11213238537311554,-1.0675320625305176,0.014738774858415127,-0.480114609003067,0.07887890934944153,-0.8735278844833374
1578998495.1546028,world,-0.21475458145141602,0.11268340051174164,-1.066155195236206,0.014864742755889893,-0.4793793261051178,0.07865236699581146,-0.8739498257637024
1578998495.1657865,world,-0.21533502638339996,0.11332608759403229,-1.0648776292800903,0.01428658701479435,-0.4784204363822937,0.07827476412057877,-0.874518632888794
1578998495.1743112,world,-0.21579788625240326,0.11401744931936264,-1.063625454902649,0.013340963050723076,-0.4778487980365753,0.07817892730236053,-0.8748547434806824
1578998495.184426,world,-0.21628272533416748,0.11450619995594025,-1.0622681379318237,0.013776215724647045,-0.4768902361392975,0.07779748737812042,-0.8754047751426697
1578998495.1948857,world,-0.21674442291259766,0.11499297618865967,-1.0610454082489014,0.014429775066673756,-0.47613075375556946,0.0777401402592659,-0.8758126497268677
1578998495.2038572,world,-0.2169736921787262,0.11547588557004929,-1.0595123767852783,0.0144817428663373,-0.4753953218460083,0.07774610817432404,-0.876210629940033
1578998495.2141507,world,-0.21731945872306824,0.11606769263744354,-1.0582771301269531,0.01418369822204113,-0.47420281171798706,0.0782095268368721,-0.8768203854560852
1578998495.224419,world,-0.21782654523849487,0.11655285954475403,-1.0570646524429321,0.014485401101410389,-0.4735395610332489,0.0779990702867508,-0.8771924376487732
1578998495.2355661,world,-0.21830856800079346,0.11704443395137787,-1.0557998418807983,0.014493273571133614,-0.4727148711681366,0.07828669995069504,-0.8776114583015442
1578998495.235653,world,-0.2190745621919632,0.11749432235956192,-1.0549384355545044,0.014506972394883633,-0.47264283895492554,0.07804319262504578,-0.8776717185974121
1578998495.244615,world,-0.21945416927337646,0.11803557723760605,-1.0534274578094482,0.014517593197524548,-0.47177600860595703,0.07729222625494003,-0.8782041668891907
1578998495.2540796,world,-0.2202027142047882,0.11845167726278305,-1.0524929761886597,0.014823701232671738,-0.4709939956665039,0.07671976834535599,-0.8786689639091492
1578998495.2644217,world,-0.22064457833766937,0.11884819716215134,-1.0512027740478516,0.015336109325289726,-0.4705119729042053,0.07605314999818802,-0.8789763450622559
1578998495.2746072,world,-0.2210904210805893,0.11925637722015381,-1.0500118732452393,0.015344466082751751,-0.46964332461357117,0.07616952806711197,-0.8794304728507996
1578998495.2847824,world,-0.2215326875448227,0.11970838904380798,-1.0488542318344116,0.0154190044850111,-0.4687548279762268,0.07643796503543854,-0.879879891872406
1578998495.2847967,world,-0.2218966782093048,0.12009210884571075,-1.0475605726242065,0.015733003616333008,-0.4682334363460541,0.07627017050981522,-0.8801663517951965
1578998495.3051744,world,-0.222248837351799,0.12054465711116791,-1.0462967157363892,0.015567542985081673,-0.46713024377822876,0.07667888700962067,-0.8807199001312256
1578998495.305186,world,-0.2227676659822464,0.12127669900655746,-1.0436253547668457,0.015535684302449226,-0.4657236933708191,0.07723645120859146,-0.8814163208007812
1578998495.3262396,world,-0.22315427660942078,0.12162686139345169,-1.042418360710144,0.015088307671248913,-0.4646267294883728,0.07745035737752914,-0.8819841146469116
1578998495.3262494,world,-0.22360831499099731,0.12194225192070007,-1.0411592721939087,0.015513479709625244,-0.46412762999534607,0.07698677480220795,-0.8822799324989319
1578998495.3344247,world,-0.2239805907011032,0.12232467532157898,-1.039961338043213,0.015366350300610065,-0.4636240601539612,0.07731921970844269,-0.8825182318687439
1578998495.3446763,world,-0.22434788942337036,0.12260124832391739,-1.038641095161438,0.01550425123423338,-0.46268993616104126,0.07738733291625977,-0.8830000162124634
1578998495.3540666,world,-0.22460536658763885,0.12299264222383499,-1.0373777151107788,0.015567134134471416,-0.46196115016937256,0.07785402238368988,-0.8833392858505249
1578998495.3641076,world,-0.22495794296264648,0.12339094281196594,-1.0363106727600098,0.01580042950809002,-0.46086472272872925,0.07813474535942078,-0.8838829398155212
1578998495.3641164,world,-0.22506895661354065,0.12372060865163803,-1.0346583127975464,0.015531620010733604,-0.4603395164012909,0.07887017726898193,-0.8840961456298828
1578998495.3745408,world,-0.22534938156604767,0.12407929450273514,-1.03340482711792,0.015660306438803673,-0.45954370498657227,0.07894173264503479,-0.8845013976097107
1578998495.3843012,world,-0.2257058322429657,0.12443654984235764,-1.032236933708191,0.015471551567316055,-0.45855990052223206,0.07939362525939941,-0.8849745988845825
1578998495.394384,world,-0.22599205374717712,0.12481462210416794,-1.0307718515396118,0.015846174210309982,-0.4578498899936676,0.07933996617794037,-0.8853404521942139
1578998495.4047291,world,-0.22628220915794373,0.12515954673290253,-1.0295166969299316,0.015573440119624138,-0.4571342170238495,0.07907543331384659,-0.8857386112213135
1578998495.4047425,world,-0.22676239907741547,0.1254621297121048,-1.0282201766967773,0.01565832458436489,-0.45633944869041443,0.07900992035865784,-0.8861527442932129
1578998495.4241116,world,-0.2270253449678421,0.12585468590259552,-1.026732325553894,0.015329222194850445,-0.4555843472480774,0.07883843034505844,-0.8865621089935303
1578998495.434934,world,-0.22742292284965515,0.1261403113603592,-1.0256400108337402,0.015594792552292347,-0.45462673902511597,0.07861843705177307,-0.8870685696601868
1578998495.4349601,world,-0.22772742807865143,0.12640775740146637,-1.0241388082504272,0.015593869611620903,-0.45369648933410645,0.07890085130929947,-0.8875195980072021
1578998495.4451158,world,-0.2279999852180481,0.1267000287771225,-1.0227718353271484,0.01606508158147335,-0.45266324281692505,0.07913068681955338,-0.8880181908607483
1578998495.454324,world,-0.2282688021659851,0.12697738409042358,-1.021268606185913,0.015708008781075478,-0.45179519057273865,0.07964830845594406,-0.8884202241897583
1578998495.4645333,world,-0.22873666882514954,0.12730008363723755,-1.0201832056045532,0.015535739250481129,-0.4510854184627533,0.0798780769109726,-0.8887632489204407
1578998495.4750473,world,-0.22903582453727722,0.12753278017044067,-1.018600344657898,0.015328966081142426,-0.45018327236175537,0.08002297580242157,-0.8892111778259277
1578998495.4750535,world,-0.22937743365764618,0.1277972012758255,-1.0172197818756104,0.014842767268419266,-0.4492616653442383,0.0800706222653389,-0.8896810412406921
1578998495.4844444,world,-0.22978077828884125,0.12802176177501678,-1.0159542560577393,0.015097361989319324,-0.4483199417591095,0.0794665515422821,-0.8902058005332947
1578998495.4945018,world,-0.230235755443573,0.12834937870502472,-1.014499545097351,0.015108698047697544,-0.44723355770111084,0.0790771096944809,-0.8907865285873413
1578998495.504897,world,-0.23069605231285095,0.12857256829738617,-1.0132085084915161,0.015278305858373642,-0.44641509652137756,0.07871320098638535,-0.8912264108657837
1578998495.5146255,world,-0.23105260729789734,0.1288515329360962,-1.0116617679595947,0.015559213235974312,-0.4456605911254883,0.07880555093288422,-0.89159095287323
1578998495.5146546,world,-0.2313876897096634,0.12906703352928162,-1.0103425979614258,0.015362009406089783,-0.44457921385765076,0.07927253842353821,-0.8920926451683044
1578998495.5343895,world,-0.23176318407058716,0.12928251922130585,-1.0086498260498047,0.0154644176363945,-0.4437069296836853,0.07920458167791367,-0.8925310969352722
1578998495.5344088,world,-0.23220142722129822,0.1295735090970993,-1.00730562210083,0.014710905961692333,-0.4425954818725586,0.07983245700597763,-0.8930396437644958
1578998495.544874,world,-0.2326364666223526,0.12983086705207825,-1.005825161933899,0.014951185323297977,-0.44194990396499634,0.07945094257593155,-0.8933892250061035
1578998495.5538168,world,-0.23333002626895905,0.13010554015636444,-1.004642367362976,0.014738110825419426,-0.4408479928970337,0.07944238930940628,-0.8939377665519714
1578998495.5538301,world,-0.2339516133069992,0.13042935729026794,-1.0030927658081055,0.015190267004072666,-0.44039350748062134,0.0783785730600357,-0.8942481279373169
1578998495.564023,world,-0.23461349308490753,0.13066032528877258,-1.0017732381820679,0.015323126688599586,-0.43902909755706787,0.07784126698970795,-0.8949633836746216
1578998495.5750577,world,-0.23511692881584167,0.13087481260299683,-1.000090479850769,0.015403111465275288,-0.43835699558258057,0.07719520479440689,-0.8953473567962646
1578998495.5860543,world,-0.2357696145772934,0.13115625083446503,-0.9987135529518127,0.015473439358174801,-0.43701672554016113,0.07678184658288956,-0.8960365056991577
1578998495.5943413,world,-0.23627790808677673,0.13145166635513306,-0.9970739483833313,0.01570868492126465,-0.4362022578716278,0.07645131647586823,-0.8964575529098511
1578998495.6050005,world,-0.23706947267055511,0.13177548348903656,-0.995813250541687,0.015171746723353863,-0.4350661635398865,0.07622574269771576,-0.897037923336029
1578998495.6145637,world,-0.23774395883083344,0.13202260434627533,-0.9942727088928223,0.015436677262187004,-0.434102326631546,0.0755397155880928,-0.8975581526756287
1578998495.6145709,world,-0.2384544163942337,0.13233928382396698,-0.9928462505340576,0.015221928246319294,-0.4330889880657196,0.07522475719451904,-0.898077666759491
1578998495.6248806,world,-0.23913885653018951,0.13258077204227448,-0.9914671778678894,0.015751460567116737,-0.43195009231567383,0.07424347847700119,-0.8986985087394714
1578998495.6344826,world,-0.23997752368450165,0.13285459578037262,-0.9899244904518127,0.015882031992077827,-0.4311235249042511,0.07343918085098267,-0.8991590738296509
1578998495.6445563,world,-0.24075749516487122,0.13312216103076935,-0.988544762134552,0.015900248661637306,-0.4296230375766754,0.07274675369262695,-0.8999329209327698
1578998495.653738,world,-0.2414478212594986,0.13344067335128784,-0.9868824481964111,0.016164107248187065,-0.42858895659446716,0.07160139083862305,-0.9005128741264343
1578998495.6661732,world,-0.24231861531734467,0.13378529250621796,-0.985467791557312,0.01565363071858883,-0.4275002181529999,0.07140778750181198,-0.9010546803474426
1578998495.6744237,world,-0.24308325350284576,0.13400502502918243,-0.9841610193252563,0.01580570824444294,-0.42658936977386475,0.07062909007072449,-0.9015449285507202
1578998495.6744413,world,-0.24384339153766632,0.13430695235729218,-0.9825373888015747,0.015850117430090904,-0.4256511926651001,0.0704232007265091,-0.9020035266876221
1578998495.6846209,world,-0.24462507665157318,0.13458840548992157,-0.981141209602356,0.01584514044225216,-0.4245302081108093,0.07000533491373062,-0.9025643467903137
1578998495.6938787,world,-0.2457522302865982,0.13490797579288483,-0.9800461530685425,0.016242943704128265,-0.42387184500694275,0.06904186308383942,-0.9029408097267151
1578998495.7044756,world,-0.2465418577194214,0.13523638248443604,-0.9784809947013855,0.016063209623098373,-0.42295727133750916,0.06876351684331894,-0.9033939838409424
1578998495.7045052,world,-0.24732035398483276,0.1355019211769104,-0.9768745303153992,0.016475757583975792,-0.42201653122901917,0.06769684702157974,-0.9039069414138794
1578998495.714663,world,-0.24826402962207794,0.13582292199134827,-0.975685715675354,0.016371939331293106,-0.4208995997905731,0.0670504942536354,-0.9044777154922485
1578998495.7238495,world,-0.2491719275712967,0.13623866438865662,-0.9741820693016052,0.01664641685783863,-0.4207462966442108,0.0661463662981987,-0.9046104550361633
1578998495.7341788,world,-0.25003930926322937,0.1365894228219986,-0.972762942314148,0.01634347438812256,-0.4195655286312103,0.06564907729625702,-0.9052005410194397
1578998495.7444983,world,-0.25091302394866943,0.1368759125471115,-0.9713454246520996,0.016583358868956566,-0.41897153854370117,0.06487880647182465,-0.9055267572402954
1578998495.7549388,world,-0.25170576572418213,0.13716638088226318,-0.9696682691574097,0.016485584899783134,-0.41804826259613037,0.06426410377025604,-0.9059988856315613
1578998495.7645073,world,-0.2526687979698181,0.1374943107366562,-0.9683573246002197,0.016136644408106804,-0.41709017753601074,0.06398826837539673,-0.9064661860466003
1578998495.7754502,world,-0.25351935625076294,0.13791947066783905,-0.9670137763023376,0.016227800399065018,-0.4165113866329193,0.06281094998121262,-0.9068130254745483
1578998495.7754653,world,-0.25439539551734924,0.13823719322681427,-0.9654602408409119,0.016116764396429062,-0.4157811403274536,0.06214136630296707,-0.9071961045265198
1578998495.7847111,world,-0.2553449869155884,0.1385628879070282,-0.9640112519264221,0.015942074358463287,-0.4153364896774292,0.06147827208042145,-0.9074479937553406
1578998495.7942083,world,-0.2563225030899048,0.13886378705501556,-0.9628115892410278,0.016081273555755615,-0.414680540561676,0.06095164641737938,-0.9077811241149902
1578998495.7942324,world,-0.25713738799095154,0.13925467431545258,-0.9611353278160095,0.016248317435383797,-0.4139610826969147,0.059851549565792084,-0.9081795811653137
1578998495.8147166,world,-0.2579805254936218,0.13960431516170502,-0.9595068693161011,0.015708787366747856,-0.4135020971298218,0.05941637232899666,-0.9084267020225525
1578998495.8239315,world,-0.25895822048187256,0.1399109959602356,-0.9583566784858704,0.015582703053951263,-0.4129221737384796,0.05894962698221207,-0.908722996711731
1578998495.8239572,world,-0.25970086455345154,0.14020651578903198,-0.9567583799362183,0.014978958293795586,-0.412277489900589,0.05868515744805336,-0.90904301404953
1578998495.834225,world,-0.2606249451637268,0.14043386280536652,-0.9552488923072815,0.015245857648551464,-0.411432147026062,0.05798787251114845,-0.9094660878181458
1578998495.8570955,world,-0.2616090774536133,0.14083155989646912,-0.9538492560386658,0.014980720356106758,-0.41114628314971924,0.057042330503463745,-0.9096596240997314
1578998495.857114,world,-0.2623980939388275,0.14109152555465698,-0.9523953795433044,0.014776314608752728,-0.4100407063961029,0.05654985457658768,-0.9101925492286682
1578998495.8643832,world,-0.26317501068115234,0.14138297736644745,-0.9507641792297363,0.014668913558125496,-0.409681499004364,0.055796004831790924,-0.9104024767875671
1578998495.8746145,world,-0.2639470398426056,0.14161524176597595,-0.9492233395576477,0.01443783100694418,-0.4088155925273895,0.05547714605927467,-0.9108148813247681
1578998495.8746324,world,-0.2648507058620453,0.14186426997184753,-0.9479278326034546,0.014685429632663727,-0.4081995189189911,0.05467353016138077,-0.911135733127594
1578998495.893897,world,-0.2658337950706482,0.14218883216381073,-0.946495532989502,0.014739097096025944,-0.4075702428817749,0.05388522893190384,-0.9114634394645691
1578998495.8939052,world,-0.266429603099823,0.1424109935760498,-0.9447829127311707,0.014663108624517918,-0.406946063041687,0.05363105982542038,-0.9117586016654968
1578998495.9042733,world,-0.26713451743125916,0.14261846244335175,-0.943255603313446,0.014468543231487274,-0.40582916140556335,0.053349778056144714,-0.9122757911682129
1578998495.9042974,world,-0.26802965998649597,0.1428624391555786,-0.941947877407074,0.014398892410099506,-0.4054017663002014,0.053033702075481415,-0.9124854207038879
1578998495.914636,world,-0.2686728835105896,0.1431417465209961,-0.9402408003807068,0.013525507412850857,-0.4045606255531311,0.05283179134130478,-0.9128836393356323
1578998495.9239786,world,-0.26937630772590637,0.14341503381729126,-0.9386658072471619,0.013354858383536339,-0.4033856689929962,0.05219675600528717,-0.9134425520896912
1578998495.9448645,world,-0.27000078558921814,0.14363998174667358,-0.9369428753852844,0.013252727687358856,-0.40277063846588135,0.051554854959249496,-0.9137518405914307
1578998495.9448822,world,-0.2708679735660553,0.14381954073905945,-0.9355087280273438,0.013060388155281544,-0.40213146805763245,0.051334843039512634,-0.9140484929084778
1578998495.9543111,world,-0.2715868651866913,0.14402472972869873,-0.9339533448219299,0.013246801681816578,-0.40151575207710266,0.05054401233792305,-0.9143604636192322
1578998495.954318,world,-0.27215924859046936,0.14425073564052582,-0.9323150515556335,0.013045609928667545,-0.40048712491989136,0.0504116490483284,-0.9148216843605042
1578998495.975254,world,-0.27267393469810486,0.14439697563648224,-0.9305753111839294,0.013185958378016949,-0.39948567748069763,0.050042774528265,-0.9152776598930359
1578998495.975277,world,-0.2732977867126465,0.14464062452316284,-0.9290081262588501,0.012249808758497238,-0.3986791968345642,0.05050797387957573,-0.9156166315078735
1578998495.9845026,world,-0.27398985624313354,0.14488759636878967,-0.9275815486907959,0.012134872376918793,-0.39809292554855347,0.049963101744651794,-0.9159032106399536
1578998495.9948637,world,-0.2745819687843323,0.14507430791854858,-0.9260510802268982,0.011854440905153751,-0.3969009816646576,0.049871791154146194,-0.9164289832115173
1578998496.004085,world,-0.2751118838787079,0.14524458348751068,-0.9242368340492249,0.011538403108716011,-0.3963315486907959,0.049435582011938095,-0.9167030453681946
1578998496.0143735,world,-0.2755902409553528,0.14543767273426056,-0.9225975871086121,0.011133518069982529,-0.39516693353652954,0.049355462193489075,-0.9172149300575256
1578998496.0144148,world,-0.276298850774765,0.1455746591091156,-0.9209370017051697,0.01151264738291502,-0.3946290910243988,0.04839415103197098,-0.9174929261207581
1578998496.0246742,world,-0.276747465133667,0.14569436013698578,-0.9191367626190186,0.011090906336903572,-0.39351364970207214,0.048439279198646545,-0.9179747700691223
1578998496.037048,world,-0.2773183286190033,0.14585722982883453,-0.9178227782249451,0.010474946349859238,-0.39280810952186584,0.04852662608027458,-0.9182795286178589
1578998496.044486,world,-0.2777436077594757,0.146026611328125,-0.9160659909248352,0.009883320890367031,-0.39187857508659363,0.04893413931131363,-0.9186615347862244
1578998496.054854,world,-0.2780417799949646,0.14609366655349731,-0.914325475692749,0.009418624453246593,-0.3909127712249756,0.049183230847120285,-0.919064462184906
1578998496.064092,world,-0.27856963872909546,0.146232008934021,-0.9126284122467041,0.009483265690505505,-0.390157550573349,0.04857241362333298,-0.919417142868042
1578998496.0743978,world,-0.27893102169036865,0.14631511270999908,-0.9109052419662476,0.008713383227586746,-0.38930678367614746,0.048843272030353546,-0.9197709560394287
1578998496.0744238,world,-0.27938929200172424,0.14642734825611115,-0.9093917012214661,0.007999708876013756,-0.3889780640602112,0.048807766288518906,-0.9199184775352478
1578998496.0846684,world,-0.27982097864151,0.1464628130197525,-0.9077588319778442,0.007672077976167202,-0.3877873122692108,0.04855405166745186,-0.9204372763633728
1578998496.0939867,world,-0.2802952527999878,0.14649301767349243,-0.9060119390487671,0.006915530655533075,-0.38741716742515564,0.048703085631132126,-0.9205912351608276
1578998496.1052003,world,-0.28073155879974365,0.1464657485485077,-0.9044733643531799,0.006336265709251165,-0.3862888813018799,0.04851016402244568,-0.9210795760154724
1578998496.1144025,world,-0.28112149238586426,0.14654693007469177,-0.9029433727264404,0.005950292106717825,-0.38597139716148376,0.048422157764434814,-0.9212199449539185
1578998496.1144187,world,-0.2815031409263611,0.14654788374900818,-0.9012593626976013,0.00516400346532464,-0.3850652277469635,0.04893752932548523,-0.9215765595436096
1578998496.124973,world,-0.28184419870376587,0.14652910828590393,-0.8997116684913635,0.005179921165108681,-0.3840261995792389,0.048678208142519,-0.922023594379425
1578998496.134912,world,-0.2821759581565857,0.14647610485553741,-0.897880494594574,0.004804952535778284,-0.3834603726863861,0.04877403751015663,-0.9222561120986938
1578998496.1442018,world,-0.28252026438713074,0.14641468226909637,-0.8964245915412903,0.004091454204171896,-0.38262930512428284,0.04903021454811096,-0.9225910305976868
1578998496.1545138,world,-0.28294873237609863,0.14632415771484375,-0.894811749458313,0.004096378106623888,-0.38190141320228577,0.04852595552802086,-0.9229192733764648
1578998496.1545486,world,-0.283412367105484,0.14624597132205963,-0.8932453393936157,0.0032254699617624283,-0.38101232051849365,0.0488760881125927,-0.9232715368270874
1578998496.1742375,world,-0.2838870584964752,0.14613302052021027,-0.8919059038162231,0.0036219332832843065,-0.3804212510585785,0.048088572919368744,-0.9235551357269287
1578998496.174256,world,-0.284189909696579,0.14604155719280243,-0.8902459740638733,0.0031753855291754007,-0.37969639897346497,0.048290837556123734,-0.9238445162773132
1578998496.184818,world,-0.2844644784927368,0.1458992213010788,-0.888602077960968,0.0029793530702590942,-0.37879297137260437,0.04842780530452728,-0.9242087006568909
1578998496.1953552,world,-0.284736692905426,0.14579805731773376,-0.8870155811309814,0.002981964498758316,-0.3780014216899872,0.04820418357849121,-0.9245445132255554
1578998496.204689,world,-0.2850569188594818,0.1456541270017624,-0.8856242895126343,0.0026395043823868036,-0.3770325481891632,0.04866262897849083,-0.9249170422554016
1578998496.213901,world,-0.2852421700954437,0.14552627503871918,-0.8839147090911865,0.0024457043036818504,-0.3762509524822235,0.04878503456711769,-0.9252293705940247
1578998496.2241175,world,-0.28544625639915466,0.1453603357076645,-0.8821151256561279,0.0022870569955557585,-0.37550872564315796,0.0489114411175251,-0.9255245327949524
1578998496.2241318,world,-0.2858206331729889,0.1452186405658722,-0.8809471130371094,0.0021332697942852974,-0.3744736909866333,0.048787862062454224,-0.9259506464004517
1578998496.235042,world,-0.28610172867774963,0.14504648745059967,-0.8792336583137512,0.0018659146735444665,-0.3739496171474457,0.04882015287876129,-0.9261613488197327
1578998496.2461476,world,-0.2863262891769409,0.14487533271312714,-0.8775423765182495,0.0014322366332635283,-0.3731856048107147,0.04894820973277092,-0.9264634251594543
1578998496.2461612,world,-0.28685998916625977,0.14471012353897095,-0.876364529132843,0.0012178553733974695,-0.3726847171783447,0.0488157719373703,-0.9266723990440369
1578998496.2646167,world,-0.28703373670578003,0.1444792002439499,-0.874691903591156,0.0008146626641973853,-0.372040331363678,0.04911217465996742,-0.9269161224365234
1578998496.2647893,world,-0.28727811574935913,0.14423726499080658,-0.8730342984199524,0.0003705824783537537,-0.3710729479789734,0.04962548986077309,-0.9272767901420593
1578998496.2738347,world,-0.28754281997680664,0.14404331147670746,-0.8716322779655457,0.00047431146958842874,-0.3702727258205414,0.04944915324449539,-0.9276058673858643
1578998496.2840261,world,-0.28774335980415344,0.14383888244628906,-0.8700405955314636,0.00032677233684808016,-0.36973029375076294,0.049699846655130386,-0.927808940410614
1578998496.294506,world,-0.2880071997642517,0.1436253786087036,-0.8684331178665161,-0.00010464050865266472,-0.36865830421447754,0.05024927482008934,-0.9282058477401733
1578998496.3051596,world,-0.288242906332016,0.1433914750814438,-0.8669400811195374,-0.0002627125068102032,-0.3683125078678131,0.050436124205589294,-0.9283329844474792
1578998496.3141758,world,-0.2885685861110687,0.14313773810863495,-0.8655133247375488,-0.0003303122066427022,-0.36727893352508545,0.050411876291036606,-0.9287436604499817
1578998496.325288,world,-0.2888992130756378,0.14293433725833893,-0.8638612627983093,-0.0007334676338359714,-0.36669477820396423,0.05064167454838753,-0.9289617538452148
1578998496.3253202,world,-0.28930455446243286,0.14264829456806183,-0.8625742197036743,-0.0004718433483503759,-0.3663608431816101,0.050448011606931686,-0.9291041493415833
1578998496.334104,world,-0.28980720043182373,0.14244456589221954,-0.8611537218093872,-0.0010108951246365905,-0.3656047284603119,0.05039321631193161,-0.9294045567512512
1578998496.344359,world,-0.2900272607803345,0.14218869805335999,-0.8594115376472473,-0.0014272320549935102,-0.3649502396583557,0.05025092512369156,-0.9296689033508301
1578998496.355069,world,-0.29039445519447327,0.14195778965950012,-0.8578618168830872,-0.0019205507123842835,-0.36445093154907227,0.05009208619594574,-0.9298723936080933
1578998496.3640637,world,-0.2907712757587433,0.14171183109283447,-0.8565306067466736,-0.002328356960788369,-0.3634136915206909,0.05034777522087097,-0.9302635788917542
1578998496.3640773,world,-0.29100674390792847,0.1414058953523636,-0.854795515537262,-0.002725383033975959,-0.36276862025260925,0.050278440117836,-0.9305180311203003
1578998496.3744678,world,-0.29121869802474976,0.14107541739940643,-0.8531334400177002,-0.003207446774467826,-0.3619862198829651,0.050678692758083344,-0.9307993650436401
1578998496.3843544,world,-0.29162564873695374,0.14074929058551788,-0.8518584966659546,-0.003000655211508274,-0.3610762357711792,0.0507236011326313,-0.9311510324478149
1578998496.3944492,world,-0.2920122742652893,0.1403844654560089,-0.850323498249054,-0.002935596974566579,-0.3606147766113281,0.05095844343304634,-0.931317150592804
1578998496.4047477,world,-0.29240766167640686,0.14004871249198914,-0.8487961888313293,-0.003367719240486622,-0.3599981665611267,0.051484428346157074,-0.9315252900123596
1578998496.4047694,world,-0.2927775979042053,0.13970999419689178,-0.8475691080093384,-0.0032457762863487005,-0.3592621684074402,0.05129546672105789,-0.9318202137947083
1578998496.414053,world,-0.29308679699897766,0.13932178914546967,-0.8459068536758423,-0.003940361086279154,-0.3582833409309387,0.05199228227138519,-0.9321557283401489
1578998496.4241798,world,-0.29330796003341675,0.13884574174880981,-0.8441752195358276,-0.004685087129473686,-0.3575015664100647,0.05211401730775833,-0.9324456453323364
1578998496.434451,world,-0.293668657541275,0.13844004273414612,-0.8427558541297913,-0.004973967559635639,-0.3566516041755676,0.052038297057151794,-0.932773768901825
1578998496.444748,world,-0.2940387725830078,0.138038769364357,-0.8412075042724609,-0.005470421630889177,-0.3559167981147766,0.05197161063551903,-0.9330554008483887
1578998496.454346,world,-0.2943251132965088,0.1376461386680603,-0.8394938111305237,-0.006155205890536308,-0.3554135262966156,0.05192612484097481,-0.9332454204559326
1578998496.464645,world,-0.2948274612426758,0.13721662759780884,-0.8380877375602722,-0.006454187445342541,-0.3544783890247345,0.05175614729523659,-0.9336085319519043
1578998496.4646595,world,-0.29520857334136963,0.13679584860801697,-0.8366490602493286,-0.006784627679735422,-0.35427600145339966,0.05199500173330307,-0.9336697459220886
1578998496.473852,world,-0.2954522371292114,0.1362803876399994,-0.8349339365959167,-0.007458554580807686,-0.3535798192024231,0.05261923000216484,-0.9338934421539307
1578998496.4843485,world,-0.2957671284675598,0.13580867648124695,-0.8333141207695007,-0.007801925763487816,-0.35250598192214966,0.052848007529973984,-0.9342835545539856
1578998496.4946666,world,-0.29599782824516296,0.13539892435073853,-0.8318241834640503,-0.008157491683959961,-0.35205647349357605,0.053008321672677994,-0.9344409704208374
1578998496.5039701,world,-0.29628443717956543,0.13497547805309296,-0.8301234841346741,-0.008987320587038994,-0.35109859704971313,0.053444817662239075,-0.934768795967102
1578998496.5142674,world,-0.296561598777771,0.13454212248325348,-0.8283206224441528,-0.009704174473881721,-0.3506113588809967,0.053756408393383026,-0.9349266290664673
1578998496.5142899,world,-0.2969991862773895,0.13396038115024567,-0.8268587589263916,-0.010267811827361584,-0.34976381063461304,0.05369381234049797,-0.9352416396141052
1578998496.5244973,world,-0.29743894934654236,0.13342787325382233,-0.8253729343414307,-0.010793013498187065,-0.34927845001220703,0.0535389706492424,-0.9354259967803955
1578998496.5338025,world,-0.29790955781936646,0.13297756016254425,-0.8237866759300232,-0.011343689635396004,-0.3484858274459839,0.0533301867544651,-0.9357269406318665
1578998496.5441296,world,-0.2982650697231293,0.13253414630889893,-0.8219999074935913,-0.012094344943761826,-0.3476213216781616,0.0530947670340538,-0.9360523819923401
1578998496.5544732,world,-0.2986411154270172,0.13204525411128998,-0.8204535245895386,-0.012594734318554401,-0.3468192219734192,0.05257909744977951,-0.9363723993301392
1578998496.5648293,world,-0.29906079173088074,0.13160651922225952,-0.8187402486801147,-0.013123024255037308,-0.3456851840019226,0.0524592287838459,-0.9367911219596863
1578998496.5649278,world,-0.2994201183319092,0.13107942044734955,-0.8171025514602661,-0.01385466381907463,-0.3452710509300232,0.05287542939186096,-0.9369099736213684
1578998496.5846438,world,-0.30004802346229553,0.13064570724964142,-0.8156933784484863,-0.01443631760776043,-0.34424734115600586,0.05289414897561073,-0.9372767210006714
1578998496.5846596,world,-0.30047884583473206,0.13015630841255188,-0.8139903545379639,-0.015089132823050022,-0.3438723087310791,0.0530565045773983,-0.9373948574066162
1578998496.593872,world,-0.3008619248867035,0.12964020669460297,-0.8122156858444214,-0.015446317382156849,-0.34301191568374634,0.052816733717918396,-0.937717854976654
1578998496.6047003,world,-0.3013817071914673,0.12921056151390076,-0.8105305433273315,-0.016190076246857643,-0.34214749932289124,0.0524873211979866,-0.9380395412445068
1578998496.6047094,world,-0.30183568596839905,0.12867559492588043,-0.8088327050209045,-0.017119698226451874,-0.3414267897605896,0.05242088809609413,-0.9382892847061157
1578998496.6146724,world,-0.30251795053482056,0.12817534804344177,-0.8074061870574951,-0.01750553771853447,-0.3405250906944275,0.05195125564932823,-0.9386358857154846
1578998496.6239936,world,-0.303154319524765,0.12771034240722656,-0.8058193922042847,-0.01831500604748726,-0.3400868773460388,0.051639050245285034,-0.9387965798377991
1578998496.644868,world,-0.30375829339027405,0.12721817195415497,-0.8041442036628723,-0.01856163889169693,-0.33893224596977234,0.05099756643176079,-0.9392442107200623
1578998496.6448767,world,-0.30423077940940857,0.12668059766292572,-0.8023920059204102,-0.018789105117321014,-0.3380984663963318,0.050659678876399994,-0.9395584464073181
1578998496.654791,world,-0.30505627393722534,0.1262621283531189,-0.8009357452392578,-0.01859898306429386,-0.33750250935554504,0.049855656921863556,-0.9398195147514343
1578998496.6642025,world,-0.30591151118278503,0.12569785118103027,-0.7996063232421875,-0.018954958766698837,-0.3365105986595154,0.04941296577453613,-0.9401913285255432
1578998496.6642601,world,-0.3064127564430237,0.12513358891010284,-0.7978355884552002,-0.019431965425610542,-0.33552515506744385,0.04922939091920853,-0.9405433535575867
1578998496.6840522,world,-0.30722811818122864,0.12462889403104782,-0.7962825298309326,-0.019835425540804863,-0.33461207151412964,0.0487864650785923,-0.940883219242096
1578998496.6841016,world,-0.30794161558151245,0.12400846928358078,-0.7947878241539001,-0.02040526643395424,-0.3338138461112976,0.04787691310048103,-0.9412012100219727
1578998496.6942868,world,-0.30866941809654236,0.12353160977363586,-0.7932764291763306,-0.021154891699552536,-0.33269378542900085,0.04720407724380493,-0.9416152238845825
1578998496.7053018,world,-0.3096109926700592,0.12297680228948593,-0.7917760610580444,-0.021798234432935715,-0.3320150375366211,0.04628618434071541,-0.9418856501579285
1578998496.7053194,world,-0.31020358204841614,0.12239320576190948,-0.7899188995361328,-0.022582756355404854,-0.331152081489563,0.04577469825744629,-0.9421958923339844
1578998496.7248619,world,-0.31118640303611755,0.12185738980770111,-0.7886473536491394,-0.02267560362815857,-0.33009570837020874,0.045094702392816544,-0.9425970911979675
1578998496.7248785,world,-0.31205135583877563,0.12125122547149658,-0.7872862219810486,-0.022702693939208984,-0.3294717073440552,0.04441452398896217,-0.9428470134735107
1578998496.7343438,world,-0.3127662241458893,0.12075116485357285,-0.7856987714767456,-0.02306418865919113,-0.3286924958229065,0.04406203329563141,-0.9431267380714417
1578998496.7444599,world,-0.3135071396827698,0.12017680704593658,-0.7840511202812195,-0.02382632903754711,-0.3280356228351593,0.043912969529628754,-0.9433434009552002
1578998496.7548144,world,-0.3144318163394928,0.11970553547143936,-0.7827553153038025,-0.024444222450256348,-0.32774823904037476,0.04376567155122757,-0.9434342980384827
1578998496.7548287,world,-0.31521502137184143,0.1192178726196289,-0.781221866607666,-0.024614715948700905,-0.32709646224975586,0.04305422306060791,-0.943688690662384
1578998496.7745783,world,-0.3161357045173645,0.11862079799175262,-0.7798441648483276,-0.02507931925356388,-0.3265018165111542,0.04204253852367401,-0.9439280033111572
1578998496.7745934,world,-0.31709131598472595,0.11802049726247787,-0.7785027027130127,-0.02522636577486992,-0.3264317810535431,0.041668206453323364,-0.9439648985862732
1578998496.7848127,world,-0.3178056478500366,0.11752571165561676,-0.7770555019378662,-0.02527432143688202,-0.32566818594932556,0.04058701917529106,-0.9442744851112366
1578998496.7941613,world,-0.3188409209251404,0.11703662574291229,-0.7758042812347412,-0.025769690051674843,-0.3255625367164612,0.03996222838759422,-0.9443241953849792
1578998496.804373,world,-0.3196563720703125,0.11654002964496613,-0.7743428945541382,-0.02597932703793049,-0.32569420337677,0.03961627930402756,-0.9442875385284424
1578998496.8146205,world,-0.32061535120010376,0.11601140350103378,-0.7729425430297852,-0.025797870010137558,-0.3252193331718445,0.039092592895030975,-0.9444780349731445
1578998496.8146343,world,-0.32132524251937866,0.11554117500782013,-0.7714987993240356,-0.026213262230157852,-0.32506006956100464,0.03903396800160408,-0.9445238709449768
1578998496.8240175,world,-0.32223889231681824,0.11494956165552139,-0.7701799273490906,-0.026202887296676636,-0.3246518075466156,0.03870083764195442,-0.9446782469749451
1578998496.8344412,world,-0.3230530321598053,0.11430571973323822,-0.7697317004203796,-0.025131303817033768,-0.3232869803905487,0.03823905065655708,-0.9451940655708313
1578998496.8448648,world,-0.3241260349750519,0.11404348909854889,-0.7676457762718201,-0.026918873190879822,-0.3244962692260742,0.03769621625542641,-0.9447521567344666
1578998496.86432,world,-0.3249222934246063,0.11351313441991806,-0.766114354133606,-0.026593856513500214,-0.32486480474472046,0.03659289330244064,-0.9446780681610107
1578998496.8643649,world,-0.3269234895706177,0.11223649978637695,-0.7644523978233337,-0.025811830535531044,-0.32241860032081604,0.03543771803379059,-0.9455813765525818
1578998496.874548,world,-0.32773444056510925,0.11170308291912079,-0.763020932674408,-0.025595884770154953,-0.32203736901283264,0.035281505435705185,-0.9457229971885681
1578998496.8858297,world,-0.32884517312049866,0.1112440824508667,-0.7620413899421692,-0.025385862216353416,-0.32232484221458435,0.034832049161195755,-0.9456474781036377
1578998496.8946025,world,-0.32963764667510986,0.11079062521457672,-0.7605807185173035,-0.025084050372242928,-0.3218543827533722,0.034694649279117584,-0.9458207488059998
1578998496.9047747,world,-0.3306449353694916,0.11042946577072144,-0.7592154741287231,-0.02476332150399685,-0.32186564803123474,0.0342366099357605,-0.9458420872688293
1578998496.9047873,world,-0.3314647674560547,0.11005300283432007,-0.7577033042907715,-0.025246361270546913,-0.32173269987106323,0.03441161289811134,-0.9458681344985962
1578998496.9141614,world,-0.3323863446712494,0.10966269671916962,-0.7562417387962341,-0.02541222609579563,-0.3213450312614441,0.03418127819895744,-0.9460038542747498
1578998496.924438,world,-0.3335890471935272,0.10929730534553528,-0.7550331354141235,-0.02571605145931244,-0.32137489318847656,0.03345489129424095,-0.9460114240646362
1578998496.9339972,world,-0.3345749080181122,0.10872933268547058,-0.7537124752998352,-0.02595815807580948,-0.32104578614234924,0.03265586867928505,-0.9461445808410645
1578998496.9442961,world,-0.3356204628944397,0.10824394971132278,-0.752285897731781,-0.026300758123397827,-0.32093745470046997,0.03162030875682831,-0.9462070465087891
1578998496.9546883,world,-0.336893230676651,0.10778484493494034,-0.7511120438575745,-0.026474345475435257,-0.32060709595680237,0.030826451256871223,-0.9463403820991516
1578998496.9547021,world,-0.3380183279514313,0.10725607722997665,-0.7498975396156311,-0.026247652247548103,-0.32041534781455994,0.029616408050060272,-0.9464502334594727
1578998496.96399,world,-0.3392045199871063,0.10670886933803558,-0.7486473917961121,-0.026322325691580772,-0.32066816091537476,0.029215965420007706,-0.9463749527931213
1578998496.9745438,world,-0.34048837423324585,0.10614482313394547,-0.7474315166473389,-0.025547588244080544,-0.32032719254493713,0.02829081565141678,-0.9465398192405701
1578998496.9848988,world,-0.34171849489212036,0.10557118058204651,-0.7461945414543152,-0.025292135775089264,-0.3203543424606323,0.02773106098175049,-0.9465539455413818
1578998496.994298,world,-0.34284594655036926,0.10495337098836899,-0.7449294924736023,-0.025684904307127,-0.31964242458343506,0.027351856231689453,-0.9467951655387878
1578998496.994315,world,-0.34418177604675293,0.1043110340833664,-0.7437999844551086,-0.026269545778632164,-0.3198625147342682,0.02672184631228447,-0.9467227458953857
1578998497.00456,world,-0.345437228679657,0.10368923097848892,-0.742525577545166,-0.026366136968135834,-0.3196287155151367,0.025548944249749184,-0.9468313455581665
1578998497.0137913,world,-0.3467065095901489,0.10294757783412933,-0.7411498427391052,-0.026726581156253815,-0.3192105293273926,0.02430495247244835,-0.9469950199127197
1578998497.0240479,world,-0.3481740653514862,0.1023426204919815,-0.7399303317070007,-0.02732199802994728,-0.31883153319358826,0.02356084994971752,-0.9471245408058167
1578998497.0348582,world,-0.3495253920555115,0.10157649219036102,-0.7386492490768433,-0.027386872097849846,-0.31852391362190247,0.022053364664316177,-0.9472624659538269
1578998497.0447814,world,-0.35087209939956665,0.10098124295473099,-0.7374083399772644,-0.02764125168323517,-0.317975789308548,0.0211783479899168,-0.9474592208862305
1578998497.0541232,world,-0.35223251581192017,0.1002168357372284,-0.7360498309135437,-0.027923164889216423,-0.3177565038204193,0.02034442126750946,-0.9475427865982056
1578998497.0643847,world,-0.35355982184410095,0.0995403453707695,-0.7347531318664551,-0.027989543974399567,-0.31691741943359375,0.019719909876585007,-0.9478349685668945
1578998497.0644052,world,-0.3549531400203705,0.09882468730211258,-0.7334139347076416,-0.027921738103032112,-0.31642580032348633,0.018589751794934273,-0.9480240941047668
1578998497.0746715,world,-0.35631653666496277,0.0980740636587143,-0.7320277690887451,-0.028317395597696304,-0.315957248210907,0.01800677739083767,-0.9481798410415649
1578998497.0838394,world,-0.3576797544956207,0.0972820371389389,-0.730699360370636,-0.028042754158377647,-0.3152676820755005,0.016537325456738472,-0.9484441876411438
1578998497.0940993,world,-0.35924574732780457,0.09649830311536789,-0.7294984459877014,-0.02900705859065056,-0.31453824043273926,0.015911368653178215,-0.9486681222915649
1578998497.1141543,world,-0.3607589602470398,0.09578434377908707,-0.7282291054725647,-0.02952715754508972,-0.313841849565506,0.014935246668756008,-0.9488986134529114
1578998497.1141658,world,-0.36348047852516174,0.09412063658237457,-0.7252846956253052,-0.029888607561588287,-0.3120737075805664,0.01294798869639635,-0.9494994282722473
1578998497.1243773,world,-0.3648042380809784,0.09331244230270386,-0.7237385511398315,-0.030384406447410583,-0.31076350808143616,0.012089487165212631,-0.949924647808075
1578998497.1360033,world,-0.3662871718406677,0.09251726418733597,-0.7224408984184265,-0.03059558756649494,-0.3098904490470886,0.011542681604623795,-0.9502098560333252
1578998497.1441681,world,-0.3677227795124054,0.09161744266748428,-0.7209850549697876,-0.031044913455843925,-0.30881357192993164,0.010578137822449207,-0.9505569338798523
1578998497.1545193,world,-0.36908644437789917,0.0908660814166069,-0.7194032073020935,-0.0313890278339386,-0.30763357877731323,0.00985425990074873,-0.9509360194206238
1578998497.1655095,world,-0.3705393373966217,0.09001487493515015,-0.7178734540939331,-0.031762637197971344,-0.30651989579200745,0.008598883636295795,-0.9512953758239746
1578998497.1655233,world,-0.37200310826301575,0.0890994518995285,-0.7164838910102844,-0.03249486908316612,-0.3058283030986786,0.007903537712991238,-0.9514992237091064
1578998497.175542,world,-0.3734613060951233,0.08820915967226028,-0.7150428891181946,-0.03318662941455841,-0.304597407579422,0.007330045104026794,-0.9518747329711914
1578998497.1841962,world,-0.37486839294433594,0.08732949197292328,-0.7135451436042786,-0.0336746908724308,-0.30342888832092285,0.006272261030972004,-0.9522382020950317
1578998497.1947043,world,-0.3761454224586487,0.08648939430713654,-0.7120288610458374,-0.03468353673815727,-0.3025944232940674,0.005881656892597675,-0.952470064163208
1578998497.2040145,world,-0.37754592299461365,0.08557493984699249,-0.7105304598808289,-0.03473782539367676,-0.30163997411727905,0.005099572706967592,-0.952775239944458
1578998497.2142236,world,-0.3790356516838074,0.08471281826496124,-0.7091288566589355,-0.03512058034539223,-0.3007248044013977,0.004425803665071726,-0.953053891658783
1578998497.2142394,world,-0.3803209662437439,0.08392537385225296,-0.7075052261352539,-0.03582821413874626,-0.29953333735466003,0.003803409868851304,-0.9534052610397339
1578998497.2245324,world,-0.3817809522151947,0.08295328915119171,-0.7061325311660767,-0.036869604140520096,-0.2985757291316986,0.0034127456601709127,-0.9536674618721008
1578998497.2350469,world,-0.38303127884864807,0.08201133459806442,-0.7043651938438416,-0.03689245507121086,-0.2970981299877167,0.002461598254740238,-0.9541308283805847
1578998497.2444985,world,-0.3844970166683197,0.08117780089378357,-0.7029188871383667,-0.03770017996430397,-0.29632583260536194,0.001954555045813322,-0.9543406367301941
1578998497.2548654,world,-0.38589727878570557,0.0801844596862793,-0.7014384269714355,-0.03861149027943611,-0.2956291735172272,0.0015956319402903318,-0.9545208215713501
1578998497.2548847,world,-0.3871822655200958,0.07924595475196838,-0.6998439431190491,-0.03879871591925621,-0.2940928041934967,0.0010898025939241052,-0.9549885392189026
1578998497.2743108,world,-0.3884616196155548,0.07824889570474625,-0.6982836127281189,-0.03951149433851242,-0.2936263084411621,0.0002713795402087271,-0.9551033973693848
1578998497.2743323,world,-0.389820396900177,0.07725857943296432,-0.6967663764953613,-0.040024012327194214,-0.2925640940666199,-5.062470881966874e-05,-0.9554080367088318
1578998497.2845345,world,-0.3912176191806793,0.07627856731414795,-0.6953688859939575,-0.04041058197617531,-0.291575163602829,-0.000651974231004715,-0.9556938409805298
1578998497.2940624,world,-0.3925298750400543,0.07524655014276505,-0.6939387917518616,-0.04108163341879845,-0.29065439105033875,-0.0011483978014439344,-0.9559450745582581
1578998497.3041747,world,-0.39389753341674805,0.07425446808338165,-0.6924836039543152,-0.041972603648900986,-0.2898401916027069,-0.0012221317738294601,-0.9561535716056824
1578998497.31448,world,-0.3951670229434967,0.0731816440820694,-0.6909645795822144,-0.041672565042972565,-0.289572149515152,-0.002303351415321231,-0.9562458395957947
1578998497.3145978,world,-0.3962918519973755,0.07210635393857956,-0.6892568469047546,-0.04267113655805588,-0.28837093710899353,-0.002560513559728861,-0.9565640687942505
1578998497.3245425,world,-0.39779040217399597,0.07104535400867462,-0.6879253387451172,-0.043128546327352524,-0.28762194514274597,-0.0033384698908776045,-0.9567667245864868
1578998497.334808,world,-0.3990497887134552,0.06997013092041016,-0.6863791942596436,-0.04316817596554756,-0.28671523928642273,-0.003888108767569065,-0.9570349454879761
1578998497.344057,world,-0.40038129687309265,0.06882236897945404,-0.6849690675735474,-0.04438576102256775,-0.28599536418914795,-0.004084968939423561,-0.9571937918663025
1578998497.3583443,world,-0.4016281068325043,0.06768760085105896,-0.6834830045700073,-0.04464136064052582,-0.2850317656993866,-0.0047640143893659115,-0.957466185092926
1578998497.3583648,world,-0.4029726982116699,0.06667081266641617,-0.6822140216827393,-0.045516569167375565,-0.2840271592140198,-0.004470283631235361,-0.957724928855896
1578998497.3649402,world,-0.40440499782562256,0.06545151770114899,-0.6809954643249512,-0.0456157922744751,-0.2831943929195404,-0.005171165335923433,-0.957963228225708
1578998497.3743765,world,-0.40569689869880676,0.06428856402635574,-0.679606556892395,-0.046325381845235825,-0.28220024704933167,-0.005434876773506403,-0.9582210779190063
1578998497.3838942,world,-0.40690934658050537,0.06317692995071411,-0.6781447529792786,-0.04670442268252373,-0.28193098306655884,-0.005638195667415857,-0.958280622959137
1578998497.3942575,world,-0.40817952156066895,0.06199445575475693,-0.6767128705978394,-0.046884629875421524,-0.28079918026924133,-0.006621173582971096,-0.9585978984832764
1578998497.4045134,world,-0.40954530239105225,0.06069404259324074,-0.6754686832427979,-0.04801095277070999,-0.27994489669799805,-0.006864942144602537,-0.9587901830673218
1578998497.4158862,world,-0.410739541053772,0.059625398367643356,-0.6741977334022522,-0.047784224152565,-0.2792701721191406,-0.007612887769937515,-0.9589926600456238
1578998497.434373,world,-0.4120946526527405,0.058413904160261154,-0.6729297637939453,-0.048768654465675354,-0.2782462537288666,-0.007802185136824846,-0.9592392444610596
1578998497.4344318,world,-0.41342607140541077,0.05720921978354454,-0.6718330383300781,-0.04942677542567253,-0.2774207890033722,-0.008290700614452362,-0.9594404697418213
1578998497.4344392,world,-0.4146715998649597,0.055994756519794464,-0.6706863045692444,-0.04955078288912773,-0.27616748213768005,-0.008133076131343842,-0.9597969651222229
1578998497.4447348,world,-0.4159165620803833,0.05477980896830559,-0.6695055961608887,-0.049754004925489426,-0.2752859592437744,-0.009035366587340832,-0.9600315690040588
1578998497.4540224,world,-0.4171236753463745,0.05350692197680473,-0.6685363054275513,-0.050260305404663086,-0.27467671036720276,-0.009209026582539082,-0.9601780772209167
1578998497.4641664,world,-0.41838040947914124,0.052375320345163345,-0.6674734950065613,-0.050734471529722214,-0.2735500931739807,-0.009186681360006332,-0.960474967956543
1578998497.4641788,world,-0.4195731282234192,0.051137857139110565,-0.6663923859596252,-0.05069036781787872,-0.27282828092575073,-0.010167887434363365,-0.9606726169586182
1578998497.4745905,world,-0.4208517074584961,0.04989909380674362,-0.6655141711235046,-0.05134623497724533,-0.2720997929573059,-0.010585026815533638,-0.9608398675918579
1578998497.4940686,world,-0.4220702052116394,0.04872506111860275,-0.6644763946533203,-0.051408614963293076,-0.2709285616874695,-0.010815827175974846,-0.9611648321151733
1578998497.5042396,world,-0.42329734563827515,0.04751044139266014,-0.6636818647384644,-0.0517449751496315,-0.27003321051597595,-0.011240927502512932,-0.9613939523696899
1578998497.5147424,world,-0.42443394660949707,0.04629039764404297,-0.6627342700958252,-0.05205182358622551,-0.26964014768600464,-0.011721653863787651,-0.9614819288253784
1578998497.515603,world,-0.42560240626335144,0.04510323330760002,-0.6618796586990356,-0.05205909162759781,-0.26884666085243225,-0.011865310370922089,-0.9617019295692444
1578998497.5156152,world,-0.42679157853126526,0.043882474303245544,-0.661064863204956,-0.05235104635357857,-0.2680354118347168,-0.012472632341086864,-0.9619048237800598
1578998497.5242605,world,-0.4280874729156494,0.04272807016968727,-0.6604250073432922,-0.052384935319423676,-0.2674538195133209,-0.01299189031124115,-0.9620580673217773
1578998497.5343993,world,-0.42908596992492676,0.041535988450050354,-0.659640908241272,-0.05266410857439041,-0.2666647732257843,-0.013287150301039219,-0.9622576832771301
1578998497.5542274,world,-0.4302883446216583,0.04037293419241905,-0.6587977409362793,-0.05274095758795738,-0.2660653591156006,-0.013692937791347504,-0.9624137282371521
1578998497.554238,world,-0.43135300278663635,0.039133451879024506,-0.6582557559013367,-0.053054504096508026,-0.26520299911499023,-0.01414657011628151,-0.9626280069351196
1578998497.5644832,world,-0.4330677092075348,0.0381489098072052,-0.6581019759178162,-0.0546455979347229,-0.2623216211795807,-0.01260305941104889,-0.9633496403694153
1578998497.5741453,world,-0.4335046708583832,0.036870699375867844,-0.6571019887924194,-0.053189340978860855,-0.2641987204551697,-0.014552226290106773,-0.9628905653953552
1578998497.5887969,world,-0.43487972021102905,0.035859331488609314,-0.6567343473434448,-0.05334734916687012,-0.2624543309211731,-0.01422263402491808,-0.9633637070655823
1578998497.5888138,world,-0.4360387623310089,0.03465377911925316,-0.6565145254135132,-0.05411987751722336,-0.2612798810005188,-0.014071275480091572,-0.9636420607566833
1578998497.5888278,world,-0.4369174838066101,0.0336136519908905,-0.6557828783988953,-0.053276561200618744,-0.26152104139328003,-0.014566866680979729,-0.9636163115501404
1578998497.6043959,world,-0.43809956312179565,0.03249559924006462,-0.6557695865631104,-0.053300581872463226,-0.2602701187133789,-0.015085791237652302,-0.9639455676078796
1578998497.6145644,world,-0.43878698348999023,0.031459834426641464,-0.6551375985145569,-0.05293378233909607,-0.2602163255214691,-0.015291855670511723,-0.9639769792556763
1578998497.6145797,world,-0.43981972336769104,0.030338849872350693,-0.6548778414726257,-0.05298883840441704,-0.2591003179550171,-0.015602264553308487,-0.9642696380615234
1578998497.6241138,world,-0.4407326579093933,0.029356367886066437,-0.654488205909729,-0.052505988627672195,-0.25894972681999207,-0.01568286307156086,-0.9643352031707764
1578998497.6348288,world,-0.44179874658584595,0.028399724513292313,-0.6546164751052856,-0.05245007202029228,-0.2582165002822876,-0.015605270862579346,-0.9645360708236694
1578998497.6446946,world,-0.442592978477478,0.027409277856349945,-0.6540858149528503,-0.05170343443751335,-0.2580415606498718,-0.015730900689959526,-0.9646211266517639
1578998497.6547003,world,-0.44345366954803467,0.026239564642310143,-0.6537919044494629,-0.05229189619421959,-0.25670671463012695,-0.016146712005138397,-0.9649387001991272
1578998497.6641293,world,-0.444387286901474,0.025415334850549698,-0.6538864374160767,-0.05173945426940918,-0.25709274411201477,-0.015685202553868294,-0.9648732542991638
1578998497.664155,world,-0.44523754715919495,0.024381982162594795,-0.6534762382507324,-0.05146375298500061,-0.2558598816394806,-0.01591820828616619,-0.965211808681488
1578998497.6743667,world,-0.44582700729370117,0.02345871925354004,-0.6531957387924194,-0.05123831331729889,-0.25579479336738586,-0.01603860594332218,-0.9652390480041504
1578998497.684713,world,-0.44689062237739563,0.02242721989750862,-0.6534410119056702,-0.05139004811644554,-0.2549935579299927,-0.01573026552796364,-0.9654481410980225
1578998497.6980283,world,-0.4474990665912628,0.02154025435447693,-0.653282642364502,-0.05058510601520538,-0.2548719346523285,-0.016080407425761223,-0.9655168652534485
1578998497.7043877,world,-0.44819408655166626,0.02047739550471306,-0.6530209183692932,-0.05089416727423668,-0.25392112135887146,-0.015419707633554935,-0.9657620191574097
1578998497.7149374,world,-0.4488818943500519,0.019565921276807785,-0.6529792547225952,-0.05048647150397301,-0.25408026576042175,-0.015601223334670067,-0.9657385349273682
1578998497.724231,world,-0.44956862926483154,0.0185905359685421,-0.652888298034668,-0.050318773835897446,-0.253105103969574,-0.014905828051269054,-0.9660143852233887
1578998497.7242565,world,-0.45020970702171326,0.017624802887439728,-0.6529324650764465,-0.05009092390537262,-0.25261640548706055,-0.015178159810602665,-0.9661498665809631
1578998497.7447724,world,-0.4507521390914917,0.016654953360557556,-0.6528131365776062,-0.049625150859355927,-0.2531237304210663,-0.014935252256691456,-0.9660449028015137
1578998497.74479,world,-0.4514927566051483,0.015691792592406273,-0.6526471376419067,-0.05006951838731766,-0.2515844404697418,-0.014839597046375275,-0.9664254188537598
1578998497.75393,world,-0.4517829120159149,0.014675872400403023,-0.652367115020752,-0.04997766762971878,-0.2515126168727875,-0.014882233925163746,-0.9664483070373535
1578998497.7643974,world,-0.45220035314559937,0.013777454383671284,-0.6522223353385925,-0.049191661179065704,-0.25154462456703186,-0.014865967445075512,-0.9664804935455322
1578998497.7744925,world,-0.45305535197257996,0.012870530597865582,-0.6526273488998413,-0.04963458701968193,-0.2505776882171631,-0.014072350226342678,-0.9667209386825562
1578998497.7745094,world,-0.45341718196868896,0.011891605332493782,-0.6525917053222656,-0.04915277659893036,-0.2507534325122833,-0.014081320725381374,-0.9666997790336609
1578998497.7847123,world,-0.4536711871623993,0.011014956049621105,-0.6523717641830444,-0.04848754033446312,-0.2502724528312683,-0.013548470102250576,-0.966865599155426
1578998497.7943487,world,-0.4542553424835205,0.010017335414886475,-0.6525155305862427,-0.049211110919713974,-0.24936047196388245,-0.012758967466652393,-0.9670754671096802
1578998497.804569,world,-0.45436421036720276,0.009097575210034847,-0.6521377563476562,-0.04815174266695976,-0.24947839975357056,-0.012990104034543037,-0.9670953154563904
1578998497.8147519,world,-0.4549029767513275,0.008194848895072937,-0.6522835493087769,-0.048536431044340134,-0.24954941868782043,-0.012158747762441635,-0.9670684933662415
1578998497.8240886,world,-0.45513805747032166,0.007150760851800442,-0.6522412300109863,-0.04789755493402481,-0.24909108877182007,-0.012524270452558994,-0.9672138690948486
1578998497.8344884,world,-0.4555995464324951,0.006282471586018801,-0.6524000763893127,-0.04844668135046959,-0.2482471764087677,-0.011365864425897598,-0.9674177765846252
1578998497.8345368,world,-0.456077516078949,0.005295665934681892,-0.6526069045066833,-0.04799862205982208,-0.24810799956321716,-0.011252747848629951,-0.9674772024154663
1578998497.8447318,world,-0.4561108648777008,0.004276081454008818,-0.6524223685264587,-0.04773077368736267,-0.24811068177223206,-0.010828728787600994,-0.967494547367096
1578998497.8545108,world,-0.4563726782798767,0.003334922483190894,-0.6525048017501831,-0.0470723994076252,-0.24784891307353973,-0.010608788579702377,-0.9675962924957275
1578998497.8645868,world,-0.4565320312976837,0.0022491898853331804,-0.6526218056678772,-0.04711432754993439,-0.24745649099349976,-0.010305926203727722,-0.9676979184150696
1578998497.8646576,world,-0.45698580145835876,0.0010076934704557061,-0.6525089144706726,-0.048836756497621536,-0.2471182942390442,-0.008010610938072205,-0.9677207469940186
1578998497.8863368,world,-0.45723608136177063,-4.993280163034797e-05,-0.6526278257369995,-0.049028825014829636,-0.24679285287857056,-0.007092836778610945,-0.9678012728691101
1578998497.8863924,world,-0.4573184847831726,-0.001045197481289506,-0.6526665091514587,-0.04802307114005089,-0.24705404043197632,-0.007901364006102085,-0.967778742313385
1578998497.8944192,world,-0.4574996829032898,-0.0021851614583283663,-0.6526811122894287,-0.04828760027885437,-0.2467295080423355,-0.007089952938258648,-0.9678547382354736
1578998497.90489,world,-0.45762893557548523,-0.0030628175009042025,-0.65269935131073,-0.04700261354446411,-0.2470395714044571,-0.008373604156076908,-0.9678285717964172
1578998497.914348,world,-0.45775753259658813,-0.0041427528485655785,-0.6528089642524719,-0.04654579982161522,-0.24640661478042603,-0.008319893851876259,-0.9680123925209045
1578998497.9143672,world,-0.4578094780445099,-0.005310320761054754,-0.6527844667434692,-0.04714410752058029,-0.24705596268177032,-0.007567310705780983,-0.9678242206573486
1578998497.9340136,world,-0.4580439329147339,-0.006364420987665653,-0.6528770923614502,-0.04730256646871567,-0.24545030295848846,-0.007105416152626276,-0.9682283997535706
1578998497.9340284,world,-0.4580629765987396,-0.007559726946055889,-0.6528741717338562,-0.04803978651762009,-0.24631834030151367,-0.00631093280389905,-0.9679771065711975
1578998497.9542902,world,-0.45817330479621887,-0.008638954721391201,-0.6529523730278015,-0.04778198525309563,-0.24574370682239532,-0.006327017210423946,-0.9681357741355896
1578998497.9543047,world,-0.4582800269126892,-0.009977703914046288,-0.6528452634811401,-0.04868258535861969,-0.24668681621551514,-0.004741720389574766,-0.9678601026535034
1578998497.9645557,world,-0.4583214819431305,-0.01110584381967783,-0.652765691280365,-0.0493893176317215,-0.24621257185935974,-0.004103274084627628,-0.9679479598999023
1578998497.975162,world,-0.458271861076355,-0.012121448293328285,-0.6528191566467285,-0.04777708277106285,-0.24653686583042145,-0.0056943390518426895,-0.9679383039474487
1578998497.9843168,world,-0.45823001861572266,-0.01324412040412426,-0.6526852250099182,-0.04845801740884781,-0.2461504489183426,-0.004994115326553583,-0.9680067300796509
1578998497.9843316,world,-0.45831242203712463,-0.01439453661441803,-0.6527895331382751,-0.048117950558662415,-0.24661961197853088,-0.0052490513771772385,-0.9679028987884521
1578998497.994824,world,-0.45826268196105957,-0.015595106407999992,-0.6526685357093811,-0.04870113730430603,-0.2463083118200302,-0.004363667219877243,-0.9679573774337769
1578998498.003924,world,-0.45835375785827637,-0.016781717538833618,-0.6527206301689148,-0.04894288629293442,-0.24632011353969574,-0.0047797770239412785,-0.9679402709007263
1578998498.0143893,world,-0.4582318961620331,-0.017935624346137047,-0.652554452419281,-0.048909083008766174,-0.2464410960674286,-0.004137812182307243,-0.9679141044616699
1578998498.0245266,world,-0.45841214060783386,-0.019134653732180595,-0.6526873707771301,-0.04949299991130829,-0.24630172550678253,-0.0042152199894189835,-0.9679195284843445
1578998498.0245717,world,-0.45835065841674805,-0.020305879414081573,-0.6525276899337769,-0.04924486204981804,-0.246298149228096,-0.004032345954328775,-0.9679338335990906
1578998498.0347767,world,-0.4585159718990326,-0.021497953683137894,-0.6526044011116028,-0.04959215968847275,-0.24641329050064087,-0.004101694095879793,-0.9678865075111389
1578998498.0445392,world,-0.4584880471229553,-0.022704774513840675,-0.6525002121925354,-0.04973702132701874,-0.24604415893554688,-0.004013819620013237,-0.9679733514785767
1578998498.0546474,world,-0.4585444927215576,-0.023932166397571564,-0.6524558663368225,-0.05008140951395035,-0.24640756845474243,-0.0037512972485274076,-0.9678642749786377
1578998498.0639641,world,-0.45874372124671936,-0.0251610167324543,-0.652590811252594,-0.05059967562556267,-0.24605678021907806,-0.003866444109007716,-0.9679261445999146
1578998498.075092,world,-0.458939790725708,-0.026348603889346123,-0.6526883840560913,-0.05106900632381439,-0.24583621323108673,-0.0033578670118004084,-0.9679593443870544
1578998498.0751088,world,-0.4589231610298157,-0.02757653407752514,-0.6524341106414795,-0.052110858261585236,-0.24525770545005798,-0.003031025407835841,-0.9680517315864563
1578998498.0847425,world,-0.45912259817123413,-0.028864117339253426,-0.652633786201477,-0.05146699771285057,-0.24501271545886993,-0.003500340273603797,-0.9681465029716492
1578998498.09403,world,-0.4591487944126129,-0.03006475418806076,-0.652501106262207,-0.05147621035575867,-0.2450595200061798,-0.0037845675833523273,-0.9681332111358643
1578998498.1042798,world,-0.45944133400917053,-0.031408220529556274,-0.6527294516563416,-0.05182035267353058,-0.24489876627922058,-0.003913659602403641,-0.9681549668312073
1578998498.1145198,world,-0.4595697224140167,-0.03259088844060898,-0.652818500995636,-0.05199168622493744,-0.24483050405979156,-0.004178486764431,-0.9681618809700012
1578998498.1238217,world,-0.4595465362071991,-0.03392469510436058,-0.6526493430137634,-0.05202627554535866,-0.24465706944465637,-0.004215650260448456,-0.9682037234306335
1578998498.1238341,world,-0.45966172218322754,-0.035217687487602234,-0.6526646018028259,-0.05312172323465347,-0.24433688819408417,-0.003961223643273115,-0.9682261347770691
1578998498.1455948,world,-0.459756076335907,-0.036490194499492645,-0.6526831984519958,-0.05287981778383255,-0.24414104223251343,-0.004343798849731684,-0.9682872295379639
1578998498.1458073,world,-0.4598091244697571,-0.037764772772789,-0.6526129841804504,-0.053174909204244614,-0.2442559003829956,-0.004467751830816269,-0.9682415127754211
1578998498.1541574,world,-0.45992326736450195,-0.03904160484671593,-0.6526648998260498,-0.05359548702836037,-0.24411070346832275,-0.004663233645260334,-0.9682539701461792
1578998498.1650476,world,-0.4600314199924469,-0.04038885980844498,-0.6527430415153503,-0.05378156527876854,-0.24419069290161133,-0.004631997551769018,-0.9682236313819885
1578998498.1650958,world,-0.4600939452648163,-0.041603077203035355,-0.6527087092399597,-0.0539696142077446,-0.24417008459568024,-0.005225301254540682,-0.9682153463363647
1578998498.1751485,world,-0.4601653814315796,-0.04295078292489052,-0.6527549624443054,-0.05396323651075363,-0.24435266852378845,-0.0050036124885082245,-0.9681708216667175
1578998498.18492,world,-0.4603125751018524,-0.04418189823627472,-0.652914822101593,-0.05411478132009506,-0.24451608955860138,-0.00557829812169075,-0.9681180119514465
1578998498.1952763,world,-0.4604373872280121,-0.045579612255096436,-0.6529119610786438,-0.05561155453324318,-0.2450740486383438,-0.00479124765843153,-0.9678963422775269
1578998498.2047691,world,-0.46037909388542175,-0.046817466616630554,-0.6528436541557312,-0.05530448630452156,-0.24511368572711945,-0.005077660549432039,-0.967902421951294
1578998498.2140515,world,-0.4604310989379883,-0.04802153632044792,-0.6528682112693787,-0.05565624684095383,-0.24515770375728607,-0.005600406788289547,-0.9678682088851929
1578998498.214068,world,-0.4605461657047272,-0.04948956146836281,-0.6528834104537964,-0.05542494356632233,-0.24579739570617676,-0.005766392219811678,-0.9677181839942932
1578998498.2348506,world,-0.46049144864082336,-0.050691843032836914,-0.6528042554855347,-0.055588673800230026,-0.24627245962619781,-0.006128258071839809,-0.9675858020782471
1578998498.234869,world,-0.4607432186603546,-0.052039023488759995,-0.6529061794281006,-0.056015077978372574,-0.24674037098884583,-0.0061179399490356445,-0.9674420952796936
1578998498.2442203,world,-0.4608927071094513,-0.05329156666994095,-0.6529126763343811,-0.05673739314079285,-0.24749010801315308,-0.006290309131145477,-0.9672073125839233
1578998498.2545104,world,-0.4609834551811218,-0.054641831666231155,-0.6528968811035156,-0.056908395141363144,-0.2480788379907608,-0.006581435911357403,-0.967044472694397
1578998498.2648962,world,-0.46129587292671204,-0.05593571439385414,-0.6531949043273926,-0.057111598551273346,-0.2492218315601349,-0.006658309139311314,-0.9667380452156067
1578998498.2649546,world,-0.46131113171577454,-0.057295747101306915,-0.6531002521514893,-0.05759744346141815,-0.24943609535694122,-0.00660341652110219,-0.9666544198989868
1578998498.2742147,world,-0.4613901674747467,-0.05866758152842522,-0.6531245112419128,-0.05822167545557022,-0.25008830428123474,-0.006447204388678074,-0.9664494395256042
1578998498.295076,world,-0.4613828659057617,-0.05998949706554413,-0.6530900597572327,-0.05848382040858269,-0.250711590051651,-0.006567946169525385,-0.9662712812423706
1578998498.2950833,world,-0.4615377187728882,-0.06142742559313774,-0.6532052159309387,-0.05895567312836647,-0.251177042722702,-0.006497551687061787,-0.9661222696304321
1578998498.304161,world,-0.4615534543991089,-0.06277048587799072,-0.6530647873878479,-0.05909190699458122,-0.25144320726394653,-0.006975657772272825,-0.9660413265228271
1578998498.3146021,world,-0.4616154432296753,-0.06419473886489868,-0.6528598070144653,-0.05984381213784218,-0.25203344225883484,-0.006911760661751032,-0.9658417105674744
1578998498.3146112,world,-0.4616893529891968,-0.06560219824314117,-0.6529668569564819,-0.059962738305330276,-0.25284141302108765,-0.007080956362187862,-0.9656218886375427
1578998498.3252335,world,-0.46185505390167236,-0.06695175915956497,-0.6529667973518372,-0.05996987968683243,-0.2534668743610382,-0.0074480194598436356,-0.9654546976089478
1578998498.334181,world,-0.46192556619644165,-0.06840796023607254,-0.6528913378715515,-0.06059838458895683,-0.2543380856513977,-0.007225758396089077,-0.9651879668235779
1578998498.3445256,world,-0.46192315220832825,-0.06979887187480927,-0.6529219746589661,-0.060132041573524475,-0.2551308572292328,-0.008021704852581024,-0.9650015830993652
1578998498.3550444,world,-0.46197956800460815,-0.07118448615074158,-0.6529602408409119,-0.06098305806517601,-0.2557441294193268,-0.007586429826915264,-0.9647893905639648
1578998498.3550549,world,-0.4619855284690857,-0.07263617217540741,-0.6528298258781433,-0.06137221306562424,-0.2563718259334564,-0.00750689348205924,-0.9645987153053284
1578998498.3642097,world,-0.46202200651168823,-0.07403229176998138,-0.6528091430664062,-0.061156805604696274,-0.2569069266319275,-0.007950855419039726,-0.964466392993927
1578998498.3745468,world,-0.4620894491672516,-0.07545050978660583,-0.6529130339622498,-0.06187322735786438,-0.25766023993492126,-0.007661307696253061,-0.9642221331596375
1578998498.38546,world,-0.4620668292045593,-0.07678273320198059,-0.6527809500694275,-0.06187758594751358,-0.2582987844944,-0.007907835766673088,-0.9640489816665649
1578998498.3943422,world,-0.46229469776153564,-0.07822270691394806,-0.6529394388198853,-0.06219677999615669,-0.2590658366680145,-0.007769712712615728,-0.9638237357139587
1578998498.4046335,world,-0.46245360374450684,-0.07960225641727448,-0.6530980467796326,-0.06306953728199005,-0.2598669230937958,-0.0075417072512209415,-0.9635531306266785
1578998498.404646,world,-0.4624604284763336,-0.08099410682916641,-0.6530935764312744,-0.0628676563501358,-0.2601737678050995,-0.008038305677473545,-0.9634795188903809
1578998498.4355443,world,-0.46258997917175293,-0.08233322203159332,-0.6531112194061279,-0.06353628635406494,-0.2613452076911926,-0.007621624041348696,-0.9631219506263733
1578998498.4355574,world,-0.4626868963241577,-0.08367129415273666,-0.6532368063926697,-0.06402052938938141,-0.26176729798316956,-0.0075561413541436195,-0.9629756808280945
1578998498.4356205,world,-0.4627179503440857,-0.08510006964206696,-0.6532649397850037,-0.06418253481388092,-0.26241976022720337,-0.00750707508996129,-0.9627877473831177
1578998498.4447758,world,-0.4627750813961029,-0.08644279837608337,-0.6531195640563965,-0.06475633382797241,-0.26276758313179016,-0.007424189709126949,-0.9626551270484924
1578998498.454233,world,-0.4628709852695465,-0.08779112994670868,-0.6532042622566223,-0.06462503969669342,-0.26321840286254883,-0.007498086430132389,-0.9625402092933655
1578998498.4644587,world,-0.46297743916511536,-0.08914574235677719,-0.653263509273529,-0.06533463299274445,-0.2637065649032593,-0.007407965138554573,-0.9623593688011169
1578998498.4749057,world,-0.4629991352558136,-0.09042797237634659,-0.6531174182891846,-0.06540720909833908,-0.26423928141593933,-0.007570844143629074,-0.9622069597244263
1578998498.4749205,world,-0.4632057547569275,-0.09178391098976135,-0.6532950401306152,-0.06539537012577057,-0.264667272567749,-0.007531109731644392,-0.9620904922485352
1578998498.4842513,world,-0.46322259306907654,-0.09306616336107254,-0.6532166004180908,-0.06646524369716644,-0.2649201452732086,-0.0073972842656075954,-0.961948573589325
1578998498.4944208,world,-0.46328461170196533,-0.09439314156770706,-0.6531712412834167,-0.0659346878528595,-0.2654193341732025,-0.007718407083302736,-0.9618449211120605
1578998498.5046606,world,-0.4634920358657837,-0.09566476941108704,-0.6533806324005127,-0.06616818159818649,-0.2658301591873169,-0.00757166463881731,-0.9617166519165039
1578998498.5047038,world,-0.4637060761451721,-0.09695720672607422,-0.6535482406616211,-0.0662664920091629,-0.2663976550102234,-0.007961087860167027,-0.961549699306488
1578998498.5160317,world,-0.4637952446937561,-0.09823896735906601,-0.6535142064094543,-0.06616459786891937,-0.26672661304473877,-0.007799481973052025,-0.9614667892456055
1578998498.5242646,world,-0.464158296585083,-0.09959093481302261,-0.6539219617843628,-0.0651019737124443,-0.26734548807144165,-0.008673609234392643,-0.961359977722168
1578998498.5344317,world,-0.4643203020095825,-0.10100063681602478,-0.654041588306427,-0.06504261493682861,-0.26783496141433716,-0.008841551840305328,-0.961226224899292
1578998498.5447478,world,-0.46441102027893066,-0.10210857540369034,-0.6539917588233948,-0.06501802802085876,-0.2681463062763214,-0.009063736535608768,-0.9611389636993408
1578998498.5541005,world,-0.46456485986709595,-0.1034395769238472,-0.654172956943512,-0.06476342678070068,-0.2689397633075714,-0.009329931810498238,-0.9609318971633911
1578998498.5645437,world,-0.4645524322986603,-0.10460039973258972,-0.65406733751297,-0.06486764550209045,-0.2695041000843048,-0.009268473833799362,-0.9607673287391663
1578998498.5645585,world,-0.46475276350975037,-0.1058456152677536,-0.6542669534683228,-0.06456907093524933,-0.27011987566947937,-0.00966431200504303,-0.9606106281280518
1578998498.5749292,world,-0.46492040157318115,-0.10706499218940735,-0.6543636322021484,-0.06504621356725693,-0.27054497599601746,-0.009764676913619041,-0.9604578018188477
1578998498.5846922,world,-0.4648462235927582,-0.1081499382853508,-0.6540043354034424,-0.06534009426832199,-0.2712553143501282,-0.009603139944374561,-0.9602391123771667
1578998498.5940654,world,-0.4652283489704132,-0.10937590897083282,-0.654425859451294,-0.06507865339517593,-0.27225327491760254,-0.009859321638941765,-0.9599717855453491
1578998498.604456,world,-0.4652722179889679,-0.11049497127532959,-0.6543008685112,-0.0655863881111145,-0.27270206809043884,-0.009797866456210613,-0.9598104953765869
1578998498.6044729,world,-0.46545135974884033,-0.11166580021381378,-0.6545141935348511,-0.06494216620922089,-0.2735663652420044,-0.0102701336145401,-0.9596033692359924
1578998498.6146705,world,-0.4656760096549988,-0.1127639189362526,-0.6545934677124023,-0.06577585637569427,-0.27419018745422363,-0.010056168772280216,-0.9593707323074341
1578998498.6238773,world,-0.4658656716346741,-0.11386542022228241,-0.6548084020614624,-0.06529088318347931,-0.2749837040901184,-0.010353131219744682,-0.9591736197471619
1578998498.634303,world,-0.4658958911895752,-0.11501878499984741,-0.6548019647598267,-0.06611835211515427,-0.2751781940460205,-0.010244372300803661,-0.9590622186660767
1578998498.644708,world,-0.4659583568572998,-0.11601738631725311,-0.654824435710907,-0.06593768298625946,-0.27573361992836,-0.010278352536261082,-0.9589148163795471
1578998498.644752,world,-0.46611276268959045,-0.11723105609416962,-0.654971182346344,-0.06602785736322403,-0.27623701095581055,-0.010234788060188293,-0.9587641954421997
1578998498.6541657,world,-0.466024786233902,-0.11826833337545395,-0.6548705101013184,-0.0657692551612854,-0.276734322309494,-0.010151859372854233,-0.95863938331604
1578998498.6644435,world,-0.46628937125205994,-0.11931923776865005,-0.65505450963974,-0.0666450783610344,-0.27735739946365356,-0.010190020315349102,-0.9583984017372131
1578998498.6747625,world,-0.4663529694080353,-0.12045831978321075,-0.6551131010055542,-0.06571715325117111,-0.2777160108089447,-0.01046859659254551,-0.9583556056022644
1578998498.6840885,world,-0.4664144814014435,-0.12152836471796036,-0.6551350951194763,-0.06623239815235138,-0.2782289981842041,-0.0103646544739604,-0.9581725597381592
1578998498.694366,world,-0.4664328992366791,-0.12261606007814407,-0.6550390720367432,-0.0660560131072998,-0.27850469946861267,-0.01069162879139185,-0.9581009745597839
1578998498.7054524,world,-0.46648475527763367,-0.1236441507935524,-0.65513014793396,-0.06637565791606903,-0.27910152077674866,-0.01052570529282093,-0.9579070210456848
1578998498.7144165,world,-0.4664464592933655,-0.12476184219121933,-0.6551038026809692,-0.06655923277139664,-0.2794954776763916,-0.010734312236309052,-0.9577770829200745
1578998498.7247868,world,-0.46642351150512695,-0.12577569484710693,-0.6550329327583313,-0.06646399199962616,-0.280055433511734,-0.010693012736737728,-0.9576205611228943
1578998498.7247987,world,-0.4663814902305603,-0.1268302947282791,-0.6548298001289368,-0.06725647300481796,-0.2805008292198181,-0.010448913089931011,-0.9574376344680786
1578998498.7342167,world,-0.46625402569770813,-0.12784509360790253,-0.654736340045929,-0.06695739179849625,-0.2814990282058716,-0.010354346595704556,-0.9571666121482849
1578998498.7445507,world,-0.4661736488342285,-0.12892258167266846,-0.654654860496521,-0.06832120567560196,-0.28166499733924866,-0.0096611762419343,-0.9570286273956299
1578998498.754221,world,-0.46609222888946533,-0.1300005465745926,-0.6546082496643066,-0.06804981827735901,-0.28186115622520447,-0.01000446267426014,-0.9569867253303528
1578998498.7643685,world,-0.4660082161426544,-0.1311870515346527,-0.6545596718788147,-0.06943211704492569,-0.282240092754364,-0.009592195972800255,-0.9567798376083374
1578998498.7644045,world,-0.4659666419029236,-0.13227276504039764,-0.654613733291626,-0.06900535523891449,-0.28227245807647705,-0.009790974669158459,-0.9567991495132446
1578998498.775871,world,-0.4658639132976532,-0.13337357342243195,-0.6546118259429932,-0.06993363797664642,-0.2827640771865845,-0.009387641213834286,-0.9565907120704651
1578998498.78419,world,-0.46576565504074097,-0.1344657838344574,-0.6546257734298706,-0.06939342617988586,-0.2829725444316864,-0.009426132775843143,-0.9565680027008057
1578998498.7944276,world,-0.465605765581131,-0.1355919986963272,-0.6545754671096802,-0.0704180896282196,-0.28343549370765686,-0.008866013959050179,-0.9563614130020142
1578998498.8048234,world,-0.46538951992988586,-0.136802539229393,-0.6544415354728699,-0.07068532705307007,-0.28362804651260376,-0.008401555940508842,-0.956288754940033
1578998498.8048368,world,-0.4650985300540924,-0.1377907395362854,-0.6543377041816711,-0.07210983335971832,-0.28510892391204834,-0.00785770732909441,-0.9557465314865112
1578998498.8248007,world,-0.4649893045425415,-0.13911405205726624,-0.6546235084533691,-0.07150798290967941,-0.28551197052001953,-0.007460255641490221,-0.9556745290756226
1578998498.8248572,world,-0.46464890241622925,-0.1402696967124939,-0.6544362902641296,-0.07264508306980133,-0.2860121428966522,-0.0069227698259055614,-0.9554433226585388
1578998498.8341718,world,-0.4643709063529968,-0.1414753645658493,-0.6543149948120117,-0.07244151830673218,-0.28632038831710815,-0.006756999064236879,-0.9553676843643188
1578998498.8440778,world,-0.46433961391448975,-0.14269034564495087,-0.6546130180358887,-0.07274453341960907,-0.2865148186683655,-0.006661279127001762,-0.955286979675293
1578998498.8646579,world,-0.46396294236183167,-0.14385390281677246,-0.6541761159896851,-0.0737420842051506,-0.28644245862960815,-0.006426703650504351,-0.9552337527275085
1578998498.8646808,world,-0.46341845393180847,-0.14637182652950287,-0.654341459274292,-0.07490156590938568,-0.2881878614425659,-0.004993320908397436,-0.9546269774436951
1578998498.8737967,world,-0.4631526470184326,-0.1476687341928482,-0.6543460488319397,-0.0743958130478859,-0.2888936400413513,-0.0046869926154613495,-0.954454779624939
1578998498.8855212,world,-0.46279484033584595,-0.1489008516073227,-0.6542696952819824,-0.07472458481788635,-0.28874462842941284,-0.004561040084809065,-0.9544747471809387
1578998498.8940191,world,-0.46247395873069763,-0.1502181589603424,-0.6543282270431519,-0.07473842054605484,-0.2893681228160858,-0.003869391279295087,-0.9542878270149231
1578998498.9062784,world,-0.4622141718864441,-0.15155312418937683,-0.6543627381324768,-0.076166532933712,-0.2898012101650238,-0.0032481488306075335,-0.9540457725524902
1578998498.914274,world,-0.4619881808757782,-0.15280690789222717,-0.6544730067253113,-0.07548631727695465,-0.2901499271392822,-0.003368648001924157,-0.9539934992790222
1578998498.9248555,world,-0.4614587426185608,-0.15419821441173553,-0.6543093323707581,-0.07597783207893372,-0.29115283489227295,-0.002666194923222065,-0.9536511301994324
1578998498.9342322,world,-0.4610828757286072,-0.15546706318855286,-0.6545190215110779,-0.07692578434944153,-0.2918792963027954,-0.0013809003867208958,-0.9533556699752808
1578998498.934245,world,-0.4609391689300537,-0.15680186450481415,-0.6547076106071472,-0.07627268135547638,-0.2920834720134735,-0.0017459933878853917,-0.9533450603485107
1578998498.9445775,world,-0.4606004059314728,-0.15812423825263977,-0.6548041105270386,-0.07687849551439285,-0.29201868176460266,-0.0010540096554905176,-0.9533172845840454
1578998498.9547143,world,-0.46019989252090454,-0.15949153900146484,-0.6549556851387024,-0.07670877128839493,-0.29252830147743225,-0.000683019810821861,-0.9531749486923218
1578998498.9639912,world,-0.4599412977695465,-0.16090473532676697,-0.655173122882843,-0.07607389986515045,-0.29371410608291626,-0.0005615205154754221,-0.9528612494468689
1578998498.976355,world,-0.4594423174858093,-0.1621914803981781,-0.6552816033363342,-0.07663867622613907,-0.29444295167922974,0.0005209351074881852,-0.952591061592102
1578998498.976371,world,-0.45913931727409363,-0.1635601967573166,-0.6554449796676636,-0.07645910978317261,-0.29460084438323975,0.00048767265980131924,-0.9525567293167114
1578998498.9846878,world,-0.4587109386920929,-0.1647791564464569,-0.6554446220397949,-0.07735040038824081,-0.2946958541870117,0.0010989996371790767,-0.9524548053741455
1578998498.9938297,world,-0.45839351415634155,-0.16615533828735352,-0.6557133197784424,-0.07667635381221771,-0.29573339223861694,0.0012046962510794401,-0.9521875977516174
1578998499.0040221,world,-0.45813772082328796,-0.16742658615112305,-0.6561920046806335,-0.07672888040542603,-0.2966880798339844,0.0017516560619696975,-0.951885461807251
1578998499.0144758,world,-0.45778805017471313,-0.16868546605110168,-0.6563459038734436,-0.07705597579479218,-0.2971898317337036,0.002391222631558776,-0.9517010450363159
1578998499.0248175,world,-0.45757076144218445,-0.16994813084602356,-0.6565865278244019,-0.07675709575414658,-0.2974751591682434,0.0024846927262842655,-0.9516357779502869
1578998499.0248313,world,-0.4571526348590851,-0.1711937040090561,-0.6565795540809631,-0.07776650041341782,-0.2979849874973297,0.003373753745108843,-0.9513916373252869
1578998499.0341673,world,-0.45666056871414185,-0.17249208688735962,-0.6570534706115723,-0.0773266926407814,-0.2989464998245239,0.0036925445310771465,-0.9511246085166931
1578998499.0549364,world,-0.4561504125595093,-0.1736181676387787,-0.656982421875,-0.07821092754602432,-0.29908519983291626,0.004309556446969509,-0.9510060548782349
1578998499.0549476,world,-0.45595604181289673,-0.17493942379951477,-0.6574123501777649,-0.07773639261722565,-0.299490362405777,0.004554376937448978,-0.9509163498878479
1578998499.0641046,world,-0.45568203926086426,-0.17611514031887054,-0.6575186848640442,-0.0771823450922966,-0.299295037984848,0.004066538996994495,-0.9510252475738525
1578998499.078421,world,-0.45529842376708984,-0.1773393154144287,-0.6577262282371521,-0.07783382385969162,-0.30069804191589355,0.004898848012089729,-0.9505254626274109
1578998499.0784333,world,-0.45508939027786255,-0.17860664427280426,-0.6583114266395569,-0.0771719217300415,-0.3014223575592041,0.004664381500333548,-0.9503511190414429
1578998499.0845425,world,-0.45473119616508484,-0.17978709936141968,-0.658516526222229,-0.0778377428650856,-0.301455557346344,0.005265467334538698,-0.9502832293510437
1578998499.0948865,world,-0.4544247090816498,-0.18101483583450317,-0.6588242053985596,-0.07725206017494202,-0.30177098512649536,0.005410920828580856,-0.9502301216125488
1578998499.104039,world,-0.45393434166908264,-0.18220680952072144,-0.6590219736099243,-0.07765217125415802,-0.30213645100593567,0.005832942668348551,-0.9500787854194641
1578998499.1146288,world,-0.45345669984817505,-0.18339702486991882,-0.6591773629188538,-0.0774940773844719,-0.3030482530593872,0.006384491454809904,-0.9497976899147034
1578998499.124299,world,-0.45315980911254883,-0.18464767932891846,-0.6594774127006531,-0.07725616544485092,-0.3031645715236664,0.006302707828581333,-0.9497805833816528
1578998499.124311,world,-0.4529154598712921,-0.18581517040729523,-0.6599806547164917,-0.07765556871891022,-0.30364158749580383,0.006561265327036381,-0.9495939016342163
1578998499.1346002,world,-0.4524715542793274,-0.187062606215477,-0.6601177453994751,-0.0772600769996643,-0.30467483401298523,0.006445568520575762,-0.9492958784103394
1578998499.1448107,world,-0.4522095322608948,-0.1881929636001587,-0.6604816317558289,-0.07773619145154953,-0.30495837330818176,0.006791690364480019,-0.9491636157035828
1578998499.1540532,world,-0.4519510865211487,-0.1893775761127472,-0.6608183979988098,-0.07711121439933777,-0.3054877817630768,0.006559423636645079,-0.9490458965301514
1578998499.1644552,world,-0.4514051377773285,-0.19057881832122803,-0.6608744263648987,-0.07792691141366959,-0.3066757023334503,0.007223828695714474,-0.9485912322998047
1578998499.1761603,world,-0.45086580514907837,-0.1916963905096054,-0.6609464287757874,-0.0776258036494255,-0.3072178065776825,0.007040909957140684,-0.9484418034553528
1578998499.176169,world,-0.45049941539764404,-0.1928497701883316,-0.6611834764480591,-0.0781046450138092,-0.30862346291542053,0.007923739030957222,-0.9479390978813171
1578998499.184679,world,-0.4499838650226593,-0.1939464956521988,-0.6613066792488098,-0.07801514863967896,-0.3096538782119751,0.007966293022036552,-0.9476100206375122
1578998499.1981058,world,-0.4495921730995178,-0.1951509714126587,-0.6614122986793518,-0.07856002449989319,-0.31051361560821533,0.008235784247517586,-0.9472813606262207
1578998499.2046757,world,-0.44930723309516907,-0.19626787304878235,-0.6618395447731018,-0.07818612456321716,-0.310952752828598,0.007925707846879959,-0.9471707940101624
1578998499.2140117,world,-0.44887110590934753,-0.19750654697418213,-0.6620511412620544,-0.07935682684183121,-0.31222984194755554,0.00864322204142809,-0.9466469883918762
1578998499.2242987,world,-0.44846662878990173,-0.19868113100528717,-0.6620747447013855,-0.07947351783514023,-0.31286516785621643,0.008236550725996494,-0.9464309215545654
1578998499.2243114,world,-0.44800233840942383,-0.19984643161296844,-0.6621091961860657,-0.07976393401622772,-0.31330665946006775,0.008435400202870369,-0.9462587833404541
1578998499.2345278,world,-0.447294682264328,-0.20105016231536865,-0.6619040369987488,-0.08038079738616943,-0.3140079379081726,0.00847187265753746,-0.9459736943244934
1578998499.2448704,world,-0.44688206911087036,-0.20232556760311127,-0.6619374752044678,-0.08079707622528076,-0.3145989775657654,0.00851049367338419,-0.9457415342330933
1578998499.254151,world,-0.4464910626411438,-0.203494131565094,-0.6622193455696106,-0.08112889528274536,-0.31497183442115784,0.008552365005016327,-0.9455885887145996
1578998499.264643,world,-0.4459787905216217,-0.20479753613471985,-0.6622604131698608,-0.08157608658075333,-0.31614136695861816,0.008830361068248749,-0.9451571106910706
1578998499.2747989,world,-0.4452734887599945,-0.20598891377449036,-0.6621597409248352,-0.08269403129816055,-0.31591176986694336,0.00912028830498457,-0.9451340436935425
1578998499.2840407,world,-0.444869726896286,-0.2072240263223648,-0.6622264981269836,-0.08228705823421478,-0.31626778841018677,0.008773352950811386,-0.94505375623703
1578998499.2840576,world,-0.44427576661109924,-0.20842692255973816,-0.6621301174163818,-0.08382604271173477,-0.316842645406723,0.009279178455471992,-0.9447210431098938
1578998499.2951937,world,-0.44378596544265747,-0.20975573360919952,-0.6620631814002991,-0.08395616710186005,-0.31722015142440796,0.009184024296700954,-0.9445837140083313
1578998499.3046896,world,-0.44331613183021545,-0.21090540289878845,-0.6621018648147583,-0.08456533402204514,-0.3173772692680359,0.00935555249452591,-0.944474995136261
1578998499.314986,world,-0.4427558183670044,-0.21226128935813904,-0.6622375845909119,-0.08513521403074265,-0.31772950291633606,0.009650023654103279,-0.9443023204803467
1578998499.3149927,world,-0.4419999420642853,-0.2135111689567566,-0.6619662046432495,-0.08629278093576431,-0.31746619939804077,0.010023320093750954,-0.9442819356918335
1578998499.334383,world,-0.4416086673736572,-0.21478691697120667,-0.6621509194374084,-0.08560822904109955,-0.3174562156200409,0.00954749807715416,-0.9443525075912476
1578998499.3343983,world,-0.4409877359867096,-0.21607552468776703,-0.662013590335846,-0.08700540661811829,-0.3178115487098694,0.010358978994190693,-0.9440966844558716
1578998499.3447387,world,-0.4405673146247864,-0.21703332662582397,-0.662082850933075,-0.08946255594491959,-0.31802424788475037,0.010595113039016724,-0.9437928795814514
1578998499.3540778,world,-0.44001060724258423,-0.21830034255981445,-0.6621705293655396,-0.08923248946666718,-0.31766477227211,0.010485541075468063,-0.943936824798584
1578998499.3642612,world,-0.4392736554145813,-0.22004757821559906,-0.6620451807975769,-0.08798030763864517,-0.3171635568141937,0.0107188755646348,-0.944220244884491
1578998499.364281,world,-0.4388783872127533,-0.2210693508386612,-0.6622486114501953,-0.09057533740997314,-0.3175397515296936,0.01149721723049879,-0.9438392519950867
1578998499.3745804,world,-0.43813878297805786,-0.2225843369960785,-0.6619691252708435,-0.08926721662282944,-0.31658264994621277,0.011673405766487122,-0.944283127784729
1578998499.3839164,world,-0.43770501017570496,-0.2236519455909729,-0.6620928049087524,-0.09150030463933945,-0.3163411021232605,0.011909056454896927,-0.9441473484039307
1578998499.394213,world,-0.43715769052505493,-0.22533512115478516,-0.6621424555778503,-0.08957666903734207,-0.31559979915618896,0.011578429490327835,-0.9445839524269104
1578998499.4044516,world,-0.4366774260997772,-0.226232647895813,-0.662260115146637,-0.09176549315452576,-0.3164285123348236,0.01201290637254715,-0.9440910220146179
1578998499.4149106,world,-0.4360574781894684,-0.22796201705932617,-0.6623226404190063,-0.08982296288013458,-0.31533700227737427,0.01197460014373064,-0.9446433782577515
1578998499.4241796,world,-0.4356013536453247,-0.2288808822631836,-0.6623545289039612,-0.09274682402610779,-0.3152155578136444,0.012579723261296749,-0.9443933963775635
1578998499.434642,world,-0.435137003660202,-0.2305097132921219,-0.6624897718429565,-0.09020145982503891,-0.31452369689941406,0.011980948969721794,-0.9448783993721008
1578998499.4346611,world,-0.4347669780254364,-0.23148776590824127,-0.6626983880996704,-0.09302555024623871,-0.3150947391986847,0.012761924415826797,-0.944403886795044
1578998499.4490273,world,-0.43408966064453125,-0.23315154016017914,-0.6625450253486633,-0.09158339351415634,-0.3142668306827545,0.012808162719011307,-0.9448200464248657
1578998499.4490411,world,-0.43356403708457947,-0.23446716368198395,-0.6626434922218323,-0.09106265008449554,-0.3137361407279968,0.012373813427984715,-0.945052444934845
1578998499.4645388,world,-0.43320849537849426,-0.2357562929391861,-0.6628250479698181,-0.09163549542427063,-0.31369972229003906,0.012568074278533459,-0.9450066089630127
1578998499.474938,world,-0.43270769715309143,-0.23703844845294952,-0.6628434658050537,-0.0918545350432396,-0.31305408477783203,0.012388688512146473,-0.9452017545700073
1578998499.4841993,world,-0.4323851466178894,-0.23837803304195404,-0.6630520224571228,-0.09143713116645813,-0.31283098459243774,0.012116345576941967,-0.9453197121620178
1578998499.4842217,world,-0.4319012463092804,-0.23962800204753876,-0.6631724238395691,-0.09202355891466141,-0.31326523423194885,0.012090583331882954,-0.9451192617416382
1578998499.494462,world,-0.43139219284057617,-0.24092014133930206,-0.6632297039031982,-0.09190873056650162,-0.31293049454689026,0.011676546186208725,-0.9452465176582336
1578998499.504978,world,-0.43108996748924255,-0.24207516014575958,-0.6634461283683777,-0.09232235699892044,-0.31299877166748047,0.011762665584683418,-0.9451826214790344
1578998499.5144002,world,-0.43053725361824036,-0.24334289133548737,-0.6634355783462524,-0.092704638838768,-0.31268149614334106,0.011983620002865791,-0.9452472925186157
1578998499.524854,world,-0.43016985058784485,-0.24455679953098297,-0.6636785864830017,-0.09362193942070007,-0.313007116317749,0.012295073829591274,-0.9450451731681824
1578998499.5342352,world,-0.42974358797073364,-0.2457669973373413,-0.6638289093971252,-0.09341805428266525,-0.3132910132408142,0.011857573874294758,-0.9449769258499146
1578998499.5342505,world,-0.4293232858181,-0.24649646878242493,-0.6638332009315491,-0.0965290516614914,-0.3134128153324127,0.012134725227952003,-0.9446203112602234
1578998499.5444481,world,-0.4289405941963196,-0.2481040060520172,-0.6640552282333374,-0.09381725639104843,-0.3130757510662079,0.011326047591865063,-0.9450152516365051
1578998499.5546658,world,-0.42873746156692505,-0.24878868460655212,-0.6642723083496094,-0.09643460810184479,-0.3136538863182068,0.01118392962962389,-0.9445616006851196
1578998499.5638113,world,-0.42800262570381165,-0.25041860342025757,-0.6642277836799622,-0.09479613602161407,-0.31370243430137634,0.011125518009066582,-0.9447119832038879
1578998499.5741813,world,-0.4277306795120239,-0.25145989656448364,-0.6645452976226807,-0.09503556042909622,-0.31387585401535034,0.010850721038877964,-0.9446335434913635
1578998499.574227,world,-0.4271785616874695,-0.252646803855896,-0.664461076259613,-0.09521026164293289,-0.3135703206062317,0.010839443653821945,-0.9447174668312073
1578998499.5844252,world,-0.42678871750831604,-0.25368258357048035,-0.6645024418830872,-0.09590057283639908,-0.3139646053314209,0.010564965195953846,-0.9445198774337769
1578998499.5947387,world,-0.42635372281074524,-0.2548861801624298,-0.6645830273628235,-0.0958409309387207,-0.3144538104534149,0.010540727525949478,-0.9443634152412415
1578998499.604106,world,-0.42584261298179626,-0.25589320063591003,-0.6646262407302856,-0.09673497080802917,-0.3142334222793579,0.010425279848277569,-0.9443469047546387
1578998499.6142716,world,-0.4256289303302765,-0.25710055232048035,-0.6650681495666504,-0.09666373580694199,-0.3147088885307312,0.01040711160749197,-0.9441960453987122
1578998499.614283,world,-0.42520737648010254,-0.25810372829437256,-0.6650950908660889,-0.09693437814712524,-0.3149089515209198,0.010095030069351196,-0.9441049695014954
1578998499.6244771,world,-0.42463600635528564,-0.25926879048347473,-0.6650708317756653,-0.09720192849636078,-0.3149254024028778,0.009946389123797417,-0.9440735578536987
1578998499.6337888,world,-0.42424842715263367,-0.26032471656799316,-0.6652026772499084,-0.09739845246076584,-0.3150720000267029,0.009701509959995747,-0.9440069794654846
1578998499.6447818,world,-0.4240454137325287,-0.2610515058040619,-0.6655506491661072,-0.10013241320848465,-0.31555256247520447,0.009915356524288654,-0.9435580968856812
1578998499.6542065,world,-0.4233461320400238,-0.2624979615211487,-0.665533721446991,-0.09789889305830002,-0.3148908317089081,0.009580123238265514,-0.9440169334411621
1578998499.6660073,world,-0.4229607880115509,-0.263212114572525,-0.6657587289810181,-0.10050472617149353,-0.31517544388771057,0.009937698021531105,-0.9436443448066711
1578998499.6742902,world,-0.4223761558532715,-0.26462793350219727,-0.6658037304878235,-0.09853533655405045,-0.31491026282310486,0.009803489781916142,-0.9439418911933899
1578998499.674347,world,-0.4219915270805359,-0.26534250378608704,-0.666015088558197,-0.10118777304887772,-0.3148041069507599,0.010224424302577972,-0.9436922669410706
1578998499.6845944,world,-0.42151376605033875,-0.2663349211215973,-0.6661471724510193,-0.10217302292585373,-0.31445226073265076,0.010427284054458141,-0.9437010884284973
1578998499.6939867,world,-0.42104899883270264,-0.2677612900733948,-0.666375458240509,-0.09963192790746689,-0.3143618106842041,0.00996845867484808,-0.9440078735351562
1578998499.7044122,world,-0.42067065834999084,-0.268476277589798,-0.6667395234107971,-0.1025700569152832,-0.31484678387641907,0.010643284767866135,-0.9435240626335144
1578998499.714613,world,-0.42006567120552063,-0.2695332467556,-0.6668486595153809,-0.10258959978818893,-0.3142654001712799,0.010575593449175358,-0.9437165856361389
1578998499.734301,world,-0.4195367991924286,-0.2706063687801361,-0.667069137096405,-0.10328871756792068,-0.31390464305877686,0.010909358970820904,-0.9437565803527832
1578998499.734346,world,-0.41915199160575867,-0.27203649282455444,-0.6675269603729248,-0.10092639923095703,-0.3135021924972534,0.010573633946478367,-0.9441496133804321
1578998499.7343736,world,-0.4185819625854492,-0.272745817899704,-0.6677827835083008,-0.10414227098226547,-0.31364744901657104,0.011471610516309738,-0.9437415599822998
1578998499.7446141,world,-0.4180656373500824,-0.2738317847251892,-0.6680848598480225,-0.103417307138443,-0.313410222530365,0.011143655516207218,-0.9439039826393127
1578998499.758046,world,-0.4174603223800659,-0.27483153343200684,-0.6683052182197571,-0.10462850332260132,-0.31250834465026855,0.011716125532984734,-0.9440626502037048
1578998499.7644413,world,-0.41710516810417175,-0.27596670389175415,-0.6688181161880493,-0.10419578105211258,-0.3122919201850891,0.011762182228267193,-0.944181501865387
1578998499.764501,world,-0.4166978597640991,-0.27701881527900696,-0.6692648530006409,-0.10519924014806747,-0.31243401765823364,0.012329915538430214,-0.9440160393714905
1578998499.7748678,world,-0.41615405678749084,-0.2781423330307007,-0.6695823669433594,-0.10453248023986816,-0.3121383488178253,0.012043565511703491,-0.9441915154457092
1578998499.7840571,world,-0.4155535399913788,-0.2792048156261444,-0.6698646545410156,-0.10520081222057343,-0.31137531995773315,0.012220073491334915,-0.9443669319152832
1578998499.7949443,world,-0.415215402841568,-0.28034403920173645,-0.6704837083816528,-0.10504335910081863,-0.31131452322006226,0.012515401467680931,-0.9444006681442261
1578998499.8044999,world,-0.414826363325119,-0.28139954805374146,-0.6709597706794739,-0.10565567761659622,-0.31139013171195984,0.013029996305704117,-0.9443005323410034
1578998499.8147311,world,-0.41443878412246704,-0.2825095057487488,-0.6716022491455078,-0.10613348335027695,-0.3111748695373535,0.013357204385101795,-0.9443132877349854
1578998499.814809,world,-0.41366812586784363,-0.28360715508461,-0.671850323677063,-0.10561627149581909,-0.3106178641319275,0.013232070952653885,-0.9445562958717346
1578998499.8241522,world,-0.4133494198322296,-0.2846645414829254,-0.6723904609680176,-0.10642700642347336,-0.3105200231075287,0.013860179111361504,-0.944488525390625
1578998499.8345299,world,-0.41294386982917786,-0.2857539653778076,-0.6729627251625061,-0.10617758333683014,-0.31066280603408813,0.013883894309401512,-0.9444692730903625
1578998499.8440049,world,-0.4124643802642822,-0.2867811322212219,-0.6735621094703674,-0.10751219838857651,-0.3103775680065155,0.014856907539069653,-0.9443973302841187
1578998499.8545105,world,-0.41208603978157043,-0.2878604233264923,-0.674042820930481,-0.10685296356678009,-0.3104441165924072,0.014552567154169083,-0.9444549679756165
1578998499.869238,world,-0.41163498163223267,-0.28889065980911255,-0.6745863556861877,-0.10703838616609573,-0.3101246953010559,0.014456702396273613,-0.9445403814315796
1578998499.8741024,world,-0.4113147258758545,-0.2899911105632782,-0.6753849983215332,-0.10654961317777634,-0.3105580806732178,0.014426943846046925,-0.9444536566734314
1578998499.8849187,world,-0.4110674560070038,-0.29094770550727844,-0.6759943962097168,-0.10701379179954529,-0.31068679690361023,0.014619095250964165,-0.944355845451355
1578998499.8849838,world,-0.41058242321014404,-0.29198476672172546,-0.6765758991241455,-0.1067647933959961,-0.3103540241718292,0.014400184154510498,-0.9444968700408936
1578998499.8947372,world,-0.4102531969547272,-0.29304054379463196,-0.6773721575737,-0.10671280324459076,-0.31054991483688354,0.014501956291496754,-0.94443678855896
1578998499.9043548,world,-0.40979862213134766,-0.29397013783454895,-0.6777902841567993,-0.10676555335521698,-0.3104341924190521,0.01458919607102871,-0.9444676041603088
1578998499.916244,world,-0.4095321595668793,-0.29505208134651184,-0.6786729097366333,-0.10685253143310547,-0.31064385175704956,0.01494208350777626,-0.9443832635879517
1578998499.9162762,world,-0.40926438570022583,-0.2959887385368347,-0.6794440150260925,-0.1068253368139267,-0.3106900751590729,0.015116502530872822,-0.944368302822113
1578998499.934256,world,-0.4088705778121948,-0.2970144748687744,-0.6800168752670288,-0.10655957460403442,-0.31105837225914,0.014944201335310936,-0.9442798495292664
1578998499.9342728,world,-0.40845850110054016,-0.29790380597114563,-0.6808185577392578,-0.10674714297056198,-0.31086185574531555,0.015182899311184883,-0.9443195462226868
1578998499.9446383,world,-0.4081651568412781,-0.29886147379875183,-0.6815613508224487,-0.10735625773668289,-0.31094157695770264,0.01567341759800911,-0.9442163109779358
1578998499.9575033,world,-0.407732218503952,-0.2997930943965912,-0.6820793151855469,-0.10667072981595993,-0.31054213643074036,0.015156729146838188,-0.9444339275360107
1578998499.9638815,world,-0.4074607491493225,-0.3006417453289032,-0.6830936670303345,-0.10633789002895355,-0.3108683228492737,0.015152466483414173,-0.9443641901016235
1578998499.977773,world,-0.4070328176021576,-0.3015834391117096,-0.6837340593338013,-0.1068246141076088,-0.3112856149673462,0.015605910681188107,-0.9441643953323364
1578998499.9777906,world,-0.40663716197013855,-0.3024543225765228,-0.6845816969871521,-0.10631006211042404,-0.31111329793930054,0.01538721565157175,-0.9442827701568604
1578998499.9846466,world,-0.4063337445259094,-0.3033113181591034,-0.6854575276374817,-0.10702919214963913,-0.3113332688808441,0.016210462898015976,-0.9441152215003967
1578998499.994447,world,-0.4058709740638733,-0.30418625473976135,-0.6860517859458923,-0.10679037868976593,-0.3117692470550537,0.016138648614287376,-0.9439996480941772
1578998500.0047789,world,-0.4053819179534912,-0.30504846572875977,-0.6868974566459656,-0.10635852068662643,-0.31192684173583984,0.01627405732870102,-0.9439939856529236
1578998500.0139873,world,-0.40499499440193176,-0.3058408498764038,-0.6876500248908997,-0.10720300674438477,-0.31202074885368347,0.016879061236977577,-0.9438568949699402
1578998500.024358,world,-0.4044863283634186,-0.3067283630371094,-0.6883773803710938,-0.10696348547935486,-0.31249526143074036,0.01698083057999611,-0.9437252283096313
1578998500.034775,world,-0.4040694832801819,-0.30750778317451477,-0.6891629099845886,-0.10679185390472412,-0.31280404329299927,0.017076347023248672,-0.9436406493186951
1578998500.0347989,world,-0.4037541151046753,-0.3083020746707916,-0.6900451183319092,-0.10769706219434738,-0.31312018632888794,0.01773868314921856,-0.9434205889701843
1578998500.045469,world,-0.4031168520450592,-0.30915310978889465,-0.690657377243042,-0.10724376142024994,-0.3133751451969147,0.01779816299676895,-0.9433864951133728
1578998500.045574,world,-0.40262189507484436,-0.3099704086780548,-0.6914370656013489,-0.10721856355667114,-0.3138529360294342,0.018076268956065178,-0.9432252049446106
1578998500.0549855,world,-0.40219518542289734,-0.31073659658432007,-0.6921447515487671,-0.10797718167304993,-0.3137166500091553,0.0186657402664423,-0.9431725144386292
1578998500.0744305,world,-0.40172743797302246,-0.3115565776824951,-0.6929517984390259,-0.10795260220766068,-0.314017117023468,0.019171487540006638,-0.9430652856826782
1578998500.0744374,world,-0.4010666608810425,-0.31235864758491516,-0.6935549378395081,-0.10821294784545898,-0.3141521215438843,0.019605031237006187,-0.942981481552124
1578998500.0848238,world,-0.40062642097473145,-0.3131491541862488,-0.694366455078125,-0.10834367573261261,-0.31432241201400757,0.019711419939994812,-0.9429075717926025
1578998500.0940673,world,-0.4001275300979614,-0.3139050304889679,-0.6951695084571838,-0.10869152098894119,-0.3145309388637543,0.020472992211580276,-0.9427817463874817
1578998500.1100776,world,-0.39966559410095215,-0.3146718442440033,-0.6958787441253662,-0.1089755967259407,-0.3149229884147644,0.0205936748534441,-0.9426153898239136
1578998500.1154122,world,-0.39910662174224854,-0.3154914677143097,-0.6967267990112305,-0.1089738979935646,-0.31526702642440796,0.020949486643075943,-0.9424927830696106
1578998500.1154275,world,-0.3986377418041229,-0.3162227272987366,-0.6974843144416809,-0.10874103754758835,-0.3152276873588562,0.021104665473103523,-0.9425293207168579
1578998500.136234,world,-0.39826133847236633,-0.31703099608421326,-0.6985299587249756,-0.10889196395874023,-0.31525734066963196,0.021676303818821907,-0.9424890279769897
1578998500.1362617,world,-0.39749500155448914,-0.3177852928638458,-0.6989560723304749,-0.10891574621200562,-0.31528010964393616,0.02188997156918049,-0.9424737095832825
1578998500.1452727,world,-0.397063285112381,-0.3186214864253998,-0.7000038027763367,-0.10933565348386765,-0.31565409898757935,0.0226103775203228,-0.9422829747200012
1578998500.1544664,world,-0.3965933918952942,-0.31937649846076965,-0.7007429599761963,-0.10927849262952805,-0.3153325617313385,0.022964367642998695,-0.942388653755188
1578998500.1659877,world,-0.39587968587875366,-0.3201387822628021,-0.7013915777206421,-0.1095338687300682,-0.3158020079135895,0.023422162979841232,-0.942190408706665
1578998500.177932,world,-0.3954199552536011,-0.32095152139663696,-0.7022771239280701,-0.1095006912946701,-0.31556156277656555,0.023623913526535034,-0.9422699213027954
1578998500.1780503,world,-0.3949695825576782,-0.32167088985443115,-0.7030820846557617,-0.1095849871635437,-0.31550830602645874,0.023879505693912506,-0.9422714710235596
1578998500.1842568,world,-0.3944576382637024,-0.3224877715110779,-0.7039377689361572,-0.10979443043470383,-0.3159727156162262,0.024362029507756233,-0.9420790672302246
1578998500.195909,world,-0.39391282200813293,-0.32327958941459656,-0.7047280073165894,-0.10954593867063522,-0.31567618250846863,0.024262305349111557,-0.9422100186347961
1578998500.2040398,world,-0.3934418857097626,-0.3239988386631012,-0.7055408954620361,-0.10963386297225952,-0.3155810832977295,0.02429072931408882,-0.9422309398651123
1578998500.2156868,world,-0.3929014205932617,-0.32478487491607666,-0.7064437866210938,-0.11016712337732315,-0.3157687187194824,0.025239713490009308,-0.9420809149742126
1578998500.215719,world,-0.39247843623161316,-0.3255605399608612,-0.7074111104011536,-0.1094077080488205,-0.3160755932331085,0.025094149634242058,-0.9420703649520874
1578998500.2247677,world,-0.3918231725692749,-0.3263091742992401,-0.7081843614578247,-0.10984645038843155,-0.31536611914634705,0.025430627167224884,-0.9422479867935181
1578998500.2345173,world,-0.3913413882255554,-0.3270266354084015,-0.7089447975158691,-0.10965751856565475,-0.3156117796897888,0.025735467672348022,-0.9421794414520264
1578998500.2482057,world,-0.39090248942375183,-0.3279021680355072,-0.7102794051170349,-0.10988031327724457,-0.3159366548061371,0.026322850957512856,-0.9420284032821655
1578998500.2593226,world,-0.3903626501560211,-0.3286040425300598,-0.7108812928199768,-0.10962581634521484,-0.31566792726516724,0.02626093104481697,-0.9421498775482178
1578998500.2593336,world,-0.3897494673728943,-0.32925042510032654,-0.711833655834198,-0.1099775955080986,-0.3155539333820343,0.02655593864619732,-0.9421387314796448
1578998500.2643268,world,-0.389256089925766,-0.33007702231407166,-0.712751030921936,-0.11017423123121262,-0.3159298300743103,0.026837943121790886,-0.9419817924499512
1578998500.2847128,world,-0.38881802558898926,-0.33082443475723267,-0.713753342628479,-0.10969661921262741,-0.3160179853439331,0.026709647849202156,-0.9420115947723389
1578998500.2847233,world,-0.38811376690864563,-0.331524133682251,-0.7144163846969604,-0.11020627617835999,-0.3158824145793915,0.02727787010371685,-0.9419813752174377
1578998500.3049293,world,-0.3876079320907593,-0.3323368430137634,-0.7153734564781189,-0.11016916483640671,-0.31644606590270996,0.02742571383714676,-0.9417921900749207
1578998500.304946,world,-0.38704466819763184,-0.33309292793273926,-0.7161353826522827,-0.10980165749788284,-0.3167802393436432,0.02731141448020935,-0.9417260885238647
1578998500.3081462,world,-0.3865586221218109,-0.33386680483818054,-0.7171846628189087,-0.1099439263343811,-0.3170613944530487,0.027805451303720474,-0.9416004419326782
1578998500.314619,world,-0.38595497608184814,-0.3345758020877838,-0.7179023027420044,-0.11017067730426788,-0.3174971342086792,0.027860872447490692,-0.9414255023002625
1578998500.324295,world,-0.3853173851966858,-0.33535781502723694,-0.7186343669891357,-0.11066002398729324,-0.31799834966659546,0.028281671926379204,-0.9411863684654236
1578998500.3344593,world,-0.38479918241500854,-0.33614709973335266,-0.7195079326629639,-0.11039019376039505,-0.31809139251708984,0.028306707739830017,-0.9411858320236206
1578998500.3445868,world,-0.38417357206344604,-0.33687689900398254,-0.7202670574188232,-0.11122273653745651,-0.3191947042942047,0.02879938669502735,-0.9406992197036743
1578998500.3549047,world,-0.3836199939250946,-0.33764636516571045,-0.7210151553153992,-0.11114801466464996,-0.31908851861953735,0.028578445315361023,-0.9407507181167603
1578998500.364372,world,-0.3829302489757538,-0.33852532505989075,-0.7218527793884277,-0.1112760528922081,-0.3198164999485016,0.028754426166415215,-0.9404829740524292
1578998500.3644192,world,-0.3823825716972351,-0.3391849398612976,-0.7226133346557617,-0.1114957332611084,-0.32022467255592346,0.02878425270318985,-0.9403172135353088
1578998500.37501,world,-0.3819067180156708,-0.3399224579334259,-0.7237640619277954,-0.11157891899347305,-0.3209298253059387,0.02872542291879654,-0.9400687217712402
1578998500.3845878,world,-0.38115888833999634,-0.3407709300518036,-0.724245011806488,-0.11210904270410538,-0.3215612471103668,0.02909841202199459,-0.9397783279418945
1578998500.3949537,world,-0.3806564509868622,-0.3415355086326599,-0.7253237366676331,-0.1121581569314003,-0.32203811407089233,0.029514040797948837,-0.9395961761474609
1578998500.4042652,world,-0.37981316447257996,-0.3422158360481262,-0.7258745431900024,-0.11274287849664688,-0.3226184546947479,0.029699912294745445,-0.9393212199211121
1578998500.4043894,world,-0.37921589612960815,-0.34300482273101807,-0.7267572283744812,-0.11287391185760498,-0.3231064975261688,0.030126523226499557,-0.9391241073608398
1578998500.4147367,world,-0.378465473651886,-0.3437897861003876,-0.727425217628479,-0.11328891664743423,-0.3239363729953766,0.03053951822221279,-0.9387748837471008
1578998500.4244156,world,-0.3779524862766266,-0.34450283646583557,-0.7283471822738647,-0.11366860568523407,-0.3242907226085663,0.030776452273130417,-0.9385988712310791
1578998500.4342217,world,-0.37706637382507324,-0.34517988562583923,-0.7288866639137268,-0.11396541446447372,-0.32436951994895935,0.030949171632528305,-0.9385300278663635
1578998500.4477384,world,-0.3765232264995575,-0.34591957926750183,-0.7297005653381348,-0.11443670094013214,-0.32486051321029663,0.03125761076807976,-0.9382925629615784
1578998500.455039,world,-0.37590301036834717,-0.3466886579990387,-0.7305089831352234,-0.11479998379945755,-0.3252248764038086,0.031791314482688904,-0.938103973865509
1578998500.4551277,world,-0.3751258850097656,-0.3473866283893585,-0.7310737371444702,-0.11489137262105942,-0.3252870738506317,0.03169887512922287,-0.9380744099617004
1578998500.4647632,world,-0.37436458468437195,-0.34808585047721863,-0.7318353652954102,-0.11573170870542526,-0.3257737457752228,0.0323299840092659,-0.9377805590629578
1578998500.47477,world,-0.37380895018577576,-0.34879598021507263,-0.732725203037262,-0.11592374742031097,-0.3260729908943176,0.03249647095799446,-0.9376471042633057
1578998500.484495,world,-0.3730783462524414,-0.34960633516311646,-0.7334724068641663,-0.11657252907752991,-0.3266614079475403,0.03304550424218178,-0.9373427033424377
1578998500.4949896,world,-0.3723413050174713,-0.35023248195648193,-0.7341723442077637,-0.11711659282445908,-0.3263395428657532,0.0333392471075058,-0.9373764991760254
1578998500.504255,world,-0.3716874420642853,-0.35095250606536865,-0.7351033687591553,-0.11764944344758987,-0.3271171748638153,0.033763010054826736,-0.9370235800743103
1578998500.5042663,world,-0.37115007638931274,-0.35156509280204773,-0.7358918786048889,-0.11805994808673859,-0.32726484537124634,0.033996883779764175,-0.9369118809700012
1578998500.5145853,world,-0.3704151213169098,-0.3522893488407135,-0.7366101741790771,-0.11825568974018097,-0.3268485963344574,0.03433137759566307,-0.9370202422142029
1578998500.5248296,world,-0.36968186497688293,-0.352825403213501,-0.7371721267700195,-0.11813812702894211,-0.3273739218711853,0.03417687490582466,-0.9368574023246765
1578998500.5342383,world,-0.36915960907936096,-0.35340434312820435,-0.7379900217056274,-0.11842494457960129,-0.327371209859848,0.033961739391088486,-0.9368298649787903
1578998500.544649,world,-0.3683779835700989,-0.3539316654205322,-0.7385717034339905,-0.11901382356882095,-0.32682693004608154,0.03423244133591652,-0.936935544013977
1578998500.5540364,world,-0.36763015389442444,-0.35446882247924805,-0.7391257882118225,-0.1190679669380188,-0.32713866233825684,0.03440793231129646,-0.9368134140968323
1578998500.5644286,world,-0.3670789897441864,-0.35507309436798096,-0.7400267124176025,-0.11903919279575348,-0.32683825492858887,0.03460954502224922,-0.9369144439697266
1578998500.5644815,world,-0.3661080002784729,-0.35554078221321106,-0.7402311563491821,-0.11983879655599594,-0.3264835476875305,0.03485598787665367,-0.936927080154419
1578998500.5745568,world,-0.36545589566230774,-0.35597726702690125,-0.741008996963501,-0.11994021385908127,-0.32654574513435364,0.03480588644742966,-0.9368942975997925
1578998500.5860984,world,-0.3647818863391876,-0.3564246594905853,-0.7414829134941101,-0.12045779079198837,-0.3262103796005249,0.03528914600610733,-0.936926543712616
1578998500.5940697,world,-0.36398983001708984,-0.3568597435951233,-0.7420262694358826,-0.12127914279699326,-0.32620152831077576,0.03580823168158531,-0.9368039965629578
1578998500.604644,world,-0.36336418986320496,-0.3573233187198639,-0.7425869703292847,-0.12107095867395401,-0.32592183351516724,0.03539881482720375,-0.9369438290596008
1578998500.6146994,world,-0.3626539409160614,-0.3577575087547302,-0.7429990768432617,-0.12106578052043915,-0.32534122467041016,0.03503216803073883,-0.9371600151062012
1578998500.6239088,world,-0.3620091378688812,-0.3581099510192871,-0.743643045425415,-0.12134251743555069,-0.32552313804626465,0.03500731661915779,-0.9370620846748352
1578998500.6440613,world,-0.3614101707935333,-0.3585260212421417,-0.744129478931427,-0.12161633372306824,-0.32585838437080383,0.03497254475951195,-0.9369112849235535
1578998500.6440713,world,-0.36092260479927063,-0.3589523434638977,-0.7449209690093994,-0.12168373167514801,-0.3258233070373535,0.034741561859846115,-0.9369233846664429
1578998500.6440775,world,-0.36004117131233215,-0.3593124747276306,-0.74516361951828,-0.1222381442785263,-0.325812429189682,0.035013988614082336,-0.9368448257446289
1578998500.654485,world,-0.35950446128845215,-0.3596925437450409,-0.7457833886146545,-0.12240449339151382,-0.3261488974094391,0.03499957174062729,-0.93670654296875
1578998500.6545203,world,-0.35891470313072205,-0.3601013422012329,-0.7463927865028381,-0.12278495728969574,-0.32667118310928345,0.03505045175552368,-0.9364727735519409
1578998500.6742935,world,-0.35819950699806213,-0.36062076687812805,-0.7468063235282898,-0.12250953167676926,-0.3273699879646301,0.03472374752163887,-0.9362770318984985
1578998500.6843622,world,-0.3576471209526062,-0.3610614240169525,-0.7474604845046997,-0.12245543301105499,-0.3273738622665405,0.034585099667310715,-0.9362878203392029
1578998500.6844215,world,-0.35694846510887146,-0.36144399642944336,-0.7478445172309875,-0.12260174006223679,-0.3281134366989136,0.034572090953588486,-0.9360102415084839
1578998500.6945772,world,-0.3565678000450134,-0.3618764579296112,-0.7486810684204102,-0.12290303409099579,-0.32868874073028564,0.034466084092855453,-0.9357728362083435
1578998500.7058887,world,-0.35604000091552734,-0.3623146712779999,-0.7492952346801758,-0.12286216765642166,-0.32937735319137573,0.033914268016815186,-0.935556173324585
1578998500.7140536,world,-0.3553551733493805,-0.36270588636398315,-0.7497408986091614,-0.12304920703172684,-0.330272912979126,0.03392629325389862,-0.9352153539657593
1578998500.7244453,world,-0.35497862100601196,-0.3631468415260315,-0.7505757212638855,-0.12330323457717896,-0.33081790804862976,0.03403422236442566,-0.934985339641571
1578998500.7244604,world,-0.3544014096260071,-0.3636339604854584,-0.7511062622070312,-0.12327291816473007,-0.33191218972206116,0.033892590552568436,-0.9346066117286682
1578998500.7345614,world,-0.3539201617240906,-0.3641761243343353,-0.7518261671066284,-0.12307456880807877,-0.33215928077697754,0.033721476793289185,-0.9345511794090271
1578998500.7451508,world,-0.35319942235946655,-0.3646187484264374,-0.7522121667861938,-0.12303174287080765,-0.3327445685863495,0.033666856586933136,-0.9343504309654236
1578998500.7544556,world,-0.35262051224708557,-0.36506012082099915,-0.7528022527694702,-0.1232229694724083,-0.33341798186302185,0.033573515713214874,-0.9340885877609253
1578998500.7646728,world,-0.35222384333610535,-0.3655661344528198,-0.7536205053329468,-0.12353460490703583,-0.33401092886924744,0.03342101350426674,-0.9338409900665283
1578998500.7646887,world,-0.3516901433467865,-0.3660280406475067,-0.7542099952697754,-0.12371009588241577,-0.3347014784812927,0.03344414383172989,-0.933569610118866
1578998500.7743337,world,-0.35121163725852966,-0.36655858159065247,-0.7549319863319397,-0.1237042248249054,-0.33521199226379395,0.033352915197610855,-0.9333904981613159
1578998500.7944796,world,-0.3506786525249481,-0.36713075637817383,-0.755504846572876,-0.12348303198814392,-0.3352641761302948,0.033085521310567856,-0.9334105849266052
1578998500.7944958,world,-0.3500080406665802,-0.3676826059818268,-0.7560660243034363,-0.12394873052835464,-0.3356364965438843,0.03336607664823532,-0.9332050681114197
1578998500.8060234,world,-0.3495858907699585,-0.36816078424453735,-0.7567436695098877,-0.1240747794508934,-0.33577561378479004,0.033459994941949844,-0.933134913444519
1578998500.8142507,world,-0.34917205572128296,-0.36870577931404114,-0.7574965357780457,-0.12436290085315704,-0.3361871838569641,0.0335167795419693,-0.9329462647438049
1578998500.8142629,world,-0.3486328423023224,-0.36928364634513855,-0.758162796497345,-0.12419481575489044,-0.3367537260055542,0.033308468759059906,-0.9327717423439026
1578998500.8239264,world,-0.3480588495731354,-0.3698171079158783,-0.7586825489997864,-0.12410960346460342,-0.33638134598731995,0.03312072157859802,-0.932924211025238
1578998500.8382752,world,-0.3476371169090271,-0.3703453540802002,-0.7595530152320862,-0.12441488355398178,-0.3364439308643341,0.03323231637477875,-0.9328569769859314
1578998500.844708,world,-0.34718137979507446,-0.37098467350006104,-0.7602002620697021,-0.12428399175405502,-0.33659565448760986,0.03313852474093437,-0.9328230619430542
1578998500.8554764,world,-0.3467566668987274,-0.37152761220932007,-0.7608655691146851,-0.1246517077088356,-0.33703750371932983,0.03328850120306015,-0.9326090216636658
1578998500.8648975,world,-0.3463767170906067,-0.37213703989982605,-0.7617469429969788,-0.1239936500787735,-0.3369341790676117,0.03273175656795502,-0.9327538013458252
1578998500.8649049,world,-0.3457849323749542,-0.37266162037849426,-0.76228928565979,-0.12378990650177002,-0.3366113305091858,0.032511621713638306,-0.9329050779342651
1578998500.8746362,world,-0.34527865052223206,-0.37325793504714966,-0.7630351781845093,-0.12470448762178421,-0.33690160512924194,0.033046748489141464,-0.9326597452163696
1578998500.8848,world,-0.3448382616043091,-0.3738679885864258,-0.7637338042259216,-0.12460672855377197,-0.33692967891693115,0.03335094451904297,-0.9326517581939697
1578998500.90454,world,-0.3443982005119324,-0.37438246607780457,-0.7644619941711426,-0.1238919124007225,-0.33687227964401245,0.03261560946702957,-0.9327937960624695
1578998500.90456,world,-0.34388673305511475,-0.37505388259887695,-0.7652328610420227,-0.12388637661933899,-0.3369144797325134,0.03245393931865692,-0.9327848553657532
1578998500.9045675,world,-0.34328046441078186,-0.3756038546562195,-0.7657269239425659,-0.12479579448699951,-0.3368094265460968,0.03300613537430763,-0.93268221616745
1578998500.9156117,world,-0.34296271204948425,-0.37625133991241455,-0.7666780948638916,-0.12433037161827087,-0.33676666021347046,0.03301122412085533,-0.9327596426010132
1578998500.9256506,world,-0.34257280826568604,-0.3767937421798706,-0.7674369215965271,-0.12390097230672836,-0.33673354983329773,0.03274225816130638,-0.9328382015228271
1578998500.93515,world,-0.34202542901039124,-0.3774830102920532,-0.7680596709251404,-0.12369716167449951,-0.33662909269332886,0.03209111839532852,-0.9329255819320679
1578998500.9444728,world,-0.3415599763393402,-0.37805894017219543,-0.7688694000244141,-0.12381342053413391,-0.33658313751220703,0.03224710375070572,-0.9329214096069336
1578998500.9548562,world,-0.3410946726799011,-0.3785618245601654,-0.769590437412262,-0.12401865422725677,-0.3364115357398987,0.03227473422884941,-0.9329550862312317
1578998500.9649346,world,-0.34069567918777466,-0.3792344927787781,-0.7705073356628418,-0.12343628704547882,-0.33671441674232483,0.032139986753463745,-0.9329276084899902
1578998500.9649444,world,-0.34028610587120056,-0.37987712025642395,-0.7713674306869507,-0.12344297766685486,-0.336426317691803,0.031855616718530655,-0.93304044008255
1578998500.9737825,world,-0.339770644903183,-0.3804832398891449,-0.7721675634384155,-0.12338023632764816,-0.33662185072898865,0.03190651535987854,-0.9329764246940613
1578998500.9855044,world,-0.33923935890197754,-0.38102883100509644,-0.7728332281112671,-0.12329065799713135,-0.3365491032600403,0.03196639195084572,-0.9330124258995056
1578998500.9947107,world,-0.3387553095817566,-0.38160955905914307,-0.7736302614212036,-0.12303874641656876,-0.336401104927063,0.031596023589372635,-0.9331117868423462
1578998501.003815,world,-0.3384499251842499,-0.3822038173675537,-0.7747001647949219,-0.12344495207071304,-0.33661118149757385,0.0319657027721405,-0.9329696893692017
1578998501.0146356,world,-0.33784219622612,-0.38277819752693176,-0.775330126285553,-0.12307019531726837,-0.33668190240859985,0.03168425336480141,-0.933003306388855
1578998501.0245962,world,-0.33735910058021545,-0.3833449184894562,-0.7762399911880493,-0.12276763468980789,-0.33723461627960205,0.03139040991663933,-0.9328535199165344
1578998501.024645,world,-0.3368956446647644,-0.3839177191257477,-0.7771210670471191,-0.12275515496730804,-0.3368765711784363,0.031188827008008957,-0.9329912662506104
1578998501.0346417,world,-0.33641117811203003,-0.38438916206359863,-0.7780585885047913,-0.12342150509357452,-0.33739224076271057,0.03170059993863106,-0.9326996803283691
1578998501.044863,world,-0.3358325660228729,-0.384953111410141,-0.7788690328598022,-0.12244991958141327,-0.33745408058166504,0.031020935624837875,-0.9328282475471497
1578998501.054984,world,-0.33544695377349854,-0.3855932652950287,-0.7798892259597778,-0.12226902693510056,-0.3376707136631012,0.031003985553979874,-0.9327741861343384
1578998501.055001,world,-0.3348996937274933,-0.3861217796802521,-0.7807480096817017,-0.12262594699859619,-0.3382939100265503,0.031115088611841202,-0.9324977993965149
1578998501.0744448,world,-0.334256649017334,-0.3866586983203888,-0.7815960645675659,-0.12264341861009598,-0.3382111191749573,0.0311835128813982,-0.9325231313705444
1578998501.0744624,world,-0.333797812461853,-0.3871522545814514,-0.7825939059257507,-0.1224769726395607,-0.33821648359298706,0.03121143765747547,-0.9325421452522278
1578998501.0848155,world,-0.3332107961177826,-0.3877218961715698,-0.7835394740104675,-0.12233232706785202,-0.3386932611465454,0.03136897087097168,-0.9323828220367432
1578998501.0942416,world,-0.3327152132987976,-0.38824641704559326,-0.7844679355621338,-0.12215900421142578,-0.3390883505344391,0.03111867606639862,-0.9322702884674072
1578998501.1146529,world,-0.33224478363990784,-0.38880470395088196,-0.7855764627456665,-0.1222979724407196,-0.3392488360404968,0.03126572445034981,-0.9321887493133545
1578998501.1147056,world,-0.33136770129203796,-0.38933229446411133,-0.7862209677696228,-0.12248560041189194,-0.3398032486438751,0.031533535569906235,-0.9319531917572021
1578998501.123841,world,-0.33090054988861084,-0.3897835314273834,-0.7871822118759155,-0.12232495844364166,-0.33991771936416626,0.03135398030281067,-0.931938648223877
1578998501.134195,world,-0.33037811517715454,-0.39030858874320984,-0.7882255911827087,-0.12258719652891159,-0.3406098783016205,0.03146299347281456,-0.9316476583480835
1578998501.1342416,world,-0.329789400100708,-0.3908297121524811,-0.7891423106193542,-0.12219245731830597,-0.34096959233283997,0.031344082206487656,-0.9315720200538635
1578998501.1454244,world,-0.32932090759277344,-0.3913341760635376,-0.7903023958206177,-0.12248614430427551,-0.3413352072238922,0.03161706030368805,-0.9313902854919434
1578998501.1542566,world,-0.32841217517852783,-0.3917844295501709,-0.790909469127655,-0.12236613035202026,-0.3416711688041687,0.031724005937576294,-0.931279182434082
1578998501.165329,world,-0.3279336094856262,-0.39230936765670776,-0.7920541167259216,-0.12215355038642883,-0.3420918583869934,0.03147272393107414,-0.9311612248420715
1578998501.165345,world,-0.32730063796043396,-0.39277273416519165,-0.7930237054824829,-0.12259475886821747,-0.3429596424102783,0.03217604383826256,-0.930759847164154
1578998501.1737978,world,-0.3266662061214447,-0.3932553827762604,-0.7939633727073669,-0.12267573177814484,-0.3432641625404358,0.03224625065922737,-0.9306345582008362
1578998501.1841714,world,-0.3259615898132324,-0.39364099502563477,-0.7948046326637268,-0.12309650331735611,-0.3434176743030548,0.032632727175951004,-0.9305089116096497
1578998501.1977413,world,-0.3253213167190552,-0.3941781520843506,-0.7957178354263306,-0.12277130037546158,-0.34413066506385803,0.03243376687169075,-0.9302953481674194
1578998501.2041724,world,-0.3247348964214325,-0.39467543363571167,-0.7967645525932312,-0.12245456129312515,-0.34426096081733704,0.03231237828731537,-0.9302931427955627
1578998501.2143703,world,-0.32408684492111206,-0.3950764834880829,-0.7976809144020081,-0.12237609922885895,-0.3451952040195465,0.032348647713661194,-0.9299559593200684
1578998501.2143955,world,-0.32352906465530396,-0.3955130875110626,-0.7986894249916077,-0.12226220220327377,-0.34559810161590576,0.032120879739522934,-0.9298291206359863
1578998501.2273996,world,-0.3227697014808655,-0.3959846794605255,-0.7996014952659607,-0.12308871001005173,-0.34594982862472534,0.03290165960788727,-0.929561972618103
1578998501.2346077,world,-0.3220924437046051,-0.39640897512435913,-0.8004776835441589,-0.12300515174865723,-0.3463808596134186,0.03277634456753731,-0.9294169545173645
1578998501.2441478,world,-0.3214288651943207,-0.39683836698532104,-0.8014753460884094,-0.12355010211467743,-0.34719687700271606,0.03352389112114906,-0.9290133714675903
1578998501.2543335,world,-0.32079559564590454,-0.39718079566955566,-0.8024500012397766,-0.1230713352560997,-0.3476535677909851,0.03309057652950287,-0.928921639919281
1578998501.2642903,world,-0.31995463371276855,-0.39758673310279846,-0.8032224774360657,-0.12344302237033844,-0.3478299379348755,0.033894725143909454,-0.9287773370742798
1578998501.2643049,world,-0.3192579448223114,-0.3980066776275635,-0.8042502999305725,-0.12333963066339493,-0.3485739231109619,0.033899419009685516,-0.928511917591095
1578998501.274587,world,-0.3186355531215668,-0.3983437120914459,-0.8052481412887573,-0.1239098310470581,-0.3492968678474426,0.03451016545295715,-0.9281417727470398
1578998501.2846534,world,-0.31793779134750366,-0.3986819386482239,-0.8061866760253906,-0.12350847572088242,-0.35003697872161865,0.03414469212293625,-0.9279298782348633
1578998501.294046,world,-0.3172397017478943,-0.3990073502063751,-0.8071923851966858,-0.12409701943397522,-0.3507530093193054,0.03475341200828552,-0.927558422088623
1578998501.30415,world,-0.3163715898990631,-0.3993183970451355,-0.8078251481056213,-0.12376982718706131,-0.351229727268219,0.03440598025918007,-0.9274346828460693
1578998501.3147924,world,-0.31575503945350647,-0.39967551827430725,-0.8090262413024902,-0.12477245181798935,-0.35227277874946594,0.03527824953198433,-0.9268717765808105
1578998501.3148258,world,-0.31499654054641724,-0.3999933898448944,-0.8098697662353516,-0.12493392825126648,-0.352800190448761,0.03564826771616936,-0.9266352653503418
1578998501.3341117,world,-0.31422609090805054,-0.4003193974494934,-0.8108282685279846,-0.1250458061695099,-0.3536079525947571,0.03594573959708214,-0.9263006448745728
1578998501.3341272,world,-0.31349459290504456,-0.4005674123764038,-0.8117122054100037,-0.1253022700548172,-0.3541502356529236,0.036275457590818405,-0.9260459542274475
1578998501.344483,world,-0.31271442770957947,-0.40085524320602417,-0.812738299369812,-0.1257285475730896,-0.35516488552093506,0.0369596965610981,-0.9255724549293518
1578998501.355417,world,-0.3119535744190216,-0.4011131823062897,-0.8136295080184937,-0.12565186619758606,-0.3560914397239685,0.037229910492897034,-0.9252158999443054
1578998501.3555365,world,-0.31125369668006897,-0.4014419913291931,-0.8146886229515076,-0.1254715919494629,-0.35652366280555725,0.03743193671107292,-0.9250656962394714
1578998501.364448,world,-0.31037774682044983,-0.40169668197631836,-0.8155773282051086,-0.126191183924675,-0.3573404550552368,0.03833309933543205,-0.9246156811714172
1578998501.3747547,world,-0.30975258350372314,-0.40201377868652344,-0.8166854381561279,-0.1261783391237259,-0.35782474279403687,0.03849073126912117,-0.9244236350059509
1578998501.3903403,world,-0.3089829981327057,-0.40229055285453796,-0.8176419138908386,-0.125982865691185,-0.35860323905944824,0.03892005980014801,-0.9241305589675903
1578998501.390356,world,-0.30831846594810486,-0.4025422930717468,-0.8187117576599121,-0.12596172094345093,-0.3591662645339966,0.039111267775297165,-0.923906683921814
1578998501.4047844,world,-0.3073843717575073,-0.402752548456192,-0.8194739818572998,-0.12630601227283478,-0.35945937037467957,0.03970545530319214,-0.9237203001976013
1578998501.4047973,world,-0.3067614436149597,-0.403031587600708,-0.8206876516342163,-0.12629784643650055,-0.3600645959377289,0.040031954646110535,-0.9234716296195984
1578998501.4179726,world,-0.3060234487056732,-0.40326669812202454,-0.821661651134491,-0.12645679712295532,-0.3607254922389984,0.04064592719078064,-0.9231650233268738
1578998501.4263,world,-0.30515310168266296,-0.4036007523536682,-0.8225715756416321,-0.1261507123708725,-0.36095017194747925,0.04072978347539902,-0.9231154918670654
1578998501.4345367,world,-0.30442410707473755,-0.4038461446762085,-0.8235569000244141,-0.1271778792142868,-0.36172762513160706,0.04197528213262558,-0.9226142764091492
1578998501.4449236,world,-0.30369776487350464,-0.4041101336479187,-0.824698269367218,-0.1268519163131714,-0.362168550491333,0.04198184236884117,-0.9224858283996582
1578998501.45434,world,-0.302848219871521,-0.4043130576610565,-0.8254334330558777,-0.12727130949497223,-0.36267951130867004,0.042803604155778885,-0.9221895337104797
1578998501.4647753,world,-0.3021745979785919,-0.40453946590423584,-0.8265504240989685,-0.12707309424877167,-0.3633580207824707,0.043175604194402695,-0.9219323396682739
1578998501.4647944,world,-0.3014572262763977,-0.4047620892524719,-0.8275694847106934,-0.12748286128044128,-0.36391231417655945,0.04375627264380455,-0.9216297268867493
1578998501.4759834,world,-0.300697922706604,-0.4049241840839386,-0.8284885287284851,-0.1272766888141632,-0.36435598134994507,0.043950557708740234,-0.9214736819267273
1578998501.4842424,world,-0.29996904730796814,-0.4052019715309143,-0.8295215964317322,-0.12734748423099518,-0.36490488052368164,0.04436559975147247,-0.9212267398834229
1578998501.4944832,world,-0.2993597090244293,-0.40545037388801575,-0.8306958079338074,-0.12730680406093597,-0.3654666841030121,0.044791243970394135,-0.9209890961647034
1578998501.5048492,world,-0.298610657453537,-0.4056604206562042,-0.8316193222999573,-0.12731115520000458,-0.3662283718585968,0.04500554874539375,-0.9206754565238953
1578998501.5048623,world,-0.29789769649505615,-0.405877947807312,-0.8326327800750732,-0.12723296880722046,-0.36654919385910034,0.04527677595615387,-0.9205452799797058
1578998501.5144596,world,-0.2971518039703369,-0.4061228036880493,-0.8336340188980103,-0.12745437026023865,-0.3672615587711334,0.04559114947915077,-0.9202151298522949
1578998501.5253522,world,-0.29654034972190857,-0.40638792514801025,-0.8346516489982605,-0.12697580456733704,-0.3677980601787567,0.04582066461443901,-0.9200555682182312
1578998501.5349078,world,-0.2959612309932709,-0.40662357211112976,-0.8358558416366577,-0.1271315962076187,-0.3686607778072357,0.04615597426891327,-0.9196719527244568
1578998501.544841,world,-0.2953309416770935,-0.40684905648231506,-0.8368748426437378,-0.1271267533302307,-0.3694184720516205,0.046570781618356705,-0.9193475842475891
1578998501.5540378,world,-0.29448261857032776,-0.40704837441444397,-0.8376871347427368,-0.1271185278892517,-0.3695530295372009,0.04664696753025055,-0.9192908406257629
1578998501.5643706,world,-0.29383209347724915,-0.4072602391242981,-0.8386343717575073,-0.12686686217784882,-0.37006649374961853,0.04671299830079079,-0.9191156029701233
1578998501.5750024,world,-0.29324033856391907,-0.40751150250434875,-0.8398478627204895,-0.12711657583713531,-0.37112656235694885,0.047302357852458954,-0.9186235070228577
1578998501.575084,world,-0.29273542761802673,-0.4077707827091217,-0.8409884572029114,-0.1267574280500412,-0.3717168867588043,0.04717090725898743,-0.9184411764144897
1578998501.5844572,world,-0.2921144366264343,-0.4079941213130951,-0.8420615196228027,-0.1270386427640915,-0.37267497181892395,0.04772809147834778,-0.9179850816726685
1578998501.5944612,world,-0.2912731468677521,-0.40820783376693726,-0.8428915739059448,-0.127302885055542,-0.37286853790283203,0.047842271625995636,-0.9178639054298401
1578998501.604824,world,-0.2906864583492279,-0.4084289073944092,-0.8438912630081177,-0.1276399791240692,-0.37369009852409363,0.0481841005384922,-0.9174650311470032
1578998501.604838,world,-0.29015976190567017,-0.408651739358902,-0.8450953364372253,-0.1273839771747589,-0.37462732195854187,0.048163287341594696,-0.9171194434165955
1578998501.6142173,world,-0.28964143991470337,-0.4088377356529236,-0.8462048172950745,-0.12782986462116241,-0.3755623996257782,0.04883970692753792,-0.9166390299797058
1578998501.6244793,world,-0.2890525460243225,-0.4090970754623413,-0.8472357988357544,-0.12771643698215485,-0.37624162435531616,0.049063973128795624,-0.9163642525672913
1578998501.634788,world,-0.2884657680988312,-0.40926477313041687,-0.8482840061187744,-0.12767355144023895,-0.3771733343601227,0.04921620339155197,-0.9159790277481079
1578998501.6472073,world,-0.28780031204223633,-0.4094315767288208,-0.8491765856742859,-0.12768855690956116,-0.3774247467517853,0.049276188015937805,-0.9158700704574585
1578998501.6472294,world,-0.28723886609077454,-0.40966513752937317,-0.8501957654953003,-0.12759272754192352,-0.37833648920059204,0.049550823867321014,-0.9154924750328064
1578998501.6564908,world,-0.28682562708854675,-0.40988674759864807,-0.8514682054519653,-0.1276797652244568,-0.37909138202667236,0.04976994916796684,-0.9151560664176941
1578998501.6747696,world,-0.2862657904624939,-0.410122811794281,-0.852534294128418,-0.12723277509212494,-0.37970325350761414,0.04958854243159294,-0.9149744510650635
1578998501.6747773,world,-0.28579047322273254,-0.41044536232948303,-0.8537039160728455,-0.1273273527622223,-0.38065585494041443,0.05021508410573006,-0.9145312309265137
1578998501.683889,world,-0.28528541326522827,-0.4106503129005432,-0.8548335433006287,-0.12726673483848572,-0.3814026415348053,0.050186969339847565,-0.9142299890518188
1578998501.6942613,world,-0.2847270965576172,-0.41087326407432556,-0.8559226989746094,-0.12721894681453705,-0.38228949904441833,0.05041788890957832,-0.9138534665107727
1578998501.7043934,world,-0.2842479348182678,-0.41100677847862244,-0.856960117816925,-0.1274774670600891,-0.38268744945526123,0.05075482279062271,-0.9136322140693665
1578998501.704414,world,-0.28369730710983276,-0.4112285375595093,-0.8581613302230835,-0.12697497010231018,-0.38355007767677307,0.05067526921629906,-0.9133448004722595
1578998501.714826,world,-0.28330403566360474,-0.41138964891433716,-0.8591585755348206,-0.12718814611434937,-0.3844706416130066,0.051113858819007874,-0.9129036664962769
1578998501.734817,world,-0.28295785188674927,-0.41163623332977295,-0.8606781363487244,-0.12688173353672028,-0.3850599527359009,0.0510212667286396,-0.9127029776573181
1578998501.7360337,world,-0.2823205888271332,-0.4117642343044281,-0.861361026763916,-0.12669311463832855,-0.3860202431678772,0.051188256591558456,-0.9123141765594482
1578998501.7453175,world,-0.2819996476173401,-0.4119781255722046,-0.8627620339393616,-0.126473069190979,-0.38654690980911255,0.05120240896940231,-0.9121208786964417
1578998501.7550333,world,-0.28152740001678467,-0.41217485070228577,-0.8638407588005066,-0.1258992999792099,-0.38729560375213623,0.050933513790369034,-0.9118976593017578
1578998501.7550507,world,-0.28104090690612793,-0.4123205542564392,-0.8648948073387146,-0.126151442527771,-0.3880692422389984,0.051527902483940125,-0.9115004539489746
1578998501.764086,world,-0.28070637583732605,-0.4125420153141022,-0.8661966323852539,-0.1258484125137329,-0.3886188566684723,0.051618728786706924,-0.9113029837608337
1578998501.7747452,world,-0.28021660447120667,-0.4127192199230194,-0.8672248721122742,-0.12531983852386475,-0.3893525004386902,0.05159368738532066,-0.9110640287399292
1578998501.7837477,world,-0.2796597480773926,-0.41289693117141724,-0.8682668805122375,-0.12592767179012299,-0.3894577920436859,0.05230730026960373,-0.9108945727348328
1578998501.794128,world,-0.27928251028060913,-0.413460910320282,-0.8694936037063599,-0.12328818440437317,-0.38992780447006226,0.0520157516002655,-0.9110713005065918
1578998501.8043194,world,-0.27882853150367737,-0.4136160612106323,-0.8705460429191589,-0.12287936359643936,-0.3904944062232971,0.05213196203112602,-0.9108771681785583
1578998501.814763,world,-0.27826517820358276,-0.4137946367263794,-0.871483564376831,-0.12314801663160324,-0.390728622674942,0.05268473923206329,-0.9107086062431335
1578998501.8241203,world,-0.2779901325702667,-0.4139370918273926,-0.8727250695228577,-0.12268973886966705,-0.39109736680984497,0.05254291743040085,-0.9106203317642212
1578998501.8241324,world,-0.27758631110191345,-0.4137302339076996,-0.8738740086555481,-0.12452489882707596,-0.3918237090110779,0.052906643599271774,-0.9100377559661865
1578998501.8345494,world,-0.2773124873638153,-0.41389599442481995,-0.8751973509788513,-0.12440311163663864,-0.39236021041870117,0.053122714161872864,-0.9098105430603027
1578998501.844771,world,-0.2770612835884094,-0.41403430700302124,-0.876460075378418,-0.12438272684812546,-0.3925516605377197,0.05350162461400032,-0.9097086787223816
1578998501.8543303,world,-0.276602566242218,-0.4142012596130371,-0.8775666952133179,-0.12388290464878082,-0.39321568608283997,0.053433291614055634,-0.9094941020011902
1578998501.854352,world,-0.2759841978549957,-0.41469988226890564,-0.8783451318740845,-0.12197355180978775,-0.3932293653488159,0.05364217236638069,-0.9097338914871216
1578998501.8643913,world,-0.27567312121391296,-0.41489556431770325,-0.8796858787536621,-0.12169897556304932,-0.3935905992984772,0.05381244048476219,-0.9096044301986694
1578998501.874866,world,-0.27522894740104675,-0.4150327742099762,-0.8806858062744141,-0.12118726223707199,-0.3942633271217346,0.053760528564453125,-0.9093844294548035
1578998501.884225,world,-0.2748302221298218,-0.41516590118408203,-0.8818508982658386,-0.12126906961202621,-0.3947310149669647,0.054153453558683395,-0.9091472625732422
1578998501.8943665,world,-0.27452176809310913,-0.41527920961380005,-0.883051872253418,-0.12110354006290436,-0.3953148424625397,0.05458112061023712,-0.9088900685310364
1578998501.9048629,world,-0.2740594446659088,-0.41539523005485535,-0.8841198682785034,-0.12093628942966461,-0.3955256938934326,0.054546747356653214,-0.9088227152824402
1578998501.914591,world,-0.27361568808555603,-0.41549602150917053,-0.8851597905158997,-0.12109161913394928,-0.3964727222919464,0.05517580732703209,-0.9083511829376221
1578998501.9245224,world,-0.2733498811721802,-0.41559305787086487,-0.886314868927002,-0.12100326269865036,-0.3968922793865204,0.05523095652461052,-0.9081763029098511
1578998501.924539,world,-0.2729625403881073,-0.41571396589279175,-0.8875700831413269,-0.12052784860134125,-0.39716827869415283,0.05497945472598076,-0.9081341624259949
1578998501.9337645,world,-0.27250033617019653,-0.41577476263046265,-0.8885439038276672,-0.12056739628314972,-0.3981611728668213,0.055450595915317535,-0.907665491104126
1578998501.9441025,world,-0.2721431851387024,-0.4158734679222107,-0.8897237777709961,-0.12032642960548401,-0.3982785642147064,0.055492620915174484,-0.9076432585716248
1578998501.9557652,world,-0.27188003063201904,-0.41599351167678833,-0.8910112380981445,-0.12019441276788712,-0.3987169563770294,0.0557335764169693,-0.9074535369873047
1578998501.9639616,world,-0.27129092812538147,-0.4160492718219757,-0.8918765187263489,-0.11991731822490692,-0.39933547377586365,0.05583104118704796,-0.9072122573852539
1578998501.9639714,world,-0.2709801197052002,-0.416153222322464,-0.8932530879974365,-0.12023128569126129,-0.3996823728084564,0.05664205178618431,-0.9069675207138062
1578998501.9782686,world,-0.270733505487442,-0.41625353693962097,-0.8945492506027222,-0.12006590515375137,-0.40019312500953674,0.056807104498147964,-0.9067538976669312
1578998501.9844239,world,-0.2702694237232208,-0.4163164794445038,-0.895596444606781,-0.11966679990291595,-0.40078824758529663,0.05696892738342285,-0.9065336585044861
1578998501.9948962,world,-0.2701225280761719,-0.4160734713077545,-0.8970828056335449,-0.12103720009326935,-0.40183204412460327,0.057080429047346115,-0.9058823585510254
1578998502.0041528,world,-0.26966965198516846,-0.4161588251590729,-0.8981125354766846,-0.12090421468019485,-0.40158286690711975,0.05731383338570595,-0.9059958457946777
1578998502.014825,world,-0.26913726329803467,-0.41615211963653564,-0.8991127014160156,-0.12069877237081528,-0.4015912413597107,0.05739641562104225,-0.9060143232345581
1578998502.0153122,world,-0.2687339782714844,-0.4161902666091919,-0.9002269506454468,-0.12057799100875854,-0.402345210313797,0.057696957141160965,-0.9056768417358398
1578998502.0342355,world,-0.2683236002922058,-0.41656383872032166,-0.9013744592666626,-0.11836538463830948,-0.40225881338119507,0.057809215039014816,-0.9059998989105225
1578998502.0342543,world,-0.2680601179599762,-0.4166179299354553,-0.9026867151260376,-0.11820986866950989,-0.40259626507759094,0.05811319872736931,-0.9058507084846497
1578998502.04465,world,-0.2675735652446747,-0.4166267514228821,-0.9038416147232056,-0.11835096776485443,-0.4030798375606537,0.05886725336313248,-0.905568540096283
1578998502.0539317,world,-0.26723209023475647,-0.41667911410331726,-0.9051125645637512,-0.11803723871707916,-0.4036175608634949,0.05895737558603287,-0.9053641557693481
1578998502.0543077,world,-0.26676326990127563,-0.41666892170906067,-0.9063056707382202,-0.11806013435125351,-0.40358591079711914,0.05922715738415718,-0.9053576588630676
1578998502.064288,world,-0.26623785495758057,-0.4166921377182007,-0.9073308110237122,-0.11776377260684967,-0.4043060541152954,0.05935357138514519,-0.9050665497779846
1578998502.0750208,world,-0.265773206949234,-0.41676703095436096,-0.9085882306098938,-0.11760348081588745,-0.40456077456474304,0.05963447690010071,-0.9049550890922546
1578998502.0840478,world,-0.2654533088207245,-0.4167782962322235,-0.9098299741744995,-0.11752910912036896,-0.40501147508621216,0.05974592640995979,-0.9047557711601257
1578998502.0943255,world,-0.26496055722236633,-0.41680940985679626,-0.9110785722732544,-0.11766795068979263,-0.405640572309494,0.06045012176036835,-0.9044091701507568
1578998502.1048589,world,-0.2645394802093506,-0.41677600145339966,-0.9123159050941467,-0.11724278330802917,-0.40621399879455566,0.0603475347161293,-0.9042137861251831
1578998502.1048758,world,-0.26423171162605286,-0.4167366325855255,-0.913691520690918,-0.11702314764261246,-0.4065277576446533,0.060787733644247055,-0.9040718078613281
1578998502.1138933,world,-0.26364850997924805,-0.4163433909416199,-0.9148371815681458,-0.1188526526093483,-0.40750357508659363,0.061188019812107086,-0.9033665657043457
1578998502.1243129,world,-0.2630784213542938,-0.4166906476020813,-0.9159702062606812,-0.11699768900871277,-0.407654345035553,0.06144461780786514,-0.9035232067108154
1578998502.1346438,world,-0.262809157371521,-0.41628873348236084,-0.917458176612854,-0.11886027455329895,-0.4087541699409485,0.061884570866823196,-0.9027527570724487
1578998502.143789,world,-0.26227524876594543,-0.4162600338459015,-0.9186401963233948,-0.11899493634700775,-0.4095679819583893,0.06243475154042244,-0.9023281931877136
1578998502.1542761,world,-0.26159197092056274,-0.41659972071647644,-0.9197609424591064,-0.1173328310251236,-0.4095490276813507,0.0626889318227768,-0.902536928653717
1578998502.1655974,world,-0.26112499833106995,-0.41620421409606934,-0.9210218787193298,-0.11957919597625732,-0.4105282127857208,0.06365790218114853,-0.9017289876937866
1578998502.1656187,world,-0.26069530844688416,-0.4161509871482849,-0.9224268794059753,-0.11908762156963348,-0.41122132539749146,0.063756063580513,-0.9014713168144226
1578998502.1751747,world,-0.26018816232681274,-0.4160693883895874,-0.9236235022544861,-0.1189410388469696,-0.4119749665260315,0.06411563605070114,-0.9011209607124329
1578998502.1841922,world,-0.2596464455127716,-0.41601264476776123,-0.9249877333641052,-0.11874517798423767,-0.4127449691295624,0.06442113220691681,-0.9007725119590759
1578998502.1945703,world,-0.2592546343803406,-0.4159247875213623,-0.9263002276420593,-0.11816739290952682,-0.41347986459732056,0.06413937360048294,-0.900531530380249
1578998502.1945949,world,-0.25879332423210144,-0.41591307520866394,-0.9276605248451233,-0.11844281852245331,-0.4143770933151245,0.06489039957523346,-0.9000290632247925
1578998502.2037523,world,-0.2582615315914154,-0.4159110486507416,-0.9289368987083435,-0.11796873807907104,-0.4152640402317047,0.06486862897872925,-0.8996840715408325
1578998502.2248802,world,-0.25769391655921936,-0.4157882630825043,-0.9301815629005432,-0.11869682371616364,-0.41582465171813965,0.06592302769422531,-0.8992525339126587
1578998502.2248957,world,-0.25722455978393555,-0.4157341718673706,-0.931509792804718,-0.11845789849758148,-0.41650640964508057,0.06595796346664429,-0.8989660143852234
1578998502.2344236,world,-0.2566819190979004,-0.4157087206840515,-0.9327725768089294,-0.11866775900125504,-0.41753947734832764,0.06660248339176178,-0.8984113335609436
1578998502.2459307,world,-0.25614485144615173,-0.41566574573516846,-0.9340812563896179,-0.11814127117395401,-0.417715847492218,0.06669193506240845,-0.8983920812606812
1578998502.2542143,world,-0.25560277700424194,-0.4156032204627991,-0.9352236986160278,-0.11755268275737762,-0.4185774326324463,0.06652885675430298,-0.8980803489685059
1578998502.2542787,world,-0.2551271617412567,-0.41556090116500854,-0.9366828799247742,-0.11764498054981232,-0.41939932107925415,0.0672740489244461,-0.8976291418075562
1578998502.2660272,world,-0.2544666528701782,-0.41572460532188416,-0.9377328753471375,-0.11637919396162033,-0.419660747051239,0.06769456714391708,-0.8976402878761292
1578998502.2739177,world,-0.2539461851119995,-0.41567936539649963,-0.939171552658081,-0.11651000380516052,-0.42056816816329956,0.0683385580778122,-0.8971498012542725
1578998502.2843223,world,-0.25368210673332214,-0.41551461815834045,-0.9406223893165588,-0.11639565974473953,-0.4213300049304962,0.06822038441896439,-0.8968161344528198
1578998502.2945447,world,-0.25306248664855957,-0.4154629111289978,-0.9418952465057373,-0.11588338017463684,-0.42212724685668945,0.06838936358690262,-0.8964946269989014
1578998502.303785,world,-0.25257277488708496,-0.415386438369751,-0.9431624412536621,-0.11591998487710953,-0.42280253767967224,0.0686555802822113,-0.8961512446403503
1578998502.303802,world,-0.25198933482170105,-0.4151875078678131,-0.9444025158882141,-0.1154116615653038,-0.4230794608592987,0.06877954304218292,-0.8960767388343811
1578998502.3278372,world,-0.2514648735523224,-0.41502490639686584,-0.9455807209014893,-0.11541962623596191,-0.4240558445453644,0.0693732276558876,-0.8955682516098022
1578998502.3278573,world,-0.25104448199272156,-0.4149155020713806,-0.9470701217651367,-0.11554654687643051,-0.42444419860839844,0.06974725425243378,-0.895338773727417
1578998502.327862,world,-0.250730037689209,-0.4144544005393982,-0.9485763311386108,-0.11690248548984528,-0.42626845836639404,0.07009603828191757,-0.8942681550979614
1578998502.344355,world,-0.24967819452285767,-0.41463547945022583,-0.9492533206939697,-0.11580055207014084,-0.4255225658416748,0.07076755166053772,-0.8947137594223022
1578998502.3558733,world,-0.24931566417217255,-0.4144836366176605,-0.9506645798683167,-0.11555476486682892,-0.4262380301952362,0.07088471949100494,-0.8943957090377808
1578998502.3558946,world,-0.24903172254562378,-0.41417163610458374,-0.952336311340332,-0.1152510866522789,-0.42756396532058716,0.07133280485868454,-0.8937662243843079
1578998502.3746822,world,-0.24828916788101196,-0.41360288858413696,-0.953191876411438,-0.11708728969097137,-0.4277064800262451,0.07154979556798935,-0.8934418559074402
1578998503.7642658,world,-0.17629306018352509,-0.34039175510406494,-1.10486900806427,-0.09347452223300934,-0.5027347803115845,0.09493415057659149,-0.8541123867034912
1578998503.764304,world,-0.167963907122612,-0.3230445981025696,-1.1202267408370972,-0.08889654278755188,-0.5062565803527832,0.09962557256221771,-0.851983904838562
1578998503.7644575,world,-0.1675596535205841,-0.32197055220603943,-1.121160626411438,-0.08845985680818558,-0.5060146450996399,0.10017191618680954,-0.8521089553833008
1578998503.7645023,world,-0.1654147058725357,-0.31623950600624084,-1.1253690719604492,-0.08731122314929962,-0.504966139793396,0.1011626124382019,-0.8527320623397827
1578998503.7645133,world,-0.1650678813457489,-0.3151054382324219,-1.126293659210205,-0.08662636578083038,-0.5047368407249451,0.10089080035686493,-0.8529700040817261
1578998503.7645173,world,-0.16209600865840912,-0.30647265911102295,-1.1320810317993164,-0.08501938730478287,-0.5040380358695984,0.10219943523406982,-0.8533890247344971
1578998503.7647119,world,-0.16154548525810242,-0.30526068806648254,-1.132802128791809,-0.08500251919031143,-0.5041316747665405,0.10289942473173141,-0.8532512784004211
1578998503.764721,world,-0.16064266860485077,-0.30271100997924805,-1.13443922996521,-0.08416759967803955,-0.5045062899589539,0.102643221616745,-0.8531433939933777
1578998503.7740383,world,-0.16026073694229126,-0.30140334367752075,-1.135394811630249,-0.08400818705558777,-0.5046269297599792,0.10263337194919586,-0.8530889749526978
1578998503.7740536,world,-0.15952329337596893,-0.29994428157806396,-1.1357133388519287,-0.08430469036102295,-0.504732608795166,0.10344734787940979,-0.8528987765312195
1578998503.794451,world,-0.15918178856372833,-0.2986059784889221,-1.1368365287780762,-0.08363118022680283,-0.5053493976593018,0.10294924676418304,-0.8526601791381836
1578998503.7944577,world,-0.15879961848258972,-0.2972026467323303,-1.1377376317977905,-0.08394037187099457,-0.5056212544441223,0.10360711067914963,-0.852388858795166
1578998503.8048775,world,-0.1580609232187271,-0.29576534032821655,-1.1382352113723755,-0.08399520814418793,-0.5054419040679932,0.10424958169460297,-0.8524115085601807
1578998503.8048935,world,-0.15745311975479126,-0.29437991976737976,-1.1389113664627075,-0.08380588889122009,-0.5060468316078186,0.1045025885105133,-0.8520402312278748
1578998503.8141336,world,-0.1569805145263672,-0.29295647144317627,-1.1398459672927856,-0.08385094255208969,-0.5063084959983826,0.10480763763189316,-0.8518428206443787
1578998503.8245263,world,-0.15601129829883575,-0.29174578189849854,-1.1399884223937988,-0.08318963646888733,-0.5061115026473999,0.10538109391927719,-0.85195392370224
1578998503.834799,world,-0.15530982613563538,-0.29018697142601013,-1.1404762268066406,-0.08324158191680908,-0.5066682696342468,0.10528046637773514,-0.8516303896903992
1578998503.8439786,world,-0.15474747121334076,-0.2888200283050537,-1.1412584781646729,-0.08291807770729065,-0.5069443583488464,0.10543827712535858,-0.8514780402183533
1578998503.8543708,world,-0.15444083511829376,-0.2872951924800873,-1.1423165798187256,-0.08286347985267639,-0.5075055360794067,0.10572037100791931,-0.8511139750480652
1578998503.8648689,world,-0.15413697063922882,-0.286364883184433,-1.142914056777954,-0.07968746870756149,-0.5089414715766907,0.1048404648900032,-0.8506685495376587
1578998503.8648994,world,-0.15357647836208344,-0.28499895334243774,-1.1435914039611816,-0.07930295169353485,-0.5097586512565613,0.10524775832891464,-0.8501648306846619
1578998503.874464,world,-0.15259288251399994,-0.2827811539173126,-1.1443675756454468,-0.08287594467401505,-0.5095676779747009,0.1069178506731987,-0.8497300148010254
1578998503.8839216,world,-0.15238016843795776,-0.2819252908229828,-1.1449604034423828,-0.07964765280485153,-0.5113672614097595,0.10607457906007767,-0.8490630984306335
1578998503.894265,world,-0.15195921063423157,-0.2804535925388336,-1.1457998752593994,-0.07912465929985046,-0.5121773481369019,0.10610225796699524,-0.8486200571060181
1578998503.904389,world,-0.15118072926998138,-0.27887383103370667,-1.1463795900344849,-0.07904959470033646,-0.5131274461746216,0.10627318918704987,-0.8480315208435059
1578998503.916026,world,-0.15079337358474731,-0.2773391008377075,-1.147201657295227,-0.07948482781648636,-0.5140210390090942,0.10657105594873428,-0.8474120497703552
1578998503.9160779,world,-0.14988034963607788,-0.2751474380493164,-1.147832989692688,-0.08287125825881958,-0.5141088962554932,0.10800976306200027,-0.8468520641326904
1578998503.9249291,world,-0.14984549582004547,-0.27433961629867554,-1.1487065553665161,-0.07865534722805023,-0.5160792469978333,0.10675550252199173,-0.8462145328521729
1578998503.9445257,world,-0.14946213364601135,-0.2727319598197937,-1.1494873762130737,-0.07898973673582077,-0.5170649886131287,0.10673116892576218,-0.8455843329429626
1578998503.9445405,world,-0.14872092008590698,-0.27120617032051086,-1.149884581565857,-0.07848572731018066,-0.5180180668830872,0.10689377784729004,-0.8450272083282471
1578998503.954732,world,-0.14833290874958038,-0.2697138786315918,-1.1507854461669922,-0.07808273285627365,-0.5188078284263611,0.10720305889844894,-0.8445408344268799
1578998503.9640381,world,-0.1476832628250122,-0.268131822347641,-1.15130615234375,-0.07832232117652893,-0.5200090408325195,0.10758250951766968,-0.843731164932251
1578998503.974331,world,-0.14728118479251862,-0.26669058203697205,-1.1521213054656982,-0.07769133895635605,-0.5207606554031372,0.10771344602108002,-0.8433091044425964
1578998503.9743776,world,-0.14686240255832672,-0.2651117742061615,-1.152881383895874,-0.07740239053964615,-0.521555483341217,0.10783327370882034,-0.8428290486335754
1578998503.984609,world,-0.146355539560318,-0.26354077458381653,-1.153564453125,-0.07704603672027588,-0.5226409435272217,0.10779255628585815,-0.8421942591667175
1578998503.994723,world,-0.1459072232246399,-0.26204708218574524,-1.1541675329208374,-0.07685566693544388,-0.5235310792922974,0.10796645283699036,-0.8416362404823303
1578998503.9947364,world,-0.14520740509033203,-0.26050320267677307,-1.1549218893051147,-0.07634995132684708,-0.5239396691322327,0.1081775650382042,-0.8414009809494019
1578998504.0141637,world,-0.14486007392406464,-0.25894850492477417,-1.1559052467346191,-0.07610304653644562,-0.5245856046676636,0.10847236961126328,-0.8409828543663025
1578998504.024408,world,-0.14441169798374176,-0.2572742700576782,-1.156417965888977,-0.07603916525840759,-0.5255910754203796,0.10847203433513641,-0.840360701084137
1578998504.0244203,world,-0.14405670762062073,-0.25596415996551514,-1.1571365594863892,-0.07469567656517029,-0.5264405012130737,0.108572818338871,-0.8399363160133362
1578998504.034883,world,-0.14351145923137665,-0.25418317317962646,-1.157882571220398,-0.07500629872083664,-0.5268645286560059,0.10930565744638443,-0.8395475745201111
1578998504.0440059,world,-0.1429690569639206,-0.25265243649482727,-1.158522129058838,-0.07446915656328201,-0.5273257493972778,0.10949412733316422,-0.8392812013626099
1578998504.0542507,world,-0.1426040232181549,-0.25121015310287476,-1.1592180728912354,-0.07319062203168869,-0.528002142906189,0.10958454757928848,-0.8389565348625183
1578998504.0542958,world,-0.14221680164337158,-0.24958260357379913,-1.1599013805389404,-0.07282478362321854,-0.5285329222679138,0.10968925058841705,-0.8386404514312744
1578998504.0750074,world,-0.14173585176467896,-0.24805906414985657,-1.160279393196106,-0.07170505821704865,-0.5293582677841187,0.10972072929143906,-0.8382121324539185
1578998504.084223,world,-0.1413290649652481,-0.2465158849954605,-1.1610217094421387,-0.07121728360652924,-0.5299012064933777,0.1100882962346077,-0.8378624320030212
1578998504.0842264,world,-0.14084026217460632,-0.24488098919391632,-1.161644697189331,-0.07065806537866592,-0.5299757122993469,0.11058957874774933,-0.8377966284751892
1578998504.0946593,world,-0.14034415781497955,-0.24327416718006134,-1.1623203754425049,-0.07040859013795853,-0.5303688645362854,0.11100544780492783,-0.8375138640403748
1578998504.1049442,world,-0.13989746570587158,-0.2418326884508133,-1.1629103422164917,-0.0692477747797966,-0.53084796667099,0.11136630177497864,-0.8372591733932495
1578998504.1244624,world,-0.1393628716468811,-0.2402099072933197,-1.163479208946228,-0.06901081651449203,-0.5307748913764954,0.11190271377563477,-0.8372534513473511
1578998504.1244788,world,-0.13895964622497559,-0.23878063261508942,-1.164324402809143,-0.0679946169257164,-0.5307634472846985,0.11227835714817047,-0.8372936248779297
1578998504.1368027,world,-0.13844133913516998,-0.23708368837833405,-1.1647694110870361,-0.0678216889500618,-0.5309943556785583,0.11292587220668793,-0.8370741009712219
1578998504.1444235,world,-0.1379774659872055,-0.2356599122285843,-1.1653058528900146,-0.0666222795844078,-0.5313666462898254,0.11275700479745865,-0.8369568586349487
1578998504.1444414,world,-0.13752523064613342,-0.23404259979724884,-1.1659404039382935,-0.0663881003856659,-0.5314203500747681,0.11300800740718842,-0.8369075655937195
1578998504.1544812,world,-0.13717417418956757,-0.23251751065254211,-1.166677474975586,-0.06568001210689545,-0.5315471887588501,0.1136765256524086,-0.8367924094200134
1578998504.1669903,world,-0.13667425513267517,-0.230910062789917,-1.1671932935714722,-0.06526262313127518,-0.5320032835006714,0.11418750137090683,-0.83646559715271
1578998504.1770396,world,-0.13614128530025482,-0.22948159277439117,-1.1676125526428223,-0.06442824751138687,-0.5321676731109619,0.11487393081188202,-0.8363316059112549
1578998504.1842854,world,-0.13574038445949554,-0.22787418961524963,-1.1681164503097534,-0.06423214077949524,-0.5324056148529053,0.11490203440189362,-0.8361914753913879
1578998504.6848037,world,-0.12695221602916718,-0.1555183380842209,-1.1742706298828125,-0.04957709461450577,-0.5557228326797485,0.1107461005449295,-0.8224656581878662
1578998504.6848154,world,-0.1270798146724701,-0.153941810131073,-1.1740704774856567,-0.04968908801674843,-0.5568450689315796,0.11049854755401611,-0.8217326402664185
1578998504.6848423,world,-0.1271534264087677,-0.1526157557964325,-1.1737854480743408,-0.04977894574403763,-0.5578643679618835,0.10996073484420776,-0.821107804775238
1578998504.68485,world,-0.12752969563007355,-0.14217351377010345,-1.1714719533920288,-0.05050453543663025,-0.5640208125114441,0.10726958513259888,-0.8172044157981873
1578998504.6943276,world,-0.1275717169046402,-0.14056383073329926,-1.171050786972046,-0.050790976732969284,-0.5645101070404053,0.10674130916595459,-0.8169179558753967
1578998504.7047098,world,-0.12758944928646088,-0.1390712857246399,-1.1706047058105469,-0.050878290086984634,-0.564979076385498,0.10600051283836365,-0.8166847229003906
1578998504.7138724,world,-0.12767340242862701,-0.1375923454761505,-1.170363426208496,-0.05113133415579796,-0.5652121901512146,0.10593291372060776,-0.8165163993835449
1578998504.7240515,world,-0.12770304083824158,-0.1359606832265854,-1.1696761846542358,-0.05139745771884918,-0.5656415820121765,0.10514173656702042,-0.8163045644760132
1578998504.7240834,world,-0.12780123949050903,-0.13441818952560425,-1.1692615747451782,-0.05154343321919441,-0.5657743811607361,0.10472550243139267,-0.8162568807601929
1578998504.7345295,world,-0.12785084545612335,-0.13287416100502014,-1.16871178150177,-0.05178265646100044,-0.5660544037818909,0.10400675982236862,-0.8161394596099854
1578998504.7448246,world,-0.12794242799282074,-0.13126324117183685,-1.168296217918396,-0.051892753690481186,-0.5661565661430359,0.10357728600502014,-0.816116213798523
1578998504.7541544,world,-0.12800279259681702,-0.12969081103801727,-1.1676136255264282,-0.051973335444927216,-0.5664101243019104,0.10321807861328125,-0.8159807324409485
1578998504.7649062,world,-0.12829338014125824,-0.12804369628429413,-1.167320728302002,-0.05222655460238457,-0.5668869614601135,0.10253827273845673,-0.8157190680503845
1578998504.7649503,world,-0.12819334864616394,-0.126470148563385,-1.166543960571289,-0.05231058597564697,-0.5668174624443054,0.10183024406433105,-0.8158506155014038
1578998504.7738814,world,-0.12850099802017212,-0.12486007809638977,-1.1663628816604614,-0.05235860496759415,-0.5670074224472046,0.10142694413661957,-0.8157657980918884
1578998504.7842047,world,-0.1284707933664322,-0.12323284149169922,-1.1657081842422485,-0.05307600274682045,-0.5671654343605042,0.10128166526556015,-0.8156276345252991
1578998504.7946355,world,-0.12841622531414032,-0.1217067688703537,-1.1650911569595337,-0.05291824787855148,-0.5672415494918823,0.10073878616094589,-0.815652072429657
1578998504.8048663,world,-0.1286500096321106,-0.1200503408908844,-1.1645046472549438,-0.053318653255701065,-0.5676375031471252,0.10027728229761124,-0.8154074549674988
1578998504.8142858,world,-0.12864136695861816,-0.11838537454605103,-1.1635475158691406,-0.05349840596318245,-0.5678666234016418,0.0996735543012619,-0.8153101205825806
1578998504.814315,world,-0.12890112400054932,-0.11676286160945892,-1.1631247997283936,-0.05338817834854126,-0.568149983882904,0.09887181967496872,-0.8152176141738892
1578998504.8245854,world,-0.12899291515350342,-0.11523082107305527,-1.1625607013702393,-0.053638678044080734,-0.5685763955116272,0.09858740866184235,-0.8149382472038269
1578998504.8440049,world,-0.12920710444450378,-0.11360140889883041,-1.162061333656311,-0.05326512083411217,-0.5687387585639954,0.09764105081558228,-0.8149634003639221
1578998504.8440452,world,-0.12945345044136047,-0.11208455264568329,-1.1616406440734863,-0.0536898635327816,-0.5693694949150085,0.09735822677612305,-0.8145288825035095
1578998504.8587554,world,-0.1296030580997467,-0.11044187843799591,-1.1610685586929321,-0.05362442508339882,-0.5698152780532837,0.09701257199048996,-0.8142625689506531
1578998504.8588192,world,-0.12960760295391083,-0.1088571771979332,-1.160286545753479,-0.05408000946044922,-0.5702741742134094,0.09686538577079773,-0.8139287233352661
1578998504.8748364,world,-0.1296127736568451,-0.10730603337287903,-1.1595091819763184,-0.054610516875982285,-0.5707850456237793,0.096828393638134,-0.813539445400238
1578998504.8843143,world,-0.12973211705684662,-0.10566656291484833,-1.1589734554290771,-0.05506833270192146,-0.5713014006614685,0.09631350636482239,-0.81320720911026
1578998504.8843725,world,-0.12985114753246307,-0.10410645604133606,-1.158216953277588,-0.05525451898574829,-0.5716558694839478,0.09552980959415436,-0.8130379319190979
1578998504.8945606,world,-0.12998422980308533,-0.10255585610866547,-1.1572916507720947,-0.05509326979517937,-0.5724049806594849,0.09468089044094086,-0.812620997428894
1578998504.9141874,world,-0.1304289698600769,-0.1009560376405716,-1.1569790840148926,-0.055201899260282516,-0.5728613138198853,0.09361327439546585,-0.8124157786369324
1578998504.9142783,world,-0.13044719398021698,-0.09948699921369553,-1.156219244003296,-0.054839540272951126,-0.5730480551719666,0.0929846465587616,-0.8123807311058044
1578998504.924573,world,-0.13066796958446503,-0.09798068553209305,-1.1556236743927002,-0.05505691096186638,-0.5734603404998779,0.092338427901268,-0.8121487498283386
1578998504.9245765,world,-0.13067713379859924,-0.09642019867897034,-1.1547050476074219,-0.05507500469684601,-0.5736749172210693,0.09178060293197632,-0.8120593428611755
1578998504.9347768,world,-0.13089977204799652,-0.09503738582134247,-1.1541023254394531,-0.0548686645925045,-0.5740965008735657,0.09143534302711487,-0.8118142485618591
1578998504.9547608,world,-0.13098233938217163,-0.0934724435210228,-1.1534020900726318,-0.05511656403541565,-0.5742889046669006,0.09099733084440231,-0.8117105960845947
1578998504.954776,world,-0.13102732598781586,-0.09206515550613403,-1.1525771617889404,-0.055186882615089417,-0.574333667755127,0.09074734151363373,-0.8117020130157471
1578998504.9649265,world,-0.1312953382730484,-0.09063921123743057,-1.1519023180007935,-0.05504854768514633,-0.5746117234230042,0.09005620330572128,-0.811591625213623
1578998504.9649389,world,-0.13150130212306976,-0.08917426317930222,-1.1512367725372314,-0.0548163466155529,-0.5748643279075623,0.08930964022874832,-0.8115109801292419
1578998504.9840624,world,-0.13165108859539032,-0.08777899295091629,-1.1504051685333252,-0.05486854910850525,-0.5749476552009583,0.08884620666503906,-0.811499297618866
1578998505.004678,world,-0.1318366676568985,-0.08633963763713837,-1.1495771408081055,-0.054402440786361694,-0.5750398635864258,0.0877654179930687,-0.8115829229354858
1578998505.0047612,world,-0.13225655257701874,-0.08361910283565521,-1.148282527923584,-0.053699783980846405,-0.5746688842773438,0.08650807291269302,-0.8120274543762207
1578998505.0138242,world,-0.13246220350265503,-0.08221480250358582,-1.1475751399993896,-0.053532034158706665,-0.5744349956512451,0.08640653640031815,-0.812214732170105
1578998505.0239491,world,-0.13262447714805603,-0.08078265935182571,-1.1466976404190063,-0.05359319597482681,-0.5743693709373474,0.08622005581855774,-0.8122768402099609
1578998505.034697,world,-0.13276976346969604,-0.07950825989246368,-1.1458441019058228,-0.05282764881849289,-0.5740867257118225,0.08560056239366531,-0.8125922679901123
1578998505.0347168,world,-0.13295908272266388,-0.07799035310745239,-1.1451464891433716,-0.05241888388991356,-0.5738669037818909,0.08511371165513992,-0.8128252625465393
1578998505.0544393,world,-0.13309602439403534,-0.0768292024731636,-1.1442011594772339,-0.05194961652159691,-0.5736258029937744,0.0846657082438469,-0.8130723237991333
1578998505.0544548,world,-0.13349147140979767,-0.07536458969116211,-1.1435062885284424,-0.051192477345466614,-0.573315441608429,0.08370541781187057,-0.8134384751319885
1578998505.0646932,world,-0.13377885520458221,-0.07406526803970337,-1.1428718566894531,-0.05077742412686348,-0.5729808807373047,0.08314399421215057,-0.8137578368186951
1578998505.0744188,world,-0.13399168848991394,-0.07270293682813644,-1.141971468925476,-0.05031237751245499,-0.5724743604660034,0.08267702162265778,-0.814190685749054
1578998505.0844464,world,-0.1342308670282364,-0.07126933336257935,-1.1411336660385132,-0.05001787096261978,-0.5722509026527405,0.0820329412817955,-0.8144310116767883
1578998505.084471,world,-0.13463443517684937,-0.07010067254304886,-1.1405887603759766,-0.049182433634996414,-0.5715935230255127,0.08114515244960785,-0.8150322437286377
1578998505.0942204,world,-0.13485948741436005,-0.06865792721509933,-1.1396218538284302,-0.04920056462287903,-0.5714074373245239,0.08101712912321091,-0.8151743412017822
1578998505.104569,world,-0.1350523978471756,-0.0674113780260086,-1.138632893562317,-0.04858226329088211,-0.5712016820907593,0.0803271234035492,-0.815423846244812
1578998505.1145613,world,-0.13527588546276093,-0.06600929796695709,-1.1378066539764404,-0.048078738152980804,-0.5709558129310608,0.07992497831583023,-0.8156654238700867
1578998505.114568,world,-0.13563960790634155,-0.06481533497571945,-1.1370545625686646,-0.047280002385377884,-0.570652425289154,0.07900774478912354,-0.8160135746002197
1578998505.1248658,world,-0.13599282503128052,-0.06336667388677597,-1.1361610889434814,-0.046860627830028534,-0.5705000758171082,0.07883602380752563,-0.8161609172821045
1578998505.1345472,world,-0.13624832034111023,-0.062080055475234985,-1.13526451587677,-0.046027541160583496,-0.57024085521698,0.07818606495857239,-0.8164520859718323
1578998505.144048,world,-0.13653896749019623,-0.06067057326436043,-1.1343586444854736,-0.046031851321458817,-0.5698543787002563,0.07771434634923935,-0.8167665600776672
1578998505.1541004,world,-0.13697245717048645,-0.05930187553167343,-1.1335606575012207,-0.045497871935367584,-0.5700193047523499,0.07719307392835617,-0.816730797290802
1578998505.1645281,world,-0.13720127940177917,-0.058063820004463196,-1.1325178146362305,-0.04476761817932129,-0.5695527791976929,0.07628054916858673,-0.8171822428703308
1578998505.1645415,world,-0.13757389783859253,-0.05664271488785744,-1.1317546367645264,-0.04452509060502052,-0.569530725479126,0.0758318305015564,-0.8172526955604553
1578998505.173821,world,-0.13769660890102386,-0.05540767312049866,-1.1305207014083862,-0.043678224086761475,-0.5694217681884766,0.07503408938646317,-0.8174479007720947
1578998505.1964107,world,-0.13803014159202576,-0.053974904119968414,-1.1294888257980347,-0.043641410768032074,-0.5694791078567505,0.07484672963619232,-0.8174270987510681
1578998505.1964233,world,-0.13815996050834656,-0.05272328481078148,-1.1283485889434814,-0.042930372059345245,-0.5693078637123108,0.07387850433588028,-0.8176720142364502
1578998505.2063625,world,-0.13880831003189087,-0.051410332322120667,-1.1278811693191528,-0.042389243841171265,-0.5694069862365723,0.07353517413139343,-0.817662239074707
1578998505.206376,world,-0.13910916447639465,-0.04998007044196129,-1.1266385316848755,-0.04199576377868652,-0.5695376396179199,0.07276705652475357,-0.8176603317260742
1578998505.2147558,world,-0.13935530185699463,-0.04867870360612869,-1.1256769895553589,-0.04136060178279877,-0.5694915652275085,0.07241722196340561,-0.8177558183670044
1578998505.2240038,world,-0.1395476758480072,-0.04726670682430267,-1.12453031539917,-0.04152021184563637,-0.5693994760513306,0.07196410745382309,-0.8178518414497375
1578998505.2342145,world,-0.13985885679721832,-0.04594126716256142,-1.1235581636428833,-0.041240353137254715,-0.5694097280502319,0.07179733365774155,-0.8178734183311462
1578998505.2445297,world,-0.14022955298423767,-0.04454522207379341,-1.1225998401641846,-0.04098525643348694,-0.5693323016166687,0.0707225650548935,-0.8180338144302368
1578998505.2548456,world,-0.14035412669181824,-0.04331488162279129,-1.1213749647140503,-0.04056016728281975,-0.5690992474555969,0.07037220150232315,-0.8182473182678223
1578998505.2642052,world,-0.14062650501728058,-0.04187547788023949,-1.1201403141021729,-0.040984734892845154,-0.56930011510849,0.06987441331148148,-0.8181290626525879
1578998505.2749834,world,-0.14075681567192078,-0.040528804063797,-1.1188392639160156,-0.04093232750892639,-0.5691072940826416,0.0695355013012886,-0.8182947635650635
1578998505.2843084,world,-0.14117048680782318,-0.03917303681373596,-1.1179949045181274,-0.041151437908411026,-0.569263756275177,0.06875154376029968,-0.8182411789894104
1578998505.284324,world,-0.14129497110843658,-0.037756484001874924,-1.1165636777877808,-0.041011642664670944,-0.5692297220230103,0.06820697337388992,-0.8183174133300781
1578998505.2947228,world,-0.14177699387073517,-0.0364234559237957,-1.1155967712402344,-0.040574509650468826,-0.5691836476325989,0.06707197427749634,-0.818464994430542
1578998505.30397,world,-0.14188604056835175,-0.03514932096004486,-1.1143325567245483,-0.040516581386327744,-0.5690184235572815,0.06665025651454926,-0.8186172842979431
1578998505.314291,world,-0.14213593304157257,-0.03373594954609871,-1.112928867340088,-0.04068538546562195,-0.5689699053764343,0.06624924391508102,-0.8186752200126648
1578998505.3143003,world,-0.14231516420841217,-0.03248382359743118,-1.1117998361587524,-0.0407378263771534,-0.5687001943588257,0.06571105122566223,-0.818903386592865
1578998505.3245378,world,-0.1426386833190918,-0.031178178265690804,-1.1105576753616333,-0.040976375341415405,-0.5687713623046875,0.06572061777114868,-0.8188412189483643
1578998505.3342803,world,-0.14286039769649506,-0.02985338307917118,-1.1092685461044312,-0.04122624173760414,-0.5688484907150269,0.06495587527751923,-0.8188360929489136
1578998505.344394,world,-0.14320364594459534,-0.028660401701927185,-1.1082112789154053,-0.04069554805755615,-0.5686805844306946,0.06368923932313919,-0.8190787434577942
1578998505.3549914,world,-0.14339786767959595,-0.027314329519867897,-1.10677170753479,-0.04126324504613876,-0.5685067772865295,0.0634193867444992,-0.8191918730735779
1578998505.3641245,world,-0.14360865950584412,-0.026114536449313164,-1.1054096221923828,-0.04072649031877518,-0.5685312151908875,0.06232915073633194,-0.81928551197052
1578998505.3744128,world,-0.14381127059459686,-0.02474777214229107,-1.1041431427001953,-0.04142607003450394,-0.5681871771812439,0.061952803283929825,-0.8195176124572754
1578998505.3744264,world,-0.14406177401542664,-0.02349751815199852,-1.1027401685714722,-0.04124292731285095,-0.5681883692741394,0.0612809956073761,-0.819576621055603
1578998505.3842645,world,-0.14418350160121918,-0.022295022383332253,-1.1013154983520508,-0.04172707349061966,-0.5678759813308716,0.06086479499936104,-0.819799542427063
1578998505.394462,world,-0.14457428455352783,-0.021031854674220085,-1.1003286838531494,-0.041926462203264236,-0.5675252079963684,0.06018340587615967,-0.8200825452804565
1578998505.404702,world,-0.1447305530309677,-0.0199278574436903,-1.0987236499786377,-0.041884083300828934,-0.5674005150794983,0.05961699038743973,-0.8202122449874878
1578998505.4140594,world,-0.14492039382457733,-0.018636908382177353,-1.0974348783493042,-0.042350444942712784,-0.567141056060791,0.058867182582616806,-0.8204219937324524
1578998505.4140706,world,-0.145097017288208,-0.017540911212563515,-1.0957658290863037,-0.042054302990436554,-0.5670041441917419,0.05820842832326889,-0.8205787539482117
1578998505.4242995,world,-0.14530569314956665,-0.016310641542077065,-1.0944445133209229,-0.04271022602915764,-0.5667005181312561,0.05769840255379677,-0.820790708065033
1578998505.4446845,world,-0.14564326405525208,-0.015220193192362785,-1.0931390523910522,-0.04234566166996956,-0.5663527846336365,0.05669508874416351,-0.821119487285614
1578998505.4447293,world,-0.14584942162036896,-0.014043807052075863,-1.0917407274246216,-0.0429241769015789,-0.5661721229553223,0.056318555027246475,-0.8212398886680603
1578998505.4541616,world,-0.146040141582489,-0.012891990132629871,-1.0902163982391357,-0.04328038915991783,-0.565761923789978,0.05606425181031227,-0.8215212225914001
1578998505.4650872,world,-0.14621862769126892,-0.011798489838838577,-1.0888386964797974,-0.04360372573137283,-0.5655807852745056,0.055506374686956406,-0.8216667771339417
1578998505.465116,world,-0.1463214010000229,-0.010776925832033157,-1.0870518684387207,-0.04415282979607582,-0.5654377937316895,0.055228427052497864,-0.821754515171051
1578998505.4741886,world,-0.1466524302959442,-0.009691845625638962,-1.085841417312622,-0.04447920620441437,-0.5652818083763123,0.055018357932567596,-0.8218583464622498
1578998505.4848125,world,-0.14687426388263702,-0.00864063948392868,-1.084227204322815,-0.044425129890441895,-0.5648155212402344,0.05414113774895668,-0.8222399950027466
1578998505.4947865,world,-0.14717626571655273,-0.007616167888045311,-1.0828944444656372,-0.044927358627319336,-0.5646613240242004,0.053450241684913635,-0.8223638534545898
1578998505.5040119,world,-0.14732098579406738,-0.006585267372429371,-1.0812854766845703,-0.045165322721004486,-0.5642725825309753,0.05305364727973938,-0.8226433396339417
1578998505.5144472,world,-0.14757774770259857,-0.005564378574490547,-1.0797666311264038,-0.04568776488304138,-0.564085841178894,0.052600257098674774,-0.8227716088294983
1578998505.5347118,world,-0.14763350784778595,-0.00462437653914094,-1.0781065225601196,-0.04559650272130966,-0.5638591647148132,0.05195050314068794,-0.822973370552063
1578998505.53474,world,-0.147935688495636,-0.0036930108908563852,-1.076576590538025,-0.04629058390855789,-0.5638746619224548,0.051808565855026245,-0.8229328393936157
1578998505.5347445,world,-0.1482754796743393,-0.0028660395182669163,-1.075423240661621,-0.04622932896018028,-0.5633620023727417,0.05137746036052704,-0.8233143091201782
1578998505.5544753,world,-0.1484265774488449,-0.001770124421454966,-1.0737587213516235,-0.04683694988489151,-0.5630773305892944,0.05122338607907295,-0.8234844207763672
1578998505.5545185,world,-0.148564875125885,-0.0009806165471673012,-1.0721904039382935,-0.04747367277741432,-0.5625990033149719,0.05123903229832649,-0.8237737417221069
1578998505.5646796,world,-0.14873209595680237,2.3346578018390574e-05,-1.0705434083938599,-0.04808451607823372,-0.5623127222061157,0.05077590420842171,-0.8239624500274658
1578998505.5738554,world,-0.1488499939441681,0.0008271621773019433,-1.0689716339111328,-0.04805240035057068,-0.5617935657501221,0.050739046186208725,-0.8243206739425659
1578998505.5738747,world,-0.14902159571647644,0.0017410664586350322,-1.0672353506088257,-0.04861094430088997,-0.5614600777626038,0.0505719892680645,-0.8245253562927246
1578998505.5841694,world,-0.14937007427215576,0.0025253579951822758,-1.0659781694412231,-0.04840932413935661,-0.5607853531837463,0.04983655735850334,-0.8250410556793213
1578998505.5943768,world,-0.14951452612876892,0.0033362729009240866,-1.064356803894043,-0.04863423481583595,-0.5600318312644958,0.049993954598903656,-0.8255300521850586
1578998505.6055963,world,-0.14966246485710144,0.004140783566981554,-1.0626251697540283,-0.048851750791072845,-0.5595707893371582,0.04971873015165329,-0.8258463740348816
1578998505.605618,world,-0.1498485952615738,0.004907049238681793,-1.0611987113952637,-0.049197666347026825,-0.5588513016700745,0.04963282123208046,-0.8263179063796997
1578998505.6242442,world,-0.1501707136631012,0.005777874495834112,-1.0595334768295288,-0.04921741783618927,-0.5581149458885193,0.04901193454861641,-0.8268513679504395
1578998505.634713,world,-0.15039020776748657,0.006430308800190687,-1.0580116510391235,-0.04945830628275871,-0.5572106242179871,0.048949576914310455,-0.8274505138397217
1578998505.63473,world,-0.15058717131614685,0.007201984990388155,-1.0562878847122192,-0.049311697483062744,-0.5565994381904602,0.04811285063624382,-0.8279194831848145
1578998505.6440694,world,-0.15098780393600464,0.008003332652151585,-1.0548595190048218,-0.04926753416657448,-0.5554233193397522,0.0475483201444149,-0.8287440538406372
1578998505.6542552,world,-0.1512593775987625,0.00858916062861681,-1.0531424283981323,-0.04926436021924019,-0.5544741153717041,0.04722676798701286,-0.8293980360031128
1578998505.6655364,world,-0.15144376456737518,0.009272442199289799,-1.0514652729034424,-0.049506522715091705,-0.5535513162612915,0.04707322642207146,-0.8300086259841919
1578998505.6655478,world,-0.15163707733154297,0.010042288340628147,-1.049817442893982,-0.049254160374403,-0.5522449016571045,0.04621517285704613,-0.8309414982795715
1578998505.684076,world,-0.1517951488494873,0.010609154589474201,-1.0481669902801514,-0.04933742806315422,-0.5510807633399963,0.04626072943210602,-0.8317065834999084
1578998505.6840842,world,-0.15198592841625214,0.011267807334661484,-1.046410083770752,-0.04958946257829666,-0.5498953461647034,0.046519409865140915,-0.8324613571166992
1578998505.7044938,world,-0.15237799286842346,0.01193821057677269,-1.0449455976486206,-0.04970386624336243,-0.5485599637031555,0.046288661658763885,-0.8333479762077332
1578998505.704509,world,-0.15262344479560852,0.012637099251151085,-1.043225884437561,-0.04940077289938927,-0.5475503206253052,0.04577178135514259,-0.8340583443641663
1578998505.7147052,world,-0.15313541889190674,0.013229649513959885,-1.0417768955230713,-0.049060720950365067,-0.5464075803756714,0.04510033503174782,-0.8348640203475952
1578998505.7147224,world,-0.15342186391353607,0.013926454819738865,-1.03999924659729,-0.049412135034799576,-0.5451040267944336,0.044826749712228775,-0.8357096910476685
1578998505.7252035,world,-0.15377017855644226,0.014658023603260517,-1.038334608078003,-0.04946582019329071,-0.5441442131996155,0.04426265507936478,-0.836361825466156
1578998505.736248,world,-0.1542486846446991,0.015318473801016808,-1.0369083881378174,-0.04927324131131172,-0.542693018913269,0.04357333481311798,-0.8373517990112305
1578998505.7443883,world,-0.15449272096157074,0.015971092507243156,-1.0349146127700806,-0.04979661479592323,-0.5415299534797668,0.043597713112831116,-0.8380720615386963
1578998505.7548215,world,-0.15491493046283722,0.01665213517844677,-1.0334807634353638,-0.05012170597910881,-0.5400493741035461,0.04299497231841087,-0.8390386700630188
1578998505.754918,world,-0.1551964282989502,0.017398033291101456,-1.0315921306610107,-0.05015658587217331,-0.5389900803565979,0.04283056780695915,-0.8397259712219238
1578998505.7742412,world,-0.15560628473758698,0.01802174560725689,-1.0299991369247437,-0.05007220804691315,-0.5377815961837769,0.0423383004963398,-0.8405303955078125
1578998505.774254,world,-0.1559346318244934,0.018684357404708862,-1.0281869173049927,-0.05017157271504402,-0.5367812514305115,0.04214658588171005,-0.8411732316017151
1578998505.7843997,world,-0.15633554756641388,0.01949469931423664,-1.026545524597168,-0.05009983107447624,-0.5357255935668945,0.0415528230369091,-0.8418797254562378
1578998505.794813,world,-0.15685787796974182,0.020163122564554214,-1.024902105331421,-0.05025731027126312,-0.534625232219696,0.04117074981331825,-0.8425883054733276
1578998505.8040078,world,-0.1571522355079651,0.020879684016108513,-1.0230515003204346,-0.05062704533338547,-0.5335387587547302,0.04081789031624794,-0.8432718515396118
1578998505.8040216,world,-0.15773972868919373,0.02167770452797413,-1.0214910507202148,-0.05047747120261192,-0.532527506351471,0.04016643762588501,-0.8439509272575378
1578998505.814227,world,-0.15801624953746796,0.02238430269062519,-1.0195434093475342,-0.05092937499284744,-0.5314490795135498,0.039883777499198914,-0.8446167707443237
1578998505.82456,world,-0.15839438140392303,0.023003768175840378,-1.0176950693130493,-0.051199790090322495,-0.5307959914207458,0.03957006335258484,-0.8450257182121277
1578998505.8347623,world,-0.15893959999084473,0.023787846788764,-1.0161354541778564,-0.05136442929506302,-0.5297504663467407,0.038807764649391174,-0.8457069396972656
1578998505.8440397,world,-0.15929242968559265,0.024545101448893547,-1.0142260789871216,-0.0516374334692955,-0.5290285348892212,0.03836976736783981,-0.8461620807647705
1578998505.855142,world,-0.16012470424175262,0.025166431441903114,-1.0128099918365479,-0.051586300134658813,-0.5284603238105774,0.03786376491189003,-0.8465429544448853
1578998505.864047,world,-0.1604880690574646,0.025966672226786613,-1.01084566116333,-0.05221906304359436,-0.5276892185211182,0.03747672215104103,-0.8470022082328796
1578998505.874302,world,-0.1609344780445099,0.026632478460669518,-1.0088720321655273,-0.05231871083378792,-0.526954710483551,0.03695759177207947,-0.8474760055541992
1578998505.8743176,world,-0.16145801544189453,0.02730110101401806,-1.0071656703948975,-0.0524669848382473,-0.5260797739028931,0.036605946719646454,-0.8480256199836731
1578998505.8839612,world,-0.1618661880493164,0.028081512078642845,-1.0052757263183594,-0.05307786911725998,-0.5254387855529785,0.03602456673979759,-0.8484098315238953
1578998505.8943353,world,-0.1624571830034256,0.028674613684415817,-1.003523349761963,-0.05306379124522209,-0.5246120691299438,0.03546794131398201,-0.8489454388618469
1578998505.9045691,world,-0.16282720863819122,0.02929338626563549,-1.00157630443573,-0.05315893888473511,-0.5240718722343445,0.03494538739323616,-0.8492948412895203
1578998505.9152224,world,-0.16322793066501617,0.030103016644716263,-0.9995777010917664,-0.054000373929739,-0.5233233571052551,0.034843817353248596,-0.8497074246406555
1578998505.9244702,world,-0.16387037932872772,0.030644463375210762,-0.9978471994400024,-0.053974855691194534,-0.5224980115890503,0.03415104001760483,-0.8502448797225952
1578998505.9348912,world,-0.164478600025177,0.031279340386390686,-0.9960665702819824,-0.054478712379932404,-0.5221536159515381,0.03408282250165939,-0.8504270911216736
1578998505.9349031,world,-0.16511744260787964,0.031946390867233276,-0.9943719506263733,-0.054601360112428665,-0.5211710929870605,0.033691488206386566,-0.8510372042655945
1578998505.9441895,world,-0.16558775305747986,0.03257862105965614,-0.9923287630081177,-0.05474498122930527,-0.5206382274627686,0.03289449214935303,-0.851385235786438
1578998505.954467,world,-0.16618852317333221,0.03312397375702858,-0.9905622005462646,-0.0548519566655159,-0.519753098487854,0.03208114579319954,-0.8519499897956848
1578998505.9740098,world,-0.16663828492164612,0.03366829454898834,-0.9885983467102051,-0.05519254878163338,-0.5188324451446533,0.03186365216970444,-0.8524972200393677
1578998505.9740415,world,-0.16773876547813416,0.03481960669159889,-0.9849371910095215,-0.05533459410071373,-0.5169909000396729,0.030604274943470955,-0.8536520600318909
1578998505.984245,world,-0.1681719571352005,0.03532042354345322,-0.9828284382820129,-0.05563315376639366,-0.5163047313690186,0.03020589053630829,-0.8540621399879456
1578998505.9946392,world,-0.16882170736789703,0.03583391010761261,-0.9809941053390503,-0.055689118802547455,-0.5152754187583923,0.02966524101793766,-0.8546988368034363
1578998506.0049343,world,-0.16935275495052338,0.0364278145134449,-0.9792202711105347,-0.05605143681168556,-0.5144653916358948,0.029175853356719017,-0.8551798462867737
1578998506.0145397,world,-0.1701500117778778,0.03683288395404816,-0.9775741100311279,-0.05605868622660637,-0.5136512517929077,0.02856595814228058,-0.8556891083717346
1578998506.0145621,world,-0.17057517170906067,0.03737388923764229,-0.9753881096839905,-0.05617043375968933,-0.512870192527771,0.028501026332378387,-0.856152355670929
1578998506.024941,world,-0.17115825414657593,0.037778589874506,-0.9736821055412292,-0.05618012696504593,-0.5117312073707581,0.027944456785917282,-0.8568512201309204
1578998506.034254,world,-0.17166993021965027,0.038301222026348114,-0.9717231392860413,-0.05642404779791832,-0.5108195543289185,0.02746146358549595,-0.8573947548866272
1578998506.0546765,world,-0.17227187752723694,0.03864845260977745,-0.9698808789253235,-0.05614452064037323,-0.5098508596420288,0.02683534473180771,-0.8580091595649719
1578998506.0546927,world,-0.17272226512432098,0.03909020870923996,-0.9681041836738586,-0.05669645592570305,-0.5087381601333618,0.027007851749658585,-0.8586277961730957
1578998506.0640137,world,-0.17334210872650146,0.03949702903628349,-0.9663206338882446,-0.056355662643909454,-0.5077165961265564,0.026357391849160194,-0.8592748045921326
1578998506.0743773,world,-0.1737711876630783,0.039907246828079224,-0.9643293023109436,-0.05692645534873009,-0.5066545605659485,0.02643316052854061,-0.8598615527153015
1578998506.074458,world,-0.17438659071922302,0.040282703936100006,-0.9627355337142944,-0.05677339434623718,-0.5054594278335571,0.025484533980488777,-0.8606034517288208
1578998506.0848637,world,-0.17513413727283478,0.04070223122835159,-0.9610225558280945,-0.05745309218764305,-0.5048965215682983,0.025649311020970345,-0.8608837127685547
1578998506.0942879,world,-0.17573991417884827,0.04099531099200249,-0.9593341946601868,-0.05738832429051399,-0.5037750601768494,0.025054311379790306,-0.8615623116493225
1578998506.1047828,world,-0.1762143075466156,0.041365426033735275,-0.9575217366218567,-0.058086201548576355,-0.5026502013206482,0.025072060525417328,-0.8621718287467957
1578998506.114033,world,-0.17691601812839508,0.04162542521953583,-0.9558472633361816,-0.057569459080696106,-0.5017945170402527,0.024199718609452248,-0.8627296090126038
1578998506.114051,world,-0.17732176184654236,0.041923414915800095,-0.9541275501251221,-0.05798589810729027,-0.5005613565444946,0.024344565346837044,-0.8634138107299805
1578998506.1353042,world,-0.17798762023448944,0.04226217791438103,-0.9524658918380737,-0.05791814625263214,-0.499740332365036,0.02347157709300518,-0.8639180064201355
1578998506.1355002,world,-0.17846377193927765,0.042599063366651535,-0.9506708979606628,-0.05872569605708122,-0.49886205792427063,0.023776939138770103,-0.8643625378608704
1578998506.144413,world,-0.17903214693069458,0.04286646097898483,-0.949023425579071,-0.05867786705493927,-0.49790820479393005,0.02323169633746147,-0.8649304509162903
1578998506.1543279,world,-0.17964304983615875,0.04317179322242737,-0.9473408460617065,-0.059184517711400986,-0.49734732508659363,0.023354556411504745,-0.8652153015136719
1578998506.154345,world,-0.1802511364221573,0.043468620628118515,-0.9456804394721985,-0.05939517915248871,-0.49685102701187134,0.02345525100827217,-0.8654831647872925
1578998506.164711,world,-0.18089868128299713,0.04364849254488945,-0.9441436529159546,-0.058976106345653534,-0.495983749628067,0.022751862183213234,-0.8660278916358948
1578998506.1742096,world,-0.18145988881587982,0.043936263769865036,-0.9424275159835815,-0.059017859399318695,-0.49535253643989563,0.022509681060910225,-0.8663926720619202
1578998506.184402,world,-0.1820814311504364,0.044276583939790726,-0.9407618045806885,-0.058978598564863205,-0.49458885192871094,0.0219102893024683,-0.8668467402458191
1578998506.19488,world,-0.18253158032894135,0.04453279823064804,-0.9389047622680664,-0.05916864797472954,-0.4939834773540497,0.021786898374557495,-0.867182195186615
1578998506.204504,world,-0.1832817792892456,0.04472300782799721,-0.9374353885650635,-0.05895012244582176,-0.4934854209423065,0.0212874673306942,-0.8674929738044739
1578998506.2146142,world,-0.18391583859920502,0.04497402906417847,-0.9359432458877563,-0.05954435095191002,-0.49297669529914856,0.021657103672623634,-0.8677323460578918
1578998506.2146263,world,-0.18439710140228271,0.04514399543404579,-0.9341794848442078,-0.05963488668203354,-0.49253299832344055,0.021641021594405174,-0.8679784536361694
1578998506.2239473,world,-0.18506769835948944,0.04533620923757553,-0.9326093792915344,-0.059574369341135025,-0.4915917217731476,0.021375436335802078,-0.8685227036476135
1578998506.2344682,world,-0.18554139137268066,0.04550834372639656,-0.9308411478996277,-0.05940556526184082,-0.4909883141517639,0.021201040595769882,-0.8688797354698181
1578998506.2446082,world,-0.18623381853103638,0.04570131376385689,-0.9292469024658203,-0.05891019478440285,-0.4899815618991852,0.02091316506266594,-0.8694886565208435
1578998506.2549012,world,-0.18680715560913086,0.045931119471788406,-0.9274840354919434,-0.0592372752726078,-0.48934727907180786,0.020957905799150467,-0.8698223829269409
1578998506.2549155,world,-0.18760782480239868,0.04613650217652321,-0.9259403347969055,-0.05923225358128548,-0.48863697052001953,0.021017879247665405,-0.8702204823493958
1578998506.2643578,world,-0.18810145556926727,0.04639154300093651,-0.9241517186164856,-0.05946020781993866,-0.48788121342658997,0.02067093923687935,-0.8706372380256653
1578998506.275327,world,-0.18874676525592804,0.04653886333107948,-0.922551691532135,-0.059445030987262726,-0.4866081774234772,0.02062148042023182,-0.8713515400886536
1578998506.284609,world,-0.18919245898723602,0.0467585064470768,-0.920608639717102,-0.05982784554362297,-0.4856277406215668,0.020982958376407623,-0.871863603591919
1578998506.2950213,world,-0.18984434008598328,0.04691053181886673,-0.9190417528152466,-0.05978940427303314,-0.4842270314693451,0.0208544060587883,-0.8726480007171631
1578998506.3041942,world,-0.19029977917671204,0.04705916717648506,-0.917097270488739,-0.059985607862472534,-0.4831526577472687,0.020996395498514175,-0.873226523399353
1578998506.3144836,world,-0.19100791215896606,0.04724133014678955,-0.9153715372085571,-0.059739552438259125,-0.48180872201919556,0.020787891000509262,-0.873990535736084
1578998506.3249037,world,-0.19164453446865082,0.04742106422781944,-0.9137144088745117,-0.059988390654325485,-0.480615496635437,0.02096524089574814,-0.8746260404586792
1578998506.334765,world,-0.19246025383472443,0.04763524606823921,-0.9120765924453735,-0.05985816568136215,-0.47950470447540283,0.02091860957443714,-0.8752454519271851
1578998506.3347948,world,-0.19320040941238403,0.047804225236177444,-0.9103589653968811,-0.05955863744020462,-0.4779455065727234,0.020748542621731758,-0.8761224150657654
1578998506.3439345,world,-0.19373537600040436,0.04797521233558655,-0.9084285497665405,-0.059931930154561996,-0.47631776332855225,0.021050695329904556,-0.8769757151603699
1578998506.3582828,world,-0.19447652995586395,0.04812124744057655,-0.9066093564033508,-0.05959165096282959,-0.47492319345474243,0.020410971716046333,-0.8777700066566467
1578998506.364681,world,-0.1952652633190155,0.048251792788505554,-0.9048921465873718,-0.05947186052799225,-0.47328805923461914,0.02011440508067608,-0.8786677718162537
1578998506.364712,world,-0.1958203911781311,0.0484214723110199,-0.9028570652008057,-0.06015446409583092,-0.4716010093688965,0.020552968606352806,-0.8795177936553955
1578998506.3738322,world,-0.19658368825912476,0.04843468591570854,-0.9010935425758362,-0.059314459562301636,-0.47009342908859253,0.019760575145483017,-0.8803997039794922
1578998506.3844497,world,-0.1974935531616211,0.04856167733669281,-0.8993724584579468,-0.05945107340812683,-0.4685559868812561,0.01976272463798523,-0.8812096118927002
1578998506.394513,world,-0.19822469353675842,0.048686154186725616,-0.897503674030304,-0.059156518429517746,-0.46690744161605835,0.019385401159524918,-0.882112443447113
1578998506.4057949,world,-0.19918186962604523,0.048823848366737366,-0.8957865834236145,-0.05847129598259926,-0.4655584990978241,0.018682019785046577,-0.8828858137130737
1578998506.4141414,world,-0.20008306205272675,0.04898666590452194,-0.8941218852996826,-0.0583566389977932,-0.4640987813472748,0.018230944871902466,-0.8836711049079895
1578998506.4245925,world,-0.20110639929771423,0.04918760433793068,-0.8923608064651489,-0.057935506105422974,-0.4625091552734375,0.01813996024429798,-0.8845336437225342
1578998506.4246202,world,-0.20199212431907654,0.04934301599860191,-0.8904561400413513,-0.058343447744846344,-0.4612430930137634,0.0184460636228323,-0.8851613998413086
1578998506.4338708,world,-0.20291629433631897,0.049519576132297516,-0.888627827167511,-0.05865931138396263,-0.4597187340259552,0.018468348309397697,-0.8859326243400574
1578998506.4442282,world,-0.2038162648677826,0.04963139817118645,-0.8868628144264221,-0.05859975889325142,-0.45783981680870056,0.018227089196443558,-0.8869141340255737
1578998506.454689,world,-0.20474040508270264,0.04976096376776695,-0.8849303722381592,-0.05815216526389122,-0.4561564028263092,0.018064869567751884,-0.8878138065338135
1578998506.4638774,world,-0.20555925369262695,0.049861449748277664,-0.8830656409263611,-0.05836742743849754,-0.45467501878738403,0.018038267269730568,-0.8885598182678223
1578998506.4743288,world,-0.20654936134815216,0.04994769021868706,-0.8814218044281006,-0.05832637473940849,-0.45304185152053833,0.01781020499765873,-0.8894009590148926
1578998506.4847813,world,-0.20761056244373322,0.04996010288596153,-0.8795344829559326,-0.05831374228000641,-0.45157578587532043,0.01760379783809185,-0.8901511430740356
1578998506.4847882,world,-0.20854653418064117,0.05002863332629204,-0.8776776790618896,-0.05803105980157852,-0.449613481760025,0.017113082110881805,-0.8911718726158142
1578998506.4941366,world,-0.20938847959041595,0.050175800919532776,-0.8756427764892578,-0.057278700172901154,-0.447780579328537,0.017039289698004723,-0.8921443819999695
1578998506.504447,world,-0.21043477952480316,0.05025775358080864,-0.8740963339805603,-0.05736100301146507,-0.4464823007583618,0.016959385946393013,-0.8927909731864929
1578998506.514987,world,-0.2114952653646469,0.05036194995045662,-0.872529923915863,-0.05746861547231674,-0.4452517330646515,0.017080606892704964,-0.8933960795402527
1578998506.5238693,world,-0.21242119371891022,0.05038030445575714,-0.871721625328064,-0.05611187592148781,-0.4448421895503998,0.01500668190419674,-0.8937236070632935
1578998506.5344937,world,-0.21335211396217346,0.05030933395028114,-0.8688891530036926,-0.05687830597162247,-0.442047655582428,0.016371281817555428,-0.8950368165969849
1578998506.5346367,world,-0.21441680192947388,0.05047442391514778,-0.8672877550125122,-0.056345537304878235,-0.4406795799732208,0.016231929883360863,-0.8957473039627075
1578998506.5447576,world,-0.2153501957654953,0.05037897452712059,-0.8664929270744324,-0.056000225245952606,-0.44078323245048523,0.014703197404742241,-0.8957444429397583
1578998506.5540547,world,-0.21631908416748047,0.05033481866121292,-0.864665687084198,-0.055253565311431885,-0.4394286870956421,0.014071994461119175,-0.896466076374054
1578998506.5642953,world,-0.2173355519771576,0.05036219209432602,-0.8629952669143677,-0.055221013724803925,-0.43800079822540283,0.01389450766146183,-0.8971693515777588
1578998506.5745516,world,-0.21840617060661316,0.05036037042737007,-0.8615049123764038,-0.05483298748731613,-0.4367884397506714,0.0134811419993639,-0.8977903127670288
1578998506.5745718,world,-0.21938884258270264,0.050373487174510956,-0.859747588634491,-0.05504462495446205,-0.4361732602119446,0.013691320084035397,-0.8980732560157776
1578998506.5847497,world,-0.2202349752187729,0.05041566863656044,-0.8578243851661682,-0.05541365593671799,-0.43442174792289734,0.013955158181488514,-0.8988951444625854
1578998506.5940273,world,-0.2213645577430725,0.05043958127498627,-0.8562778234481812,-0.05515974760055542,-0.4334457218647003,0.013597541488707066,-0.8993871808052063
1578998506.604443,world,-0.22226357460021973,0.050426118075847626,-0.8545835614204407,-0.05548926070332527,-0.4326019287109375,0.014025770127773285,-0.8997666239738464
1578998506.6044743,world,-0.22321045398712158,0.05044902116060257,-0.8527212142944336,-0.05531437695026398,-0.43089693784713745,0.013978448696434498,-0.9005957841873169
1578998506.6240337,world,-0.2243260145187378,0.05049819126725197,-0.8511679172515869,-0.05520857125520706,-0.4298975467681885,0.013756399042904377,-0.90108323097229
1578998506.6240566,world,-0.2254086136817932,0.05048437789082527,-0.8496189713478088,-0.05536351352930069,-0.42848360538482666,0.014093049801886082,-0.9017418026924133
1578998506.6346927,world,-0.22615648806095123,0.05044158175587654,-0.8475049138069153,-0.055052824318408966,-0.42753955721855164,0.0138032715767622,-0.9022132158279419
1578998506.644803,world,-0.2272901087999344,0.0505189411342144,-0.8460524082183838,-0.05513618886470795,-0.4263368248939514,0.01371902134269476,-0.9027784466743469
1578998506.6540592,world,-0.22826646268367767,0.050531961023807526,-0.8443123698234558,-0.05510001257061958,-0.4249666631221771,0.013696684502065182,-0.9034267067909241
1578998506.667691,world,-0.2292896807193756,0.05056140199303627,-0.8426753282546997,-0.05468263104557991,-0.4240575134754181,0.013810782693326473,-0.9038773775100708
1578998506.6677604,world,-0.23013465106487274,0.050549380481243134,-0.8408241271972656,-0.054533738642930984,-0.42288491129875183,0.013550564646720886,-0.9044395089149475
1578998506.6747057,world,-0.23118433356285095,0.050599515438079834,-0.8392513990402222,-0.05486580729484558,-0.42137137055397034,0.013614397495985031,-0.9051246047019958
1578998506.6844056,world,-0.23234237730503082,0.05056877061724663,-0.8377289175987244,-0.054912224411964417,-0.4200890064239502,0.013682099059224129,-0.9057166576385498
1578998506.694932,world,-0.23316845297813416,0.05053103342652321,-0.8359423875808716,-0.05473589524626732,-0.41873788833618164,0.013628357090055943,-0.9063536524772644
1578998506.7049294,world,-0.23408301174640656,0.05050678551197052,-0.8340196013450623,-0.054934244602918625,-0.41742077469825745,0.013568548485636711,-0.9069499373435974
1578998506.7143233,world,-0.23528610169887543,0.05048887059092522,-0.8326228260993958,-0.054985411465168,-0.41606268286705017,0.01369012426584959,-0.9075688123703003
1578998506.7245545,world,-0.23623503744602203,0.05044545233249664,-0.8307394981384277,-0.054818011820316315,-0.41430190205574036,0.013552707619965076,-0.9083861708641052
1578998506.724568,world,-0.23726990818977356,0.05041757598519325,-0.8291369080543518,-0.05474109575152397,-0.4125956892967224,0.013480517081916332,-0.9091680645942688
1578998506.7341175,world,-0.23832109570503235,0.05035322904586792,-0.8275014162063599,-0.05472572147846222,-0.41205665469169617,0.013528551906347275,-0.909412682056427
1578998506.7442784,world,-0.23927642405033112,0.05032643303275108,-0.8257797956466675,-0.05483107268810272,-0.41024279594421387,0.013499991036951542,-0.9102265238761902
1578998506.7545943,world,-0.24041227996349335,0.050288014113903046,-0.8242050409317017,-0.05450941249728203,-0.4089796543121338,0.01303602010011673,-0.9108208417892456
1578998506.7654028,world,-0.24147716164588928,0.050194211304187775,-0.8225523829460144,-0.05424445495009422,-0.4074338674545288,0.012808836996555328,-0.9115322828292847
1578998506.7747438,world,-0.2425404191017151,0.050119783729314804,-0.8209035992622375,-0.05441369488835335,-0.4057377278804779,0.012994377873837948,-0.9122758507728577
1578998506.7747626,world,-0.24360640347003937,0.0500146746635437,-0.8192427754402161,-0.05413107946515083,-0.4041122496128082,0.012646342627704144,-0.9130187630653381
1578998506.7839954,world,-0.24451549351215363,0.04992718622088432,-0.8173874616622925,-0.054366737604141235,-0.4032318592071533,0.012824474833905697,-0.9133914709091187
1578998506.794437,world,-0.24555259943008423,0.04984467476606369,-0.8156722187995911,-0.05433233827352524,-0.40164849162101746,0.012860103510320187,-0.9140903353691101
1578998506.8148212,world,-0.24662066996097565,0.049720391631126404,-0.8140062093734741,-0.05392363294959068,-0.4003850519657135,0.012478123418986797,-0.9146739840507507
1578998506.8148394,world,-0.24772712588310242,0.049642644822597504,-0.8125191926956177,-0.054129358381032944,-0.39882969856262207,0.012686200439929962,-0.9153382182121277
1578998506.8244271,world,-0.24893736839294434,0.04942925646901131,-0.8110837340354919,-0.05541599914431572,-0.3975263237953186,0.013644697144627571,-0.9158142805099487
1578998506.8244462,world,-0.24978753924369812,0.04932069778442383,-0.8093005418777466,-0.05426571145653725,-0.39686277508735657,0.013058685697615147,-0.9161794185638428
1578998506.834671,world,-0.25081562995910645,0.04919254034757614,-0.8076695203781128,-0.054346803575754166,-0.3955274820327759,0.01303119771182537,-0.9167523384094238
1578998506.8439016,world,-0.2521268129348755,0.048977285623550415,-0.8063411712646484,-0.05526408925652504,-0.3943372666835785,0.013173048384487629,-0.9172080159187317
1578998506.865146,world,-0.2530108392238617,0.048833154141902924,-0.8046440482139587,-0.055750761181116104,-0.3933670222759247,0.013598806224763393,-0.9175888895988464
1578998506.8657317,world,-0.25410041213035583,0.04868435114622116,-0.8031059503555298,-0.054976776242256165,-0.3931964337825775,0.01297976728528738,-0.9177176356315613
1578998506.865765,world,-0.2551121413707733,0.048363883048295975,-0.8015118837356567,-0.055023640394210815,-0.3915834426879883,0.012899024412035942,-0.9184054732322693
1578998506.8737504,world,-0.256091833114624,0.04819793254137039,-0.7999494075775146,-0.05421986058354378,-0.3918602466583252,0.011952056549489498,-0.9183478951454163
1578998506.8841426,world,-0.2572452425956726,0.04796017333865166,-0.7984158992767334,-0.05536802485585213,-0.39049962162971497,0.012420136481523514,-0.9188526272773743
1578998506.8944907,world,-0.2581529915332794,0.04786986485123634,-0.7968435883522034,-0.05464688315987587,-0.390028178691864,0.011796712875366211,-0.9191043376922607
1578998506.9048278,world,-0.25926992297172546,0.04764259606599808,-0.7953629493713379,-0.054629791527986526,-0.3899708390235901,0.011591505259275436,-0.9191322326660156
1578998506.9142303,world,-0.2602559030056,0.04734991490840912,-0.793765664100647,-0.055857788771390915,-0.38858020305633545,0.011758018285036087,-0.9196450710296631
1578998506.9241939,world,-0.2614530324935913,0.04714876785874367,-0.7923542261123657,-0.05588425323367119,-0.388048380613327,0.011328152380883694,-0.9198734760284424
1578998506.9242053,world,-0.26234039664268494,0.046905819326639175,-0.7905972599983215,-0.05655823275446892,-0.38765695691108704,0.011578286066651344,-0.9199942350387573
1578998506.934733,world,-0.2634429335594177,0.046695396304130554,-0.7893099784851074,-0.0563901849091053,-0.3871687352657318,0.01114592794328928,-0.920215368270874
1578998506.9451003,world,-0.26451575756073,0.046418145298957825,-0.7877379059791565,-0.05665512755513191,-0.38652968406677246,0.011449049226939678,-0.9204639792442322
1578998506.9451497,world,-0.2654094696044922,0.04620175063610077,-0.7860722541809082,-0.056016091257333755,-0.3867059648036957,0.010927802883088589,-0.9204354882240295
1578998506.9546854,world,-0.2665024995803833,0.0459163673222065,-0.7845937609672546,-0.057010941207408905,-0.38559281826019287,0.011081576347351074,-0.9208394289016724
1578998506.9638429,world,-0.26755040884017944,0.04565807431936264,-0.7830674648284912,-0.057182762771844864,-0.38481131196022034,0.01091544609516859,-0.9211576581001282
1578998506.984386,world,-0.2685949504375458,0.04539027810096741,-0.7814753651618958,-0.057443130761384964,-0.38450756669044495,0.010702232830226421,-0.9212707281112671
1578998506.9844158,world,-0.2695505619049072,0.045082587748765945,-0.7799056768417358,-0.05643190070986748,-0.38448914885520935,0.010094482451677322,-0.9213477373123169
1578998506.994767,world,-0.2707151472568512,0.04480558633804321,-0.77850741147995,-0.056788861751556396,-0.38326090574264526,0.009875966235995293,-0.9218398332595825
1578998507.00436,world,-0.2715984880924225,0.044577457010746,-0.7768415212631226,-0.057161565870046616,-0.3826337158679962,0.010046718642115593,-0.9220753908157349
1578998507.0149221,world,-0.2727130949497223,0.04431268200278282,-0.775481641292572,-0.057109981775283813,-0.3822123408317566,0.009747585281729698,-0.9222566485404968
1578998507.0149324,world,-0.27363455295562744,0.04401658475399017,-0.7740631103515625,-0.056622106581926346,-0.3818177282810211,0.008999470621347427,-0.9224576950073242
1578998507.0343242,world,-0.27474161982536316,0.04371250048279762,-0.7726151347160339,-0.05706436559557915,-0.38141655921936035,0.009369815699756145,-0.92259281873703
1578998507.0343382,world,-0.27573153376579285,0.043465133756399155,-0.7709834575653076,-0.057139430195093155,-0.3805190920829773,0.009108842350542545,-0.9229612946510315
1578998507.044862,world,-0.2767133414745331,0.043224629014730453,-0.7693637013435364,-0.057359978556632996,-0.37941285967826843,0.008915882557630539,-0.9234047532081604
1578998507.0540497,world,-0.2780764400959015,0.04290616512298584,-0.7682722210884094,-0.058147553354501724,-0.3783927857875824,0.008753685280680656,-0.9237755537033081
1578998507.0642514,world,-0.2789614498615265,0.042609136551618576,-0.7666180729866028,-0.05869516730308533,-0.377633661031723,0.008738948963582516,-0.9240516424179077
1578998507.0746403,world,-0.2801997661590576,0.04233177751302719,-0.7653608918190002,-0.05857278034090996,-0.37717968225479126,0.008154142647981644,-0.9242501258850098
1578998507.0747876,world,-0.2811306118965149,0.042077500373125076,-0.7638899683952332,-0.05797345191240311,-0.37658363580703735,0.007640673313289881,-0.9245352149009705
1578998507.0837505,world,-0.2821597754955292,0.04170924797654152,-0.7623915672302246,-0.057368312031030655,-0.3763972818851471,0.007091801147907972,-0.9246532320976257
1578998507.094068,world,-0.2833974063396454,0.04132138192653656,-0.761043131351471,-0.05866069346666336,-0.3745259642601013,0.00782344862818718,-0.9253259301185608
1578998507.1049383,world,-0.2845947742462158,0.040971580892801285,-0.7598729729652405,-0.05860383063554764,-0.3739025592803955,0.007439261768013239,-0.9255848526954651
1578998507.114655,world,-0.2856505513191223,0.040623269975185394,-0.7583453059196472,-0.05821484327316284,-0.3734267055988312,0.007168462034314871,-0.9258036017417908
1578998507.1238823,world,-0.28672870993614197,0.04027002304792404,-0.7568480372428894,-0.057567257434129715,-0.3731164336204529,0.006566538009792566,-0.9259735941886902
1578998507.1238961,world,-0.28795498609542847,0.03994021192193031,-0.755590558052063,-0.05790795013308525,-0.3722480833530426,0.0062478529289364815,-0.926304042339325
1578998507.135101,world,-0.28919315338134766,0.039564017206430435,-0.7544167637825012,-0.057945411652326584,-0.37132927775382996,0.005661232862621546,-0.9266741871833801
1578998507.1446047,world,-0.290469765663147,0.03911605104804039,-0.7531386613845825,-0.057864710688591,-0.3704473674297333,0.0053551336750388145,-0.9270338416099548
1578998507.1540277,world,-0.29167503118515015,0.03873716667294502,-0.7517838478088379,-0.057245783507823944,-0.3698819875717163,0.004413411486893892,-0.9273030161857605
1578998507.164205,world,-0.29307883977890015,0.03831421211361885,-0.7506023049354553,-0.05791166424751282,-0.36836352944374084,0.004697172902524471,-0.9278645515441895
1578998507.1642747,world,-0.294141560792923,0.03793817758560181,-0.7491540312767029,-0.0569484569132328,-0.3688112795352936,0.0036542974412441254,-0.9277508854866028
1578998507.1747184,world,-0.29530876874923706,0.037546444684267044,-0.7478495240211487,-0.05742918327450752,-0.3674929141998291,0.0038219427224248648,-0.9282436370849609
1578998507.184006,world,-0.2967337667942047,0.03721464052796364,-0.7467567920684814,-0.05714542791247368,-0.3670549690723419,0.0034199056681245565,-0.9284360408782959
1578998507.1943576,world,-0.2981193959712982,0.03679845854640007,-0.7456492185592651,-0.05660749971866608,-0.36677899956703186,0.0026251552626490593,-0.928580641746521
1578998507.2142305,world,-0.2992751896381378,0.03632236272096634,-0.7443342804908752,-0.05581863597035408,-0.3660401403903961,0.0018053503008559346,-0.9289217591285706
1578998507.2244601,world,-0.30050745606422424,0.03589548170566559,-0.7429590821266174,-0.05608202889561653,-0.3660675287246704,0.0017700112657621503,-0.9288952350616455
1578998507.2244842,world,-0.3017936050891876,0.03551626205444336,-0.7418683767318726,-0.05642218887805939,-0.36477598547935486,0.0015457886038348079,-0.9293830394744873
1578998507.2244918,world,-0.30320805311203003,0.035150326788425446,-0.7407373785972595,-0.05639228597283363,-0.3643646240234375,0.0012910753721371293,-0.9295465350151062
1578998507.2338927,world,-0.3044179081916809,0.03470500931143761,-0.7394758462905884,-0.05682095140218735,-0.3635874390602112,0.0012453810777515173,-0.929824709892273
1578998507.2441096,world,-0.30584651231765747,0.03419851139187813,-0.7383444905281067,-0.05586948245763779,-0.3635786473751068,0.00026414162130095065,-0.9298866391181946
1578998507.254422,world,-0.3070121109485626,0.03375719115138054,-0.7371190190315247,-0.055421095341444016,-0.36371493339538574,-0.00034525012597441673,-0.9298601150512695
1578998507.25445,world,-0.3083185851573944,0.03340739384293556,-0.7361759543418884,-0.055456679314374924,-0.36340856552124023,-0.000428887055022642,-0.9299777746200562
1578998507.2654374,world,-0.3096347749233246,0.03300248831510544,-0.7352147102355957,-0.055511947721242905,-0.36280423402786255,-0.0007709812489338219,-0.9302102327346802
1578998507.2745197,world,-0.31083035469055176,0.03246942535042763,-0.7339198589324951,-0.05569012463092804,-0.36219266057014465,-0.0009639066411182284,-0.9304376840591431
1578998507.284665,world,-0.3119922876358032,0.03205212950706482,-0.7325720191001892,-0.05553550645709038,-0.3625859022140503,-0.001030229963362217,-0.9302936792373657
1578998507.2940392,world,-0.3132413327693939,0.031540799885988235,-0.7313835024833679,-0.0550849474966526,-0.3619953989982605,-0.0016054181614890695,-0.9305495619773865
1578998507.3042023,world,-0.3145410716533661,0.031087592244148254,-0.7304642796516418,-0.05524180084466934,-0.3614093065261841,-0.001898841350339353,-0.9307674765586853
1578998507.304227,world,-0.3157787322998047,0.03061612881720066,-0.7293553948402405,-0.0555439367890358,-0.3614732027053833,-0.002062194747850299,-0.9307243227958679
1578998507.314494,world,-0.31686004996299744,0.030081305652856827,-0.7280991673469543,-0.05534198880195618,-0.3612581193447113,-0.002308623166754842,-0.9308192729949951
1578998507.3260136,world,-0.3182506561279297,0.0296338964253664,-0.727220356464386,-0.055390048772096634,-0.3610479533672333,-0.0026787680108100176,-0.9308969974517822
1578998507.3347533,world,-0.3193855583667755,0.029050644487142563,-0.7258780598640442,-0.055306077003479004,-0.360498309135437,-0.0028608967550098896,-0.9311144948005676
1578998507.344712,world,-0.320574015378952,0.028584910556674004,-0.7248497009277344,-0.05525456741452217,-0.3603072464466095,-0.0028309228364378214,-0.9311915636062622
1578998507.3543081,world,-0.3215787708759308,0.028030745685100555,-0.7235938906669617,-0.054978251457214355,-0.3598098158836365,-0.0030889834742993116,-0.931399405002594
1578998507.3543315,world,-0.32291504740715027,0.027540022507309914,-0.7226516604423523,-0.05528022721409798,-0.35948461294174194,-0.0034082443453371525,-0.9315059185028076
1578998507.3745975,world,-0.3239027261734009,0.02702285721898079,-0.7212955951690674,-0.055071767419576645,-0.35935068130493164,-0.0038235080428421497,-0.931568443775177
1578998507.3746195,world,-0.3251649737358093,0.02650512382388115,-0.7204839587211609,-0.05496020242571831,-0.3584831953048706,-0.0034168872516602278,-0.9319106936454773
1578998507.3843992,world,-0.32616522908210754,0.02591509185731411,-0.7191179990768433,-0.054659515619277954,-0.35757967829704285,-0.0038890286814421415,-0.9322736263275146
1578998507.3947704,world,-0.3274724781513214,0.02543448470532894,-0.7181459665298462,-0.054878152906894684,-0.3568110764026642,-0.003988692071288824,-0.9325547814369202
1578998507.4039843,world,-0.328413724899292,0.024954233318567276,-0.7170382142066956,-0.05536023899912834,-0.35559871792793274,-0.0038594375364482403,-0.932989776134491
1578998507.4039965,world,-0.3296672999858856,0.02439093589782715,-0.71593177318573,-0.054998960345983505,-0.3548605740070343,-0.0038095798809081316,-0.9332923293113708
1578998507.424693,world,-0.33062413334846497,0.023728737607598305,-0.7147024869918823,-0.054276879876852036,-0.35391682386398315,-0.004460605327039957,-0.933690071105957
1578998507.4247007,world,-0.33184289932250977,0.02323685958981514,-0.7139802575111389,-0.054395563900470734,-0.35252195596694946,-0.004213134292513132,-0.9342118501663208
1578998507.4338756,world,-0.33290013670921326,0.022766757756471634,-0.7129129767417908,-0.05468237027525902,-0.35186129808425903,-0.004226753953844309,-0.934444010257721
1578998507.4441528,world,-0.3339408338069916,0.02206334099173546,-0.7119438052177429,-0.053825393319129944,-0.35049691796302795,-0.004453290719538927,-0.9350053668022156
1578998507.454557,world,-0.33520933985710144,0.021411677822470665,-0.7109189629554749,-0.054736893624067307,-0.3491210341453552,-0.00382880587130785,-0.9354698061943054
1578998507.4648614,world,-0.33610987663269043,0.020928777754306793,-0.7097054123878479,-0.054038140922784805,-0.3483286499977112,-0.0042772600427269936,-0.9358038306236267
1578998507.4748714,world,-0.3373034596443176,0.020319955423474312,-0.7091330885887146,-0.054916251450777054,-0.34685811400413513,-0.0035756011493504047,-0.9363017082214355
1578998507.4748945,world,-0.3384169638156891,0.019626669585704803,-0.7080767750740051,-0.05410782992839813,-0.3462475538253784,-0.004001539666205645,-0.9365729689598083
1578998507.4847043,world,-0.3393314480781555,0.019000224769115448,-0.706933319568634,-0.05348881334066391,-0.3456416726112366,-0.004405344370752573,-0.9368305802345276
1578998507.494141,world,-0.3404395282268524,0.018446173518896103,-0.7058625817298889,-0.05374002084136009,-0.344462126493454,-0.004282400477677584,-0.9372511506080627
1578998507.5042531,world,-0.3414892554283142,0.017693715170025826,-0.705116868019104,-0.052902061492204666,-0.34482359886169434,-0.004807271994650364,-0.9371632933616638
1578998507.5144622,world,-0.342622846364975,0.017039913684129715,-0.7042596936225891,-0.05322662368416786,-0.3437151610851288,-0.004434508271515369,-0.937553882598877
1578998507.5248227,world,-0.34351232647895813,0.016334794461727142,-0.7029882669448853,-0.05370275676250458,-0.34306859970092773,-0.005012462846934795,-0.937760591506958
1578998507.5343065,world,-0.3446356952190399,0.015578517690300941,-0.7021005153656006,-0.05371282622218132,-0.34340810775756836,-0.0049809180200099945,-0.9376359581947327
1578998507.5343175,world,-0.3456665873527527,0.014868454076349735,-0.7014946937561035,-0.05350252613425255,-0.3427810072898865,-0.0049462527967989445,-0.9378775358200073
1578998507.545331,world,-0.34654584527015686,0.014253167435526848,-0.7001716494560242,-0.05293652042746544,-0.3428439795970917,-0.005142430774867535,-0.9378856420516968
1578998507.5541766,world,-0.3476094901561737,0.013486604206264019,-0.6992312669754028,-0.05335983261466026,-0.3424922525882721,-0.00492946058511734,-0.9379912614822388
1578998507.5747583,world,-0.3487321734428406,0.01277289167046547,-0.6987109184265137,-0.05308722332119942,-0.34210827946662903,-0.00510371383279562,-0.9381458759307861
1578998507.5747733,world,-0.34960076212882996,0.012120844796299934,-0.6973829865455627,-0.053078215569257736,-0.34246745705604553,-0.005150723736733198,-0.9380150437355042
1578998507.5840008,world,-0.3507094383239746,0.011371995322406292,-0.6963780522346497,-0.05283670127391815,-0.34210464358329773,-0.006038917228579521,-0.9381558299064636
1578998507.5840185,world,-0.35174238681793213,0.01069662906229496,-0.6956844925880432,-0.05302690342068672,-0.3420151174068451,-0.005563412792980671,-0.9381806254386902
1578998507.5942206,world,-0.35268500447273254,0.009850666858255863,-0.69461989402771,-0.05319191887974739,-0.3421526849269867,-0.00592358224093914,-0.9381189346313477
1578998507.6047914,world,-0.3537464141845703,0.009125311858952045,-0.6937671899795532,-0.05315258353948593,-0.34131550788879395,-0.00602128216996789,-0.9384254217147827
1578998507.6147158,world,-0.35470977425575256,0.008384441956877708,-0.6929588913917542,-0.052914898842573166,-0.34207335114479065,-0.005953811574727297,-0.9381633400917053
1578998507.6242013,world,-0.35575011372566223,0.007462231907993555,-0.6920904517173767,-0.052902378141880035,-0.3419431447982788,-0.00629078596830368,-0.9382092952728271
1578998507.624223,world,-0.35662442445755005,0.006850100122392178,-0.6909738779067993,-0.05272259563207626,-0.3420427739620209,-0.0063468413427472115,-0.9381827116012573
1578998507.6350896,world,-0.3575589954853058,0.005980142392218113,-0.6901770234107971,-0.05288609489798546,-0.34181758761405945,-0.00630202516913414,-0.9382559657096863
1578998507.6442492,world,-0.35852715373039246,0.005084128584712744,-0.6891941428184509,-0.05247772857546806,-0.3424355983734131,-0.0067248260602355,-0.9380505084991455
1578998507.6544669,world,-0.359479695558548,0.004393863491714001,-0.6882083415985107,-0.05302303284406662,-0.3415437340736389,-0.006466905120760202,-0.9383467435836792
1578998507.6657457,world,-0.3603849709033966,0.003374991472810507,-0.6873018741607666,-0.053056344389915466,-0.3421940207481384,-0.006913725286722183,-0.9381047487258911
1578998507.6745327,world,-0.3613145649433136,0.0026311783585697412,-0.6862863302230835,-0.05247325077652931,-0.342022180557251,-0.007495194207876921,-0.9381957650184631
1578998507.674588,world,-0.3621411919593811,0.0016952587757259607,-0.685157299041748,-0.05409291759133339,-0.3418000042438507,-0.006420118734240532,-0.9381927251815796
1578998507.6839404,world,-0.36318153142929077,0.0007847155793569982,-0.6845549941062927,-0.05263387784361839,-0.34194380044937134,-0.00759667344391346,-0.9382145404815674
1578998507.694331,world,-0.36382532119750977,-0.00012310083548072726,-0.6833540797233582,-0.053236544132232666,-0.3417852222919464,-0.0075865755788981915,-0.9382383823394775
1578998507.7045608,world,-0.3649781048297882,-0.0011078213574364781,-0.6827446222305298,-0.05257169157266617,-0.3417294919490814,-0.008033396676182747,-0.9382924437522888
1578998507.7046256,world,-0.3660091757774353,-0.002049021888524294,-0.6820281147956848,-0.05421009659767151,-0.34046635031700134,-0.006960655562579632,-0.9386669397354126
1578998507.7148309,world,-0.366995245218277,-0.002965314779430628,-0.6811057925224304,-0.05380258709192276,-0.3403624892234802,-0.00722839729860425,-0.9387259483337402
1578998507.724077,world,-0.3678649067878723,-0.00407677236944437,-0.6803598403930664,-0.05401243269443512,-0.3397907316684723,-0.007462166249752045,-0.9389192461967468
1578998507.7347457,world,-0.3684019446372986,-0.004923355299979448,-0.6801358461380005,-0.054405681788921356,-0.33716481924057007,-0.007190050557255745,-0.9398447871208191
1578998507.7452781,world,-0.3696235418319702,-0.006009999662637711,-0.6783525943756104,-0.05414578691124916,-0.33908987045288086,-0.008125209249556065,-0.9391594529151917
1578998507.7543721,world,-0.3702166974544525,-0.006908764597028494,-0.6785222291946411,-0.054673440754413605,-0.3365909159183502,-0.0077109020203351974,-0.9400308132171631
1578998507.7651875,world,-0.37105435132980347,-0.007990402169525623,-0.6774132251739502,-0.05438173562288284,-0.33595705032348633,-0.00836240779608488,-0.940268874168396
1578998507.784562,world,-0.371879518032074,-0.009013724513351917,-0.6766265034675598,-0.05492337420582771,-0.33585068583488464,-0.008116515353322029,-0.9402775764465332
1578998507.7947972,world,-0.3725857138633728,-0.010071992874145508,-0.6756678819656372,-0.054917458444833755,-0.33506596088409424,-0.00838275346904993,-0.9405555129051208
1578998507.7949214,world,-0.3733535408973694,-0.011169753968715668,-0.6746013164520264,-0.05518074333667755,-0.33498767018318176,-0.008500924333930016,-0.9405669569969177
1578998507.7949321,world,-0.374229371547699,-0.01223668735474348,-0.6738208532333374,-0.055616751313209534,-0.33445239067077637,-0.008444438688457012,-0.9407323002815247
1578998507.8043323,world,-0.3749154806137085,-0.01329368818551302,-0.672793984413147,-0.05562025308609009,-0.3342037498950958,-0.008521576412022114,-0.9408197402954102
1578998507.8144922,world,-0.3757237195968628,-0.014418995939195156,-0.6719834208488464,-0.05552411824464798,-0.3337671756744385,-0.009126915596425533,-0.9409746527671814
1578998507.814536,world,-0.3766837418079376,-0.015203868970274925,-0.6715072989463806,-0.05497303977608681,-0.334119588136673,-0.009393773972988129,-0.9408793449401855
1578998507.8293586,world,-0.37739214301109314,-0.016429254785180092,-0.6705705523490906,-0.05549793690443039,-0.3331339657306671,-0.009373439475893974,-0.9411981701850891
1578998507.8542986,world,-0.3783869445323944,-0.017416885122656822,-0.669749915599823,-0.055164843797683716,-0.333036333322525,-0.010217666625976562,-0.9412435293197632
1578998507.8543177,world,-0.3790181577205658,-0.01860971935093403,-0.6688979268074036,-0.0554320402443409,-0.33285048604011536,-0.010416775941848755,-0.941291332244873
1578998507.8543394,world,-0.3796823024749756,-0.019901635125279427,-0.6675798892974854,-0.05640081688761711,-0.3324788808822632,-0.010835709981620312,-0.941360354423523
1578998507.8543484,world,-0.3804749846458435,-0.02108648419380188,-0.6668806672096252,-0.05651535093784332,-0.332209050655365,-0.01076264027506113,-0.9414496421813965
1578998507.8648994,world,-0.3811424970626831,-0.022192003205418587,-0.6658955216407776,-0.05689234659075737,-0.3323349356651306,-0.01110472995787859,-0.9413785338401794
1578998507.8763833,world,-0.3819366693496704,-0.023356713354587555,-0.6652233004570007,-0.0565066784620285,-0.3321223556995392,-0.011883698403835297,-0.9414672255516052
1578998507.8947473,world,-0.3826621472835541,-0.024482108652591705,-0.66435307264328,-0.05694383382797241,-0.3326878547668457,-0.011611969210207462,-0.9412446022033691
1578998507.9040618,world,-0.38410958647727966,-0.027267232537269592,-0.6631065011024475,-0.05877107009291649,-0.3337174654006958,-0.009968766942620277,-0.9407865405082703
1578998507.9142606,world,-0.38469094038009644,-0.02841736562550068,-0.6621965765953064,-0.05882765352725983,-0.33387812972068787,-0.01043456606566906,-0.9407209157943726
1578998507.9244673,world,-0.38554641604423523,-0.02970137447118759,-0.6616819500923157,-0.05891155079007149,-0.3343594968318939,-0.010640572756528854,-0.940542459487915
1578998507.9244795,world,-0.3861120045185089,-0.030852511525154114,-0.6607223153114319,-0.05927583575248718,-0.334640771150589,-0.010786662809550762,-0.9404177665710449
1578998507.934918,world,-0.3871009051799774,-0.032294534146785736,-0.659572958946228,-0.059704333543777466,-0.3371860682964325,-0.01023789681494236,-0.9394872188568115
1578998507.9443107,world,-0.38781723380088806,-0.03343062102794647,-0.6588274240493774,-0.0598638541996479,-0.33760887384414673,-0.011027239263057709,-0.9393163323402405
1578998507.9544082,world,-0.388071745634079,-0.034631673246622086,-0.658561110496521,-0.05983993783593178,-0.33621522784233093,-0.011648038402199745,-0.939810037612915
1578998507.964785,world,-0.3888399600982666,-0.03589368611574173,-0.657922089099884,-0.060660164803266525,-0.3369061350822449,-0.011167086660861969,-0.9395158290863037
1578998507.9941406,world,-0.3912634253501892,-0.04111171141266823,-0.6552942991256714,-0.06158100441098213,-0.33917680382728577,-0.011523397639393806,-0.9386342167854309
1578998508.004364,world,-0.3916530907154083,-0.0423375740647316,-0.6543788313865662,-0.0614284910261631,-0.33891963958740234,-0.012327597476541996,-0.9387268424034119
1578998508.0043805,world,-0.3924221098423004,-0.043633878231048584,-0.6539461612701416,-0.0617680661380291,-0.3399922847747803,-0.012503230944275856,-0.9383143186569214
1578998508.0248466,world,-0.39287489652633667,-0.04493366926908493,-0.6531698703765869,-0.0621538870036602,-0.34021511673927307,-0.01235485915094614,-0.9382099509239197
1578998508.024861,world,-0.3934786021709442,-0.046185415238142014,-0.6525931358337402,-0.06275265663862228,-0.3406572639942169,-0.01218904834240675,-0.938011884689331
1578998508.0343091,world,-0.394174188375473,-0.04748990386724472,-0.6522051692008972,-0.06253864616155624,-0.3410317301750183,-0.012924786657094955,-0.9378802180290222
1578998508.0444658,world,-0.39458563923835754,-0.04876766353845596,-0.6512432098388672,-0.06305183470249176,-0.34112998843193054,-0.012652864679694176,-0.9378138184547424
1578998508.0546975,world,-0.3951490521430969,-0.05011831223964691,-0.6508154273033142,-0.06396597623825073,-0.34180742502212524,-0.011840643361210823,-0.9375157952308655
1578998508.063946,world,-0.3957596719264984,-0.05149500072002411,-0.6502625942230225,-0.06350891292095184,-0.3420109450817108,-0.012592148967087269,-0.9374628663063049
1578998508.063964,world,-0.3962734043598175,-0.05272410064935684,-0.6495875716209412,-0.06355676054954529,-0.3419635593891144,-0.012835738249123096,-0.9374736547470093
1578998508.0947537,world,-0.3980080783367157,-0.05663702264428139,-0.6479021906852722,-0.06393812596797943,-0.34237197041511536,-0.013164431788027287,-0.9372940063476562
1578998508.1040716,world,-0.3986242711544037,-0.05798974260687828,-0.6476365923881531,-0.0645163506269455,-0.34256860613822937,-0.012787576764822006,-0.9371877312660217
1578998508.114224,world,-0.39900484681129456,-0.05923109129071236,-0.6467186808586121,-0.06480585038661957,-0.3419836759567261,-0.013033493421971798,-0.9373779892921448
1578998508.124529,world,-0.3996679186820984,-0.060557618737220764,-0.6463426351547241,-0.06390177458524704,-0.3418857455253601,-0.014101880602538586,-0.9374604225158691
1578998508.1245794,world,-0.4002746641635895,-0.06187068670988083,-0.6459240317344666,-0.06491327285766602,-0.3419962227344513,-0.013768304139375687,-0.9373555183410645
1578998508.1351502,world,-0.4008117914199829,-0.06315471231937408,-0.6454060077667236,-0.06484918296337128,-0.3416939377784729,-0.014068464748561382,-0.9374657273292542
1578998508.1458006,world,-0.401458740234375,-0.06453761458396912,-0.6449894309043884,-0.06516996026039124,-0.34187406301498413,-0.013578537851572037,-0.9373850226402283
1578998508.1541512,world,-0.402049720287323,-0.06580635160207748,-0.6445775628089905,-0.06542114913463593,-0.342008501291275,-0.013939978554844856,-0.9373131990432739
1578998508.1839855,world,-0.40450334548950195,-0.0707525834441185,-0.6429027318954468,-0.06507916748523712,-0.3420962691307068,-0.015313906595110893,-0.9372835159301758
1578998508.1942453,world,-0.4050197899341583,-0.07203484326601028,-0.6423595547676086,-0.06513430178165436,-0.3419523239135742,-0.01561425719410181,-0.9373272061347961
1578998508.2044864,world,-0.4056902825832367,-0.07329829782247543,-0.6421062350273132,-0.06522734463214874,-0.34256628155708313,-0.015884490683674812,-0.937092125415802
1578998508.2147975,world,-0.406432181596756,-0.07444439828395844,-0.6418657898902893,-0.06522496044635773,-0.34281113743782043,-0.016234222799539566,-0.9369966387748718
1578998508.2242303,world,-0.40698909759521484,-0.07570203393697739,-0.6413663029670715,-0.06566745787858963,-0.3428642153739929,-0.016067856922745705,-0.9369492530822754
1578998508.2242491,world,-0.40759214758872986,-0.076808400452137,-0.6410208940505981,-0.06576433777809143,-0.34361228346824646,-0.016668515279889107,-0.9366577863693237
1578998508.2344325,world,-0.40818092226982117,-0.07797808200120926,-0.6407160758972168,-0.06547404080629349,-0.3441206216812134,-0.016729706898331642,-0.9364904165267944
1578998508.2546668,world,-0.4095258116722107,-0.08036647737026215,-0.639888346195221,-0.06556510925292969,-0.345587819814682,-0.01749873161315918,-0.935929536819458
1578998508.2638505,world,-0.4101380705833435,-0.08137977123260498,-0.6396152377128601,-0.0657930001616478,-0.34575605392456055,-0.017730338498950005,-0.9358470439910889
1578998508.2638636,world,-0.41104623675346375,-0.08251281827688217,-0.6396853923797607,-0.06564786285161972,-0.3469524085521698,-0.018443958833813667,-0.9354006052017212
1578998508.2844296,world,-0.41156142950057983,-0.08363783359527588,-0.6390464305877686,-0.06536559760570526,-0.34686386585235596,-0.01881624385714531,-0.9354457855224609
1578998508.2844458,world,-0.41232097148895264,-0.08485639840364456,-0.6389709115028381,-0.0659467801451683,-0.3477837145328522,-0.01840345561504364,-0.935071587562561
1578998508.2948458,world,-0.41313108801841736,-0.08605057746171951,-0.6389367580413818,-0.06616677343845367,-0.3484523594379425,-0.018472405150532722,-0.9348057508468628
1578998508.3140917,world,-0.4137404263019562,-0.08705846965312958,-0.6384295225143433,-0.06572966277599335,-0.34851041436195374,-0.01949417032301426,-0.9347941875457764
1578998508.3347785,world,-0.41651612520217896,-0.09153883904218674,-0.6377527117729187,-0.06567804515361786,-0.3510810136795044,-0.021068822592496872,-0.9338011741638184
1578998508.3440497,world,-0.4170277714729309,-0.09273003041744232,-0.6374512910842896,-0.06535189598798752,-0.35151463747024536,-0.021265817806124687,-0.9336565136909485
1578998508.354617,world,-0.4176754355430603,-0.0936269611120224,-0.6370189189910889,-0.06472820788621902,-0.3515825867652893,-0.02273728884756565,-0.9336395859718323
1578998508.3649404,world,-0.4183633625507355,-0.09474725276231766,-0.6367888450622559,-0.06402098387479782,-0.3516000807285309,-0.023588258773088455,-0.9336606860160828
1578998508.3740053,world,-0.41909176111221313,-0.09590577334165573,-0.6367564797401428,-0.06467869877815247,-0.3518514335155487,-0.023150254040956497,-0.933531641960144
1578998508.3740265,world,-0.41962283849716187,-0.09725584834814072,-0.6360719799995422,-0.06447702646255493,-0.3536093533039093,-0.023337410762906075,-0.932876467704773
1578998508.3946676,world,-0.4203259348869324,-0.0983603373169899,-0.6365204453468323,-0.06468379497528076,-0.3523237109184265,-0.023758376017212868,-0.933337926864624
1578998508.3946865,world,-0.42099881172180176,-0.0996999517083168,-0.6358291506767273,-0.06443392485380173,-0.3536955416202545,-0.023865699768066406,-0.9328334331512451
1578998508.4049373,world,-0.421537309885025,-0.10087810456752777,-0.6355398297309875,-0.0640290230512619,-0.3539274334907532,-0.02421185001730919,-0.9327644109725952
1578998508.4155645,world,-0.4221753180027008,-0.10211905092000961,-0.6356451511383057,-0.0644436627626419,-0.3537549674510956,-0.02438567392528057,-0.932796835899353
1578998508.4156077,world,-0.42269453406333923,-0.10346975177526474,-0.6357607245445251,-0.06391336768865585,-0.3538508713245392,-0.02454206719994545,-0.9327927827835083
1578998508.4344137,world,-0.4232761263847351,-0.10467268526554108,-0.6356741786003113,-0.06452102959156036,-0.3540332019329071,-0.02420644648373127,-0.9326905608177185
1578998508.494662,world,-0.427318811416626,-0.11491048336029053,-0.6347443461418152,-0.06400205194950104,-0.35021913051605225,-0.026643015444278717,-0.9340987205505371
1578998508.5046244,world,-0.4275190830230713,-0.1164204552769661,-0.6346367001533508,-0.06509490311145782,-0.35059019923210144,-0.025523941963911057,-0.9339152574539185
1578998508.514201,world,-0.4279123544692993,-0.11757656931877136,-0.6344371438026428,-0.06539612263441086,-0.35020458698272705,-0.02534627355635166,-0.9340437650680542
1578998508.5241945,world,-0.42831680178642273,-0.11903075128793716,-0.6347762942314148,-0.06596852093935013,-0.3502724766731262,-0.025011131539940834,-0.9339870810508728
1578998508.5345597,world,-0.42851439118385315,-0.12038734555244446,-0.6345354914665222,-0.0672021135687828,-0.34974947571754456,-0.02423468790948391,-0.9341155886650085
1578998508.534581,world,-0.428893119096756,-0.12168554216623306,-0.6343267560005188,-0.06641827523708344,-0.3494521677494049,-0.024759817868471146,-0.93426913022995
1578998508.6151493,world,-0.4310365319252014,-0.1344982534646988,-0.6331674456596375,-0.07007744908332825,-0.3483216464519501,-0.023369744420051575,-0.9344598054885864
1578998508.6243849,world,-0.4312467873096466,-0.13585370779037476,-0.6327013373374939,-0.07040303200483322,-0.3480049669742584,-0.02377425692975521,-0.9345431327819824
1578998508.6243966,world,-0.43151742219924927,-0.13728542625904083,-0.6327518820762634,-0.06988454610109329,-0.34815120697021484,-0.02411351352930069,-0.9345189332962036
1578998508.6339157,world,-0.43154004216194153,-0.13882212340831757,-0.6325236558914185,-0.07069066166877747,-0.3480404317378998,-0.02373199351131916,-0.93450927734375
1578998508.644187,world,-0.4318124055862427,-0.14021238684654236,-0.6323248744010925,-0.07112216204404831,-0.34825342893600464,-0.02392895333468914,-0.9343921542167664
1578998508.6441975,world,-0.43196073174476624,-0.14168904721736908,-0.6325171589851379,-0.07084371149539948,-0.3483923673629761,-0.02413034439086914,-0.9343563318252563
1578998508.6647441,world,-0.43211209774017334,-0.14322419464588165,-0.6326516270637512,-0.07213443517684937,-0.3491320312023163,-0.023135431110858917,-0.9340066313743591
1578998508.6738698,world,-0.43214717507362366,-0.14469081163406372,-0.6325619220733643,-0.07288439571857452,-0.3497306704521179,-0.02231511101126671,-0.9337442517280579
1578998508.6738741,world,-0.432354211807251,-0.14615091681480408,-0.632612407207489,-0.07238993048667908,-0.3494872450828552,-0.023276615887880325,-0.9338504076004028
1578998508.684217,world,-0.4323238432407379,-0.14764434099197388,-0.6324377059936523,-0.07294183224439621,-0.3496500849723816,-0.022792937234044075,-0.9337584376335144
1578998508.694517,world,-0.43231600522994995,-0.1491602659225464,-0.6323482990264893,-0.07386823743581772,-0.35047000646591187,-0.02198975160717964,-0.9333974719047546
1578998508.7745101,world,-0.4322768449783325,-0.16286906599998474,-0.6315414309501648,-0.07762367278337479,-0.3525598645210266,-0.019845295697450638,-0.9323531985282898
1578998508.7845137,world,-0.43226438760757446,-0.16440744698047638,-0.6314918994903564,-0.07754874974489212,-0.35247620940208435,-0.02018183469772339,-0.9323837161064148
1578998508.7845256,world,-0.43237775564193726,-0.16599473357200623,-0.6316343545913696,-0.07724960148334503,-0.3521556556224823,-0.020388199016451836,-0.9325252175331116
1578998508.795197,world,-0.4322708249092102,-0.16749833524227142,-0.6314687728881836,-0.07828967273235321,-0.3524394631385803,-0.01962418109178543,-0.9323476552963257
1578998508.8045971,world,-0.43216440081596375,-0.1691417396068573,-0.631357729434967,-0.0788680762052536,-0.3523789942264557,-0.019173668697476387,-0.9323311448097229
1578998508.814792,world,-0.43219706416130066,-0.17072336375713348,-0.6312544941902161,-0.07795749604701996,-0.3519253730773926,-0.019900865852832794,-0.9325637221336365
1578998508.8242037,world,-0.4323139190673828,-0.17221584916114807,-0.6315929889678955,-0.07808901369571686,-0.3517179787158966,-0.019778378307819366,-0.932633638381958
1578998508.8242247,world,-0.4322204887866974,-0.17384624481201172,-0.6315546035766602,-0.07880362123250961,-0.35187482833862305,-0.01917402818799019,-0.9325269460678101
1578998508.844662,world,-0.4321571886539459,-0.17551594972610474,-0.6315569877624512,-0.07929006218910217,-0.3519187569618225,-0.018732009455561638,-0.932478129863739
1578998508.8446813,world,-0.4322614073753357,-0.1771237850189209,-0.6317098140716553,-0.07903965562582016,-0.3517872989177704,-0.019106386229395866,-0.9325413703918457
1578998508.856424,world,-0.4323115050792694,-0.17856214940547943,-0.6318886280059814,-0.07931029051542282,-0.35195398330688477,-0.018781360238790512,-0.9324620962142944
1578998508.885122,world,-0.43210846185684204,-0.18336570262908936,-0.6317612528800964,-0.07981563359498978,-0.3529968559741974,-0.01808454841375351,-0.9320385456085205
1578998508.8851426,world,-0.43211326003074646,-0.18483227491378784,-0.6318451762199402,-0.08038104325532913,-0.35307252407073975,-0.017731422558426857,-0.9319679737091064
1578998508.8943594,world,-0.43215909600257874,-0.1864384114742279,-0.6319488883018494,-0.08007486909627914,-0.35299649834632874,-0.01772509142756462,-0.9320232272148132
1578998508.904592,world,-0.43247491121292114,-0.18808956444263458,-0.6322150826454163,-0.080691397190094,-0.3535475730895996,-0.01699938252568245,-0.9317747354507446
1578998508.919871,world,-0.4322170317173004,-0.18956318497657776,-0.632051408290863,-0.08080118894577026,-0.35258927941322327,-0.017640862613916397,-0.9321162700653076
1578998508.91992,world,-0.43223702907562256,-0.19113773107528687,-0.6319282054901123,-0.08116919547319412,-0.352475106716156,-0.017639299854636192,-0.9321275353431702
1578998508.92418,world,-0.43240678310394287,-0.19264698028564453,-0.6321929097175598,-0.08122095465660095,-0.3523675501346588,-0.017623359337449074,-0.9321640133857727
1578998508.9352086,world,-0.43259698152542114,-0.19418367743492126,-0.6322965621948242,-0.08125922828912735,-0.35167619585990906,-0.017780957743525505,-0.9324187636375427
1578998508.9458683,world,-0.4326479434967041,-0.1956414431333542,-0.6320736408233643,-0.08138266950845718,-0.35146284103393555,-0.018236689269542694,-0.9324796795845032
1578998508.9547653,world,-0.4328478276729584,-0.19716453552246094,-0.632269024848938,-0.08158154785633087,-0.3515898585319519,-0.018708566203713417,-0.9324049949645996
1578998508.9547791,world,-0.4328538775444031,-0.19864356517791748,-0.6321751475334167,-0.08177269250154495,-0.3514215052127838,-0.01869744434952736,-0.9324519038200378
1578998508.9742284,world,-0.43290358781814575,-0.20004583895206451,-0.632022500038147,-0.08210467547178268,-0.3512808680534363,-0.019005732610821724,-0.9324696063995361
1578998508.974241,world,-0.4332694709300995,-0.20147563517093658,-0.6325231194496155,-0.08192680031061172,-0.35183432698249817,-0.019116485491394997,-0.9322741627693176
1578998508.9844983,world,-0.4332745373249054,-0.20295824110507965,-0.6326025724411011,-0.08305085450410843,-0.3517661988735199,-0.01873868703842163,-0.9322081208229065
1578998508.9948475,world,-0.433468759059906,-0.20428621768951416,-0.6326838135719299,-0.08292564749717712,-0.3521064221858978,-0.01923527382314205,-0.9320806860923767
1578998509.0040622,world,-0.43347659707069397,-0.20574621856212616,-0.6327674388885498,-0.08340972661972046,-0.352047324180603,-0.019104374572634697,-0.932062566280365
1578998509.0144916,world,-0.4335938096046448,-0.2070489078760147,-0.6327645778656006,-0.08357089757919312,-0.3519904613494873,-0.019324596971273422,-0.9320650696754456
1578998509.0249496,world,-0.43388471007347107,-0.20843684673309326,-0.6329835057258606,-0.08355257660150528,-0.3522985577583313,-0.019825303927063942,-0.9319397807121277
1578998509.024963,world,-0.43398594856262207,-0.20982612669467926,-0.6330998539924622,-0.08402198553085327,-0.35239502787590027,-0.019817499443888664,-0.9318612813949585
1578998509.0444386,world,-0.4340619146823883,-0.21104979515075684,-0.6329129934310913,-0.08380579203367233,-0.3522738218307495,-0.02060174010694027,-0.9319096207618713
1578998509.0444574,world,-0.43419185280799866,-0.21236354112625122,-0.6331138014793396,-0.08415185660123825,-0.35217007994651794,-0.020452989265322685,-0.9319208264350891
1578998509.054569,world,-0.43432164192199707,-0.21374167501926422,-0.6333463191986084,-0.08486878126859665,-0.3523068428039551,-0.020472325384616852,-0.9318036437034607
1578998509.0638175,world,-0.4344658851623535,-0.2150578498840332,-0.6334874033927917,-0.08475898951292038,-0.35192978382110596,-0.021165946498513222,-0.9319406747817993
1578998509.0638304,world,-0.4345567524433136,-0.2162497341632843,-0.6335347890853882,-0.0851365178823471,-0.3517957627773285,-0.02109384350478649,-0.9319584965705872
1578998509.0743928,world,-0.43462151288986206,-0.2175651639699936,-0.6336350440979004,-0.08510159701108932,-0.3517608642578125,-0.021526306867599487,-0.9319649934768677
1578998509.08449,world,-0.4346504807472229,-0.21887485682964325,-0.6337211728096008,-0.0854487419128418,-0.35168758034706116,-0.021784529089927673,-0.9319549202919006
1578998509.0948386,world,-0.4347677528858185,-0.2201090306043625,-0.6338667869567871,-0.08595990389585495,-0.351606547832489,-0.021542822942137718,-0.9319440722465515
1578998509.1043785,world,-0.4348318576812744,-0.22135235369205475,-0.6339860558509827,-0.0861324667930603,-0.35145726799964905,-0.022195525467395782,-0.931969165802002
1578998509.1143446,world,-0.43487170338630676,-0.22264082729816437,-0.6340850591659546,-0.08658694475889206,-0.35156306624412537,-0.02211136370897293,-0.9318890571594238
1578998509.1143563,world,-0.43496254086494446,-0.22378729283809662,-0.6342081427574158,-0.08641186356544495,-0.3512459099292755,-0.022703280672430992,-0.9320106506347656
1578998509.124808,world,-0.4349801540374756,-0.22512328624725342,-0.6342952847480774,-0.08722302317619324,-0.3512365520000458,-0.022487051784992218,-0.9319438934326172
1578998509.1343682,world,-0.43497270345687866,-0.226313054561615,-0.6343754529953003,-0.0871874988079071,-0.3512057065963745,-0.02314024046063423,-0.9319428205490112
1578998509.1441362,world,-0.43501248955726624,-0.22759169340133667,-0.6345378160476685,-0.08744955062866211,-0.3509638011455536,-0.022810332477092743,-0.9320175647735596
1578998509.1540325,world,-0.43498653173446655,-0.228848397731781,-0.6346014142036438,-0.0882316455245018,-0.3509303033351898,-0.02287701517343521,-0.9319548606872559
1578998509.1656115,world,-0.43496641516685486,-0.23013968765735626,-0.6346884369850159,-0.08805596828460693,-0.3509291708469391,-0.023227643221616745,-0.9319632649421692
1578998509.1656246,world,-0.43493396043777466,-0.23137415945529938,-0.6348414421081543,-0.0887281745672226,-0.3507210910320282,-0.022731963545084,-0.9319899678230286
1578998509.1744049,world,-0.4349319636821747,-0.23262013494968414,-0.6349793076515198,-0.08876252174377441,-0.3506071865558624,-0.023278670385479927,-0.932016134262085
1578998509.184742,world,-0.434842050075531,-0.23391668498516083,-0.6350203156471252,-0.08963819593191147,-0.3505447208881378,-0.022881219163537025,-0.9319656491279602
1578998509.1945,world,-0.43484464287757874,-0.23514647781848907,-0.6351332068443298,-0.0896313413977623,-0.35020577907562256,-0.022992730140686035,-0.9320909976959229
1578998509.1947024,world,-0.4347797632217407,-0.23640793561935425,-0.635262131690979,-0.09002243727445602,-0.35009071230888367,-0.022942662239074707,-0.9320977926254272
1578998509.213869,world,-0.43476465344429016,-0.2377014458179474,-0.6354003548622131,-0.09044278413057327,-0.34975987672805786,-0.022888701409101486,-0.9321825504302979
1578998509.2138846,world,-0.43473055958747864,-0.23901748657226562,-0.6356443762779236,-0.09066027402877808,-0.3494524657726288,-0.022808823734521866,-0.9322786927223206
1578998509.224193,world,-0.43457308411598206,-0.24025234580039978,-0.6358017921447754,-0.09112999588251114,-0.34867608547210693,-0.02297329716384411,-0.9325194954872131
1578998509.2344167,world,-0.43460342288017273,-0.24165286123752594,-0.6359994411468506,-0.0913529023528099,-0.3486008048057556,-0.022900743409991264,-0.9325276017189026
1578998509.2448478,world,-0.43445220589637756,-0.24291543662548065,-0.6359081268310547,-0.09184078872203827,-0.34814637899398804,-0.02301557920873165,-0.932646632194519
1578998509.2579994,world,-0.43456554412841797,-0.24422553181648254,-0.6362363696098328,-0.09176473319530487,-0.34798792004585266,-0.023171041160821915,-0.9327093362808228
1578998509.2646167,world,-0.43445396423339844,-0.2455517053604126,-0.6362338066101074,-0.09253248572349548,-0.3476032018661499,-0.022889412939548492,-0.9327839016914368
1578998509.264641,world,-0.4344528615474701,-0.2468636929988861,-0.636322021484375,-0.0922093614935875,-0.34719228744506836,-0.02363123558461666,-0.932950496673584
1578998509.2747571,world,-0.4345107972621918,-0.24821725487709045,-0.6365237236022949,-0.09228909015655518,-0.34684398770332336,-0.023597976192831993,-0.9330729842185974
1578998509.2840679,world,-0.43437659740448,-0.24946360290050507,-0.6365516185760498,-0.09273965656757355,-0.3461912274360657,-0.02377418614923954,-0.933266282081604
1578998509.2944996,world,-0.4344155788421631,-0.2508011758327484,-0.6366680264472961,-0.09261538088321686,-0.3456919491291046,-0.02429996244609356,-0.9334500432014465
1578998509.304769,world,-0.4345666766166687,-0.2516472637653351,-0.6369493007659912,-0.09540316462516785,-0.3453903794288635,-0.0241667702794075,-0.933284342288971
1578998509.314054,world,-0.43462932109832764,-0.25333940982818604,-0.6371878385543823,-0.09283700585365295,-0.3444477617740631,-0.025060074403882027,-0.9338677525520325
1578998509.3245602,world,-0.43477869033813477,-0.2542220652103424,-0.6376469135284424,-0.09535203874111176,-0.34418922662734985,-0.025301966816186905,-0.9337032437324524
1578998509.3246346,world,-0.43470171093940735,-0.2558594048023224,-0.6377599835395813,-0.09315057098865509,-0.3436031937599182,-0.025814207270741463,-0.934127151966095
1578998509.3338451,world,-0.43486422300338745,-0.25676649808883667,-0.6383348703384399,-0.09549499303102493,-0.3434699475765228,-0.025815248489379883,-0.9339393973350525
1578998509.3469865,world,-0.43467646837234497,-0.2584046721458435,-0.638390839099884,-0.09363871067762375,-0.3426612913608551,-0.026108186691999435,-0.9344160556793213
1578998509.3548224,world,-0.43475762009620667,-0.25961726903915405,-0.6388671398162842,-0.0929766446352005,-0.34251275658607483,-0.02667255699634552,-0.9345206618309021
1578998509.3550344,world,-0.43470022082328796,-0.26085948944091797,-0.6390784382820129,-0.09369439631700516,-0.34202834963798523,-0.026573557406663895,-0.9346293210983276
1578998509.374631,world,-0.43472757935523987,-0.26200562715530396,-0.639342188835144,-0.09368389844894409,-0.34166842699050903,-0.026992889121174812,-0.9347500205039978
1578998509.374644,world,-0.434695303440094,-0.26321834325790405,-0.6395694017410278,-0.09387943893671036,-0.34121066331863403,-0.027172740548849106,-0.9348922967910767
1578998509.3851633,world,-0.4347226917743683,-0.26441490650177,-0.6399148106575012,-0.09362544119358063,-0.34078019857406616,-0.028058139607310295,-0.9350485801696777
1578998509.3945699,world,-0.4346756935119629,-0.2655736804008484,-0.6401570439338684,-0.09422291070222855,-0.34033817052841187,-0.028064610436558723,-0.9351494312286377
1578998509.404788,world,-0.43474194407463074,-0.2663094401359558,-0.6405245065689087,-0.09677953273057938,-0.3400174379348755,-0.02822454459965229,-0.9350002408027649
1578998509.4048054,world,-0.4345204532146454,-0.2674826979637146,-0.6407948136329651,-0.09709007292985916,-0.33899062871932983,-0.02829737216234207,-0.93533855676651
1578998509.425184,world,-0.43449151515960693,-0.2686414122581482,-0.6412141919136047,-0.09681971371173859,-0.33857110142707825,-0.02878233976662159,-0.9355037212371826
1578998509.434323,world,-0.4342961609363556,-0.2697773873806,-0.641416609287262,-0.09694444388151169,-0.3379567265510559,-0.02911342680454254,-0.9357027411460876
1578998509.4448268,world,-0.4341581463813782,-0.2708578109741211,-0.6418116092681885,-0.09683898091316223,-0.337297648191452,-0.0296961460262537,-0.9359330534934998
1578998509.4448907,world,-0.4340439438819885,-0.27238044142723083,-0.6423307061195374,-0.09496600180864334,-0.3370676636695862,-0.02981211617588997,-0.9362040758132935
1578998509.4560452,world,-0.4340081214904785,-0.27309268712997437,-0.6428614854812622,-0.09718620777130127,-0.33643725514411926,-0.02987009845674038,-0.9362012147903442
1578998509.4640272,world,-0.43378934264183044,-0.27412548661231995,-0.6432557106018066,-0.0973358079791069,-0.33556991815567017,-0.030168455094099045,-0.9364873170852661
1578998509.4742637,world,-0.4338263273239136,-0.27537766098976135,-0.643836498260498,-0.09845078736543655,-0.334561824798584,-0.03066839650273323,-0.9367151856422424
1578998509.4743292,world,-0.4336373805999756,-0.276443749666214,-0.6442378759384155,-0.09854871034622192,-0.33425283432006836,-0.03093498945236206,-0.9368064403533936
1578998509.4846332,world,-0.433305561542511,-0.27743834257125854,-0.6444337368011475,-0.09849484264850616,-0.3337866961956024,-0.03146996721625328,-0.9369605183601379
1578998509.493828,world,-0.4330892860889435,-0.2783985137939453,-0.6450679302215576,-0.09889063984155655,-0.3331752419471741,-0.031224284321069717,-0.9371446967124939
1578998509.5042574,world,-0.43279126286506653,-0.27927395701408386,-0.6455318927764893,-0.0980219766497612,-0.33301928639411926,-0.03167324885725975,-0.9372762441635132
1578998509.5146208,world,-0.43261969089508057,-0.2802683413028717,-0.6461090445518494,-0.09848451614379883,-0.3328295946121216,-0.03133578598499298,-0.9373064637184143
1578998509.5146465,world,-0.43241897225379944,-0.28130239248275757,-0.6465988159179688,-0.0979817807674408,-0.3325454294681549,-0.03178814426064491,-0.937444806098938
1578998509.525739,world,-0.4322024881839752,-0.28231382369995117,-0.6473402380943298,-0.09863904118537903,-0.33204713463783264,-0.031279440969228745,-0.9375696182250977
1578998509.545111,world,-0.4317795932292938,-0.2832469642162323,-0.6477512121200562,-0.09858466684818268,-0.33151572942733765,-0.03194447234272957,-0.9377409219741821
1578998509.5451486,world,-0.43147262930870056,-0.2842371463775635,-0.6481752395629883,-0.09791866689920425,-0.3309135437011719,-0.03248116746544838,-0.9380048513412476
1578998509.5546498,world,-0.43128693103790283,-0.28527596592903137,-0.6489479541778564,-0.09860984236001968,-0.33069363236427307,-0.03228321298956871,-0.9380168318748474
1578998509.5646048,world,-0.43103116750717163,-0.2863183319568634,-0.6496738195419312,-0.09811663627624512,-0.33084118366241455,-0.032580167055130005,-0.9380063414573669
1578998509.574749,world,-0.4307172894477844,-0.287335604429245,-0.6502240300178528,-0.09881189465522766,-0.33069533109664917,-0.032277725636959076,-0.9379952549934387
1578998509.5847821,world,-0.4304073452949524,-0.28831905126571655,-0.6509538888931274,-0.09822240471839905,-0.3300570547580719,-0.032693445682525635,-0.9382674694061279
1578998509.5847924,world,-0.4299537241458893,-0.28928741812705994,-0.6515226364135742,-0.09794522076845169,-0.32991960644721985,-0.03308523818850517,-0.938331127166748
1578998509.5980442,world,-0.4295651912689209,-0.2902299165725708,-0.6520882844924927,-0.09782951325178146,-0.32969728112220764,-0.03295460343360901,-0.9384258985519409
1578998509.6047244,world,-0.4292687475681305,-0.2911890149116516,-0.6529868841171265,-0.09751950949430466,-0.32963812351226807,-0.032489266246557236,-0.9384950995445251
1578998509.6147838,world,-0.42879974842071533,-0.2920973598957062,-0.6535946726799011,-0.09818585216999054,-0.32903411984443665,-0.03206491097807884,-0.9386522173881531
1578998509.6262944,world,-0.4284486472606659,-0.2930567264556885,-0.6543179154396057,-0.09774798154830933,-0.32842570543289185,-0.03196067735552788,-0.9389145970344543
1578998509.6263108,world,-0.4280245304107666,-0.29384052753448486,-0.6548756957054138,-0.09746884554624557,-0.3279680609703064,-0.032243650406599045,-0.939093828201294
1578998509.634919,world,-0.4276077449321747,-0.2947448790073395,-0.6555608510971069,-0.09808453172445297,-0.3271971046924591,-0.03203486651182175,-0.9393057227134705
1578998509.6461453,world,-0.4273301661014557,-0.2956305146217346,-0.6564153432846069,-0.09717242419719696,-0.3266272246837616,-0.03255823254585266,-0.9395808577537537
1578998509.6549747,world,-0.42690470814704895,-0.29650864005088806,-0.6570037603378296,-0.09742775559425354,-0.3261997401714325,-0.03218434378504753,-0.9397158622741699
1578998509.6648786,world,-0.426586389541626,-0.29734137654304504,-0.6580852270126343,-0.09718229621648788,-0.3257061541080475,-0.03218952938914299,-0.9399122595787048
1578998509.6774933,world,-0.4260689914226532,-0.29818230867385864,-0.6586673259735107,-0.09653572738170624,-0.3249015510082245,-0.03237111121416092,-0.9402510523796082
1578998509.6775029,world,-0.42563796043395996,-0.2990350127220154,-0.659600019454956,-0.09634916484355927,-0.32458773255348206,-0.03188899904489517,-0.9403949975967407
1578998509.6852174,world,-0.4253435730934143,-0.29989051818847656,-0.6606809496879578,-0.09541591256856918,-0.32436609268188477,-0.03205721452832222,-0.9405608773231506
1578998509.6944606,world,-0.42488178610801697,-0.30072417855262756,-0.6614693403244019,-0.0950322151184082,-0.32416778802871704,-0.03201980143785477,-0.9406694769859314
1578998509.7049174,world,-0.42439061403274536,-0.3014999330043793,-0.6624798774719238,-0.0953061655163765,-0.3235016465187073,-0.03164440765976906,-0.9408837556838989
1578998509.7144177,world,-0.42399346828460693,-0.3023155629634857,-0.6633398532867432,-0.094492606818676,-0.3230952024459839,-0.03177354857325554,-0.9411010146141052
1578998509.7144394,world,-0.4236321449279785,-0.30310651659965515,-0.6645845770835876,-0.09382832050323486,-0.32301491498947144,-0.031841348856687546,-0.9411928057670593
1578998509.7351649,world,-0.4230235815048218,-0.3037959933280945,-0.6652578115463257,-0.0941506028175354,-0.32254138588905334,-0.03154374659061432,-0.9413329362869263
1578998509.7351813,world,-0.422647088766098,-0.3046635687351227,-0.6665365099906921,-0.09324397146701813,-0.3222563564777374,-0.03139603137969971,-0.9415257573127747
1578998509.7445376,world,-0.42224714159965515,-0.30536413192749023,-0.6676338911056519,-0.09278810769319534,-0.32225069403648376,-0.031425364315509796,-0.9415717124938965
1578998509.7539213,world,-0.4217718243598938,-0.3061169385910034,-0.6687654852867126,-0.09260371327400208,-0.32270950078964233,-0.03067476488649845,-0.9414575695991516
1578998509.7651095,world,-0.4210973083972931,-0.3068296015262604,-0.6696785092353821,-0.0921676754951477,-0.32181358337402344,-0.030412063002586365,-0.9418154358863831
1578998509.7746015,world,-0.42070361971855164,-0.30748251080513,-0.6708091497421265,-0.09186284989118576,-0.32189279794692993,-0.03020407073199749,-0.9418249130249023
1578998509.774615,world,-0.4202283024787903,-0.3082786500453949,-0.67206209897995,-0.09140730649232864,-0.3222191333770752,-0.02955387346446514,-0.9417782425880432
1578998509.784828,world,-0.41949617862701416,-0.30893898010253906,-0.6728599667549133,-0.09138838201761246,-0.32152536511421204,-0.02940152771770954,-0.9420218467712402
1578998509.794615,world,-0.4191601872444153,-0.3096349239349365,-0.6741555333137512,-0.09091686457395554,-0.3214300870895386,-0.02931341715157032,-0.9421027302742004
1578998509.803773,world,-0.4186772108078003,-0.3104313611984253,-0.6753442883491516,-0.09033714234828949,-0.32177090644836426,-0.02877282351255417,-0.9420589208602905
1578998509.8140748,world,-0.41819334030151367,-0.31107407808303833,-0.6765012145042419,-0.08999904245138168,-0.3217381238937378,-0.028658855706453323,-0.9421058893203735
1578998509.8140883,world,-0.41756945848464966,-0.3118206858634949,-0.6776124835014343,-0.08989962190389633,-0.32111048698425293,-0.028409168124198914,-0.9423370957374573
1578998509.8242595,world,-0.4170251190662384,-0.3125474154949188,-0.6786804795265198,-0.08927301317453384,-0.3215734362602234,-0.028313634917140007,-0.9422416090965271
1578998509.8346796,world,-0.41648435592651367,-0.31327024102211,-0.6799484491348267,-0.08907487243413925,-0.32164373993873596,-0.02790842391550541,-0.942248523235321
1578998509.8439317,world,-0.41590866446495056,-0.31391921639442444,-0.6810150146484375,-0.089100182056427,-0.32130753993988037,-0.027304131537675858,-0.9423784613609314
1578998509.85423,world,-0.4152630567550659,-0.3146149814128876,-0.6821795701980591,-0.08804602921009064,-0.321540892124176,-0.02728164568543434,-0.9423986673355103
1578998509.8646762,world,-0.41469308733940125,-0.3153086304664612,-0.6832733154296875,-0.08821964263916016,-0.3217725157737732,-0.02644261345267296,-0.9423272013664246
1578998509.8753216,world,-0.41410601139068604,-0.31628283858299255,-0.6845203638076782,-0.08577771484851837,-0.3220418095588684,-0.026101848110556602,-0.9424701929092407
1578998509.8753421,world,-0.41344544291496277,-0.3170087933540344,-0.6855992674827576,-0.08486644178628922,-0.32167965173721313,-0.026542222127318382,-0.9426640272140503
1578998509.8849947,world,-0.4129071533679962,-0.317364364862442,-0.6867241263389587,-0.08704358339309692,-0.3216201663017273,-0.025914102792739868,-0.9425032734870911
1578998509.8948224,world,-0.41225898265838623,-0.31837236881256104,-0.6878190040588379,-0.08450070023536682,-0.3218877911567688,-0.025659166276454926,-0.9426502585411072
1578998509.904082,world,-0.41159752011299133,-0.3191131055355072,-0.6888771653175354,-0.08378642052412033,-0.32179775834083557,-0.02590695023536682,-0.9427379965782166
1578998509.9148176,world,-0.41098129749298096,-0.319464772939682,-0.6899229884147644,-0.0865258052945137,-0.32171088457107544,-0.024866225197911263,-0.9425482153892517
1578998509.9248512,world,-0.4103306829929352,-0.3204967975616455,-0.6910216808319092,-0.08399596065282822,-0.32184898853302,-0.02492334134876728,-0.9427284002304077
1578998509.9341178,world,-0.4097374379634857,-0.3212214410305023,-0.6921769380569458,-0.08393239229917526,-0.3220599293708801,-0.024368569254875183,-0.9426764845848083
1578998509.9445395,world,-0.40896716713905334,-0.32193154096603394,-0.6931427717208862,-0.08383025228977203,-0.3216564953327179,-0.02424866147339344,-0.9428263902664185
1578998509.954873,world,-0.40831106901168823,-0.3225795328617096,-0.6939888000488281,-0.08335977792739868,-0.3215552866458893,-0.024260956794023514,-0.9429023265838623
1578998509.9548776,world,-0.4076504707336426,-0.323352187871933,-0.6951773166656494,-0.08373906463384628,-0.3213869035243988,-0.023516817018389702,-0.9429450035095215
1578998509.9641814,world,-0.40705713629722595,-0.3236483037471771,-0.6961479783058167,-0.08640353381633759,-0.3209811747074127,-0.023233337327837944,-0.94284987449646
1578998509.9759562,world,-0.40642011165618896,-0.3247954249382019,-0.6971266269683838,-0.08306349813938141,-0.3209451138973236,-0.024146277457475662,-0.9431392550468445
1578998509.9759758,world,-0.4057377278804779,-0.3256531357765198,-0.6980963945388794,-0.08386056870222092,-0.320718377828598,-0.023424020037055016,-0.9431641101837158
1578998509.9841874,world,-0.4051361680030823,-0.32624679803848267,-0.6990371942520142,-0.08353738486766815,-0.32020440697669983,-0.023480070754885674,-0.9433659911155701
1578998509.9946256,world,-0.40463027358055115,-0.3267001211643219,-0.700209379196167,-0.08637809008359909,-0.32030510902404785,-0.023425066843628883,-0.9430772662162781
1578998510.0038114,world,-0.4038069546222687,-0.3278798758983612,-0.7009070515632629,-0.08355442434549332,-0.3200817108154297,-0.02354162000119686,-0.9434046149253845
1578998510.014471,world,-0.403176873922348,-0.3285982012748718,-0.7019672393798828,-0.08379057794809341,-0.31967708468437195,-0.023626528680324554,-0.9435186982154846
1578998510.0145266,world,-0.40256112813949585,-0.3289969861507416,-0.7027460932731628,-0.08709052950143814,-0.3201495110988617,-0.022792741656303406,-0.9430801272392273
1578998510.0348196,world,-0.4018862545490265,-0.3298150300979614,-0.7038012742996216,-0.08662497252225876,-0.3194344639778137,-0.023071125149726868,-0.9433586597442627
1578998510.0348358,world,-0.40117084980010986,-0.33090221881866455,-0.7045084238052368,-0.08451385051012039,-0.31911125779151917,-0.023492436856031418,-0.9436491131782532
1578998510.0441663,world,-0.4006209075450897,-0.3313119113445282,-0.7056463956832886,-0.08757618814706802,-0.3196437954902649,-0.02263759821653366,-0.9432104229927063
1578998510.0544128,world,-0.399942010641098,-0.33206862211227417,-0.706328809261322,-0.08734159171581268,-0.31885379552841187,-0.02301456406712532,-0.9434903860092163
1578998510.0648413,world,-0.3992345929145813,-0.333182156085968,-0.707278847694397,-0.08507820963859558,-0.3186423182487488,-0.023948507383465767,-0.9437453746795654
1578998510.0743203,world,-0.3984906077384949,-0.33351853489875793,-0.7079087495803833,-0.088626429438591,-0.3185542821884155,-0.022821132093667984,-0.9434764981269836
1578998510.084637,world,-0.3980579078197479,-0.33435744047164917,-0.7091789841651917,-0.0883675366640091,-0.3184225857257843,-0.022971389815211296,-0.9435415267944336
1578998510.0846426,world,-0.3972215950489044,-0.335050493478775,-0.7097379565238953,-0.08879005163908005,-0.3183726668357849,-0.023470528423786163,-0.9435064792633057
1578998510.093875,world,-0.39651498198509216,-0.3358131945133209,-0.710677444934845,-0.0892718955874443,-0.31816405057907104,-0.02281823568046093,-0.9435473680496216
1578998510.104406,world,-0.3959910273551941,-0.3365836441516876,-0.7116042971611023,-0.08978451043367386,-0.3181923031806946,-0.023248819634318352,-0.9434786438941956
1578998510.1148257,world,-0.3952518701553345,-0.33737704157829285,-0.7124791145324707,-0.08979474008083344,-0.3186976909637451,-0.023067330941557884,-0.9433115720748901
1578998510.1148498,world,-0.39458775520324707,-0.33807697892189026,-0.7133214473724365,-0.0905434712767601,-0.3180062472820282,-0.023001715540885925,-0.9434748888015747
1578998510.1356218,world,-0.3939044177532196,-0.3388274312019348,-0.7141987681388855,-0.09089266508817673,-0.3184795379638672,-0.022999795153737068,-0.9432817101478577
1578998510.1356368,world,-0.3933641314506531,-0.3395899832248688,-0.7152674198150635,-0.09157779067754745,-0.3188915550708771,-0.02289246954023838,-0.9430788159370422
1578998510.1443324,world,-0.3924981951713562,-0.3402692377567291,-0.7157960534095764,-0.09226284176111221,-0.3180341422557831,-0.023029152303934097,-0.9432982206344604
1578998510.154596,world,-0.39188846945762634,-0.34103551506996155,-0.7167841196060181,-0.09183894097805023,-0.3185732960700989,-0.023262832313776016,-0.9431520104408264
1578998510.163991,world,-0.39133480191230774,-0.34183505177497864,-0.7177184224128723,-0.09259112179279327,-0.3187386691570282,-0.023102883249521255,-0.9430264234542847
1578998510.1758735,world,-0.3903183341026306,-0.34252414107322693,-0.7182908654212952,-0.09336267411708832,-0.31850194931030273,-0.023021241649985313,-0.9430323839187622
1578998510.1759737,world,-0.3898076117038727,-0.3431881368160248,-0.7192717790603638,-0.0943366065621376,-0.318698912858963,-0.022821709513664246,-0.9428737163543701
1578998510.1945093,world,-0.3890857696533203,-0.3439788818359375,-0.7200714349746704,-0.09445653855800629,-0.3186030983924866,-0.023125113919377327,-0.9428867697715759
1578998510.1945508,world,-0.3882686495780945,-0.3446938693523407,-0.7207446694374084,-0.09460602700710297,-0.3187013864517212,-0.023166406899690628,-0.9428374171257019
1578998510.2100153,world,-0.38771143555641174,-0.3453754484653473,-0.721766471862793,-0.09558407217264175,-0.31861963868141174,-0.02281820774078369,-0.9427750110626221
1578998510.2147417,world,-0.38687950372695923,-0.3460138142108917,-0.7223935723304749,-0.09638077765703201,-0.31871968507766724,-0.022840702906250954,-0.9426594972610474
1578998510.2244458,world,-0.38617515563964844,-0.34672269225120544,-0.7233316898345947,-0.09644895792007446,-0.3186265230178833,-0.022920269519090652,-0.9426820278167725
1578998510.2244625,world,-0.3855178654193878,-0.34739556908607483,-0.7242115139961243,-0.09642468392848969,-0.3187061846256256,-0.023151015862822533,-0.9426519274711609
1578998510.2351427,world,-0.3846670687198639,-0.3480548858642578,-0.7249592542648315,-0.09733562916517258,-0.31841710209846497,-0.02275325357913971,-0.942665696144104
1578998510.2450888,world,-0.3840373754501343,-0.34871917963027954,-0.7259144186973572,-0.09788791090250015,-0.3182365298271179,-0.022849930450320244,-0.9426672458648682
1578998510.2550414,world,-0.3831554353237152,-0.3493731617927551,-0.7266891598701477,-0.0981580913066864,-0.3184257447719574,-0.022682230919599533,-0.9425792098045349
1578998510.2551248,world,-0.38254016637802124,-0.34996432065963745,-0.7275169491767883,-0.09824275970458984,-0.31810304522514343,-0.022951917722821236,-0.9426727890968323
1578998510.2746804,world,-0.38180410861968994,-0.3506786525249481,-0.7285247445106506,-0.0991121232509613,-0.31840547919273376,-0.022621184587478638,-0.9424877166748047
1578998510.2746937,world,-0.38096651434898376,-0.3512093126773834,-0.7291808128356934,-0.09950853884220123,-0.3181123733520508,-0.022606952115893364,-0.9425452351570129
1578998510.2852187,world,-0.38040482997894287,-0.3517935574054718,-0.7303528189659119,-0.09995432943105698,-0.3180250823497772,-0.022548062726855278,-0.942529022693634
1578998510.305186,world,-0.3794896602630615,-0.35246604681015015,-0.7310225367546082,-0.09994128346443176,-0.31794020533561707,-0.0226140059530735,-0.9425573945045471
1578998510.314366,world,-0.378902792930603,-0.35299065709114075,-0.7321075201034546,-0.10028907656669617,-0.3178083300590515,-0.022264081984758377,-0.9425732493400574
1578998510.3143795,world,-0.37811601161956787,-0.35360509157180786,-0.733079731464386,-0.10081064701080322,-0.3182145357131958,-0.021910252049565315,-0.9423888921737671
1578998510.3143857,world,-0.3773675560951233,-0.3541759252548218,-0.7339164614677429,-0.10048775374889374,-0.31778496503829956,-0.022496791556477547,-0.9425544142723083
1578998510.3338346,world,-0.37673693895339966,-0.35474327206611633,-0.7350810170173645,-0.10122020542621613,-0.3174130320549011,-0.022209027782082558,-0.9426082968711853
1578998510.3338501,world,-0.37600481510162354,-0.3553105890750885,-0.7358955144882202,-0.10101433098316193,-0.3178583085536957,-0.022028299048542976,-0.942484438419342
1578998510.355016,world,-0.37536484003067017,-0.3558719754219055,-0.7370710968971252,-0.1013714149594307,-0.31752219796180725,-0.022110145539045334,-0.9425575733184814
1578998510.355599,world,-0.3745274543762207,-0.35643699765205383,-0.737848699092865,-0.10162317752838135,-0.3176096975803375,-0.022258630022406578,-0.9424974322319031
1578998510.3639836,world,-0.3739692270755768,-0.357008159160614,-0.7390767931938171,-0.1015746220946312,-0.3178558945655823,-0.022067993879318237,-0.9424241781234741
1578998510.3758476,world,-0.3732636868953705,-0.3575340211391449,-0.7401864528656006,-0.10167080163955688,-0.31769856810569763,-0.021798737347126007,-0.9424730539321899
1578998510.3758612,world,-0.3724800944328308,-0.35807594656944275,-0.7410556674003601,-0.101530522108078,-0.3176076412200928,-0.022057054564356804,-0.9425129294395447
1578998510.3948677,world,-0.37197527289390564,-0.3586261570453644,-0.7423626184463501,-0.1019166111946106,-0.3176061809062958,-0.021843986585736275,-0.9424765706062317
1578998510.3949063,world,-0.3712084889411926,-0.3591320216655731,-0.7431889772415161,-0.10180798918008804,-0.3175082802772522,-0.02160004712641239,-0.9425269365310669
1578998510.4154205,world,-0.37051522731781006,-0.3596298396587372,-0.7443525791168213,-0.10155126452445984,-0.31736457347869873,-0.021933723241090775,-0.9425954222679138
1578998510.4154496,world,-0.37002667784690857,-0.36022061109542847,-0.7457340359687805,-0.10190597921609879,-0.31747516989707947,-0.02175881154835224,-0.9425238966941833
1578998510.4244692,world,-0.3692178726196289,-0.3607264459133148,-0.7465497851371765,-0.10178916901350021,-0.3173326551914215,-0.02200036495923996,-0.9425788521766663
1578998510.4347792,world,-0.36855337023735046,-0.36131051182746887,-0.7478087544441223,-0.1017317920923233,-0.3171766698360443,-0.02188895456492901,-0.9426402449607849
1578998510.434793,world,-0.3679301142692566,-0.36176472902297974,-0.7488061189651489,-0.101981021463871,-0.31747379899024963,-0.021465498954057693,-0.9425229430198669
1578998510.4439757,world,-0.36726176738739014,-0.3623713254928589,-0.7501426935195923,-0.10119479894638062,-0.31735238432884216,-0.022126423195004463,-0.9426332712173462
1578998510.4741898,world,-0.36667072772979736,-0.3628862798213959,-0.7514154314994812,-0.10171745717525482,-0.3170609474182129,-0.022025756537914276,-0.9426775574684143
1578998510.4743211,world,-0.3654334545135498,-0.36402931809425354,-0.7537181973457336,-0.10104793310165405,-0.31765228509902954,-0.022157177329063416,-0.9425472617149353
1578998510.4843724,world,-0.36467620730400085,-0.36452794075012207,-0.7549355626106262,-0.10185873508453369,-0.3175695240497589,-0.021477961912751198,-0.9425036907196045
1578998510.4843829,world,-0.36408913135528564,-0.36510542035102844,-0.7560297250747681,-0.10095330327749252,-0.3174763321876526,-0.02235569804906845,-0.9426121115684509
1578998510.5052726,world,-0.36364609003067017,-0.3656717538833618,-0.7575228214263916,-0.10102785378694534,-0.3175772428512573,-0.022183313965797424,-0.9425742030143738
1578998510.514631,world,-0.3628515601158142,-0.3661939799785614,-0.7586199641227722,-0.10083700716495514,-0.31756484508514404,-0.022006675601005554,-0.9426028728485107
1578998510.51514,world,-0.36226686835289,-0.3667766749858856,-0.759845495223999,-0.10076833516359329,-0.3174949586391449,-0.02200373075902462,-0.942633867263794
1578998510.5240028,world,-0.3618178069591522,-0.36732053756713867,-0.7612338066101074,-0.10107928514480591,-0.31757456064224243,-0.021990487352013588,-0.9425740838050842
1578998510.5343575,world,-0.3610066771507263,-0.3678867220878601,-0.762384295463562,-0.10070111602544785,-0.31811216473579407,-0.02225167118012905,-0.9424271583557129
1578998510.5343714,world,-0.36039867997169495,-0.368434876203537,-0.7635587453842163,-0.10025973618030548,-0.3174242675304413,-0.022553756833076477,-0.9426988959312439
1578998510.5540879,world,-0.3597584664821625,-0.3689858317375183,-0.7649090886116028,-0.10041854530572891,-0.3180769383907318,-0.02248256653547287,-0.9424636960029602
1578998510.5541272,world,-0.359207421541214,-0.3695109188556671,-0.7661746144294739,-0.10087846219539642,-0.3180614411830902,-0.0223656315356493,-0.9424225687980652
1578998510.564166,world,-0.3585823178291321,-0.37010321021080017,-0.7675020098686218,-0.10021477192640305,-0.31768667697906494,-0.02259257063269615,-0.9426144361495972
1578998510.5746467,world,-0.3578561842441559,-0.3706215023994446,-0.7688106894493103,-0.10058718174695969,-0.31830689311027527,-0.02205197513103485,-0.9423782229423523
1578998510.5746686,world,-0.35731038451194763,-0.37112969160079956,-0.7702420353889465,-0.10017109662294388,-0.3182455897331238,-0.02203933708369732,-0.9424436092376709
1578998510.5848198,world,-0.35654887557029724,-0.37166494131088257,-0.7713615894317627,-0.10031246393918991,-0.31882017850875854,-0.02227678894996643,-0.9422286748886108
1578998510.5941293,world,-0.355919748544693,-0.3721824288368225,-0.77274489402771,-0.10052724927663803,-0.3184233009815216,-0.022211967036128044,-0.9423415660858154
1578998510.6146557,world,-0.355254203081131,-0.37272322177886963,-0.7741255164146423,-0.10069913417100906,-0.31879130005836487,-0.0218068715184927,-0.9422081708908081
1578998510.614671,world,-0.35462355613708496,-0.3732764720916748,-0.7754689455032349,-0.10012029111385345,-0.319012314081192,-0.022115299478173256,-0.9421879053115845
1578998510.614676,world,-0.35400888323783875,-0.37376868724823,-0.7769287824630737,-0.10027696937322617,-0.31867554783821106,-0.021982332691550255,-0.9422882795333862
1578998510.6240437,world,-0.35322296619415283,-0.3743739724159241,-0.7781727910041809,-0.10023093223571777,-0.31920647621154785,-0.021778585389256477,-0.9421181678771973
1578998510.6445978,world,-0.3527373671531677,-0.374957799911499,-0.779742419719696,-0.10008830577135086,-0.31911054253578186,-0.021617023274302483,-0.9421696662902832
1578998510.644614,world,-0.3518463671207428,-0.3754403293132782,-0.7809053659439087,-0.1000717431306839,-0.3192008137702942,-0.02163953147828579,-0.9421402215957642
1578998510.6547651,world,-0.3511965274810791,-0.3760349154472351,-0.7824324369430542,-0.09975505620241165,-0.31909051537513733,-0.021370219066739082,-0.9422174096107483
1578998510.6644013,world,-0.35058698058128357,-0.3766280710697174,-0.7840015292167664,-0.10017415881156921,-0.3196642994880676,-0.02090119570493698,-0.9419888854026794
1578998510.6744692,world,-0.3497394621372223,-0.3772042989730835,-0.7851710915565491,-0.09994187206029892,-0.3192007541656494,-0.021031158044934273,-0.9421679377555847
1578998510.6848915,world,-0.3491153120994568,-0.37774747610092163,-0.7867358922958374,-0.09954722225666046,-0.31898829340934753,-0.02100354991853237,-0.9422821402549744
1578998510.6941743,world,-0.34839341044425964,-0.37826329469680786,-0.788196325302124,-0.09958232194185257,-0.319629430770874,-0.02059491164982319,-0.9420701861381531
1578998510.6941872,world,-0.3475624620914459,-0.37880223989486694,-0.7896097898483276,-0.09973952174186707,-0.31892889738082886,-0.020375162363052368,-0.9422957897186279
1578998510.704622,world,-0.3468582034111023,-0.3793620765209198,-0.7910470962524414,-0.09931717813014984,-0.31916049122810364,-0.02017386630177498,-0.9422662854194641
1578998510.7138655,world,-0.34625503420829773,-0.3798309862613678,-0.7926110029220581,-0.09933503717184067,-0.3193037211894989,-0.020009273663163185,-0.9422193765640259
1578998510.7241347,world,-0.3453286290168762,-0.38032326102256775,-0.7939693331718445,-0.09976129233837128,-0.3189030587673187,-0.01941518671810627,-0.9423224925994873
1578998510.7344148,world,-0.3446210026741028,-0.3808981478214264,-0.7955289483070374,-0.0989118218421936,-0.3191550672054291,-0.019537724554538727,-0.9423241019248962
1578998510.7344258,world,-0.34374549984931946,-0.3813815116882324,-0.7969189286231995,-0.09913405030965805,-0.3190482258796692,-0.01902124658226967,-0.9423475861549377
1578998510.744822,world,-0.34298625588417053,-0.38178592920303345,-0.7984632849693298,-0.09894679486751556,-0.31900259852409363,-0.01909019611775875,-0.9423812627792358
1578998510.7544093,world,-0.34227171540260315,-0.38232049345970154,-0.8001208901405334,-0.09902352839708328,-0.31927451491355896,-0.01847819983959198,-0.9422933459281921
1578998510.7649505,world,-0.3413287103176117,-0.38276025652885437,-0.8015066981315613,-0.09847699850797653,-0.31893691420555115,-0.01846431940793991,-0.9424651861190796
1578998510.7649906,world,-0.3406427204608917,-0.3832024037837982,-0.8032135367393494,-0.0985768735408783,-0.3193638026714325,-0.01785493828356266,-0.9423218965530396
1578998510.7844691,world,-0.339840829372406,-0.38368335366249084,-0.8048157095909119,-0.09827427566051483,-0.31926971673965454,-0.01769406534731388,-0.9423884153366089
1578998510.7845109,world,-0.33895087242126465,-0.3840824067592621,-0.8061810731887817,-0.09796334058046341,-0.3193759024143219,-0.017637906596064568,-0.9423858523368835
1578998510.7949376,world,-0.338347852230072,-0.38458967208862305,-0.8080023527145386,-0.09803400188684464,-0.319529265165329,-0.017422057688236237,-0.9423306584358215
1578998510.8048446,world,-0.3374381959438324,-0.3850414454936981,-0.8094787001609802,-0.09804381430149078,-0.3199130892753601,-0.016930311918258667,-0.9422083497047424
1578998510.814196,world,-0.3367071747779846,-0.38539597392082214,-0.8111894726753235,-0.09786999970674515,-0.31985214352607727,-0.016933267936110497,-0.9422469735145569
1578998510.8244572,world,-0.3357863426208496,-0.3858194053173065,-0.8127015233039856,-0.09733877331018448,-0.3203018009662628,-0.01676671952009201,-0.942152202129364
1578998510.8348234,world,-0.33519333600997925,-0.38618531823158264,-0.8145847320556641,-0.09725669771432877,-0.3206291198730469,-0.016471585258841515,-0.9420545697212219
1578998510.8348408,world,-0.33417364954948425,-0.3864888548851013,-0.8158396482467651,-0.09678056836128235,-0.32068589329719543,-0.016470279544591904,-0.9420843124389648
1578998510.8545017,world,-0.3333396315574646,-0.38687416911125183,-0.8175233006477356,-0.09656627476215363,-0.3205275535583496,-0.016076045110821724,-0.9421670436859131
1578998510.874152,world,-0.3325481414794922,-0.3871968686580658,-0.8192377090454102,-0.09632321447134018,-0.3213154673576355,-0.01599026471376419,-0.9419249296188354
1578998510.8741684,world,-0.3317049443721771,-0.3875017762184143,-0.8208165168762207,-0.09608985483646393,-0.3213347792625427,-0.01598738320171833,-0.9419422149658203
1578998510.8741739,world,-0.3308410346508026,-0.3878525495529175,-0.8224108815193176,-0.09597300738096237,-0.3217567205429077,-0.015549477189779282,-0.9418175220489502
1578998510.8847737,world,-0.33011195063591003,-0.38816550374031067,-0.824118971824646,-0.09543812274932861,-0.32216256856918335,-0.01562662422657013,-0.9417317509651184
1578998510.8847954,world,-0.32918113470077515,-0.3884652853012085,-0.825736939907074,-0.09547191858291626,-0.3223446309566498,-0.01527049858123064,-0.9416719079017639
1578998510.8942704,world,-0.3283407986164093,-0.38877037167549133,-0.8274480104446411,-0.09515418857336044,-0.32283586263656616,-0.01518742460757494,-0.9415371417999268
1578998510.9246516,world,-0.32749566435813904,-0.38905656337738037,-0.8290238380432129,-0.09505555778741837,-0.32300257682800293,-0.01485587190836668,-0.9414952397346497
1578998510.933797,world,-0.3264598548412323,-0.38940995931625366,-0.830497682094574,-0.09442409873008728,-0.3230486214160919,-0.01467982865869999,-0.9415457248687744
1578998510.933841,world,-0.32581251859664917,-0.38970130681991577,-0.8324576020240784,-0.09423074126243591,-0.3234671354293823,-0.014348943717777729,-0.9414264559745789
1578998510.9339056,world,-0.32486873865127563,-0.3899322748184204,-0.8340640068054199,-0.09355257451534271,-0.3240085244178772,-0.014493469148874283,-0.9413057565689087
1578998510.9557378,world,-0.32394739985466003,-0.39017173647880554,-0.8356449007987976,-0.09353383630514145,-0.3237123191356659,-0.01406758651137352,-0.9414159655570984
1578998510.9557443,world,-0.3229948580265045,-0.39037981629371643,-0.8372989296913147,-0.09287884086370468,-0.32438844442367554,-0.014062387868762016,-0.9412481188774109
1578998510.9645472,world,-0.32208260893821716,-0.39061641693115234,-0.8390092849731445,-0.09276753664016724,-0.32394587993621826,-0.013892279006540775,-0.9414139986038208
1578998510.964574,world,-0.3211720585823059,-0.39087191224098206,-0.8407451510429382,-0.09266141802072525,-0.32466304302215576,-0.013424579054117203,-0.9411841630935669
1578998510.9645796,world,-0.32045605778694153,-0.39105355739593506,-0.8427243232727051,-0.0922066867351532,-0.32469019293785095,-0.013309905305504799,-0.9412209987640381
1578998510.9840868,world,-0.3192737102508545,-0.39123886823654175,-0.8441343307495117,-0.09216069430112839,-0.3247218132019043,-0.012948465533554554,-0.9412197470664978
1578998510.9841373,world,-0.3183795213699341,-0.39144930243492126,-0.8459036350250244,-0.09177323430776596,-0.32533910870552063,-0.012706136330962181,-0.941047728061676
1578998510.9943893,world,-0.31734055280685425,-0.3916863799095154,-0.847429096698761,-0.09103953093290329,-0.3249538242816925,-0.012880021706223488,-0.941249668598175
1578998511.0050101,world,-0.31655552983283997,-0.3919438123703003,-0.8494272232055664,-0.090567946434021,-0.3261446952819824,-0.012604852207005024,-0.9408869743347168
1578998511.0051138,world,-0.31543174386024475,-0.39213135838508606,-0.851051926612854,-0.09025172889232635,-0.3255046308040619,-0.012623172253370285,-0.9411386847496033
1578998511.024375,world,-0.314476877450943,-0.39232465624809265,-0.8528823256492615,-0.0901535302400589,-0.32635498046875,-0.012263759970664978,-0.9408584237098694
1578998511.024411,world,-0.31324702501296997,-0.3925190567970276,-0.8543806076049805,-0.09020457416772842,-0.3261329233646393,-0.01183208916336298,-0.9409360289573669
1578998511.0442994,world,-0.31232503056526184,-0.3927144706249237,-0.8562119603157043,-0.08968852460384369,-0.32672011852264404,-0.011813967488706112,-0.9407818913459778
1578998511.0443084,world,-0.31120848655700684,-0.3929602801799774,-0.8579680919647217,-0.08907144516706467,-0.32733166217803955,-0.0117905018851161,-0.9406281113624573
1578998511.0542195,world,-0.31007474660873413,-0.3930914103984833,-0.8596546053886414,-0.08961860835552216,-0.32728323340415955,-0.010945797897875309,-0.9406031966209412
1578998511.0645142,world,-0.30900007486343384,-0.393291175365448,-0.8613324761390686,-0.08876708149909973,-0.3276660144329071,-0.0113022206351161,-0.9405465126037598
1578998511.0749896,world,-0.3077180087566376,-0.393404483795166,-0.8629159927368164,-0.08873319625854492,-0.32782214879989624,-0.010986175388097763,-0.9404990673065186
1578998511.0750093,world,-0.3065616488456726,-0.39354243874549866,-0.8646542429924011,-0.08864235877990723,-0.32826584577560425,-0.010547691024839878,-0.9403578042984009
1578998511.0842273,world,-0.3052801191806793,-0.3937242329120636,-0.8662673830986023,-0.08812771737575531,-0.32810741662979126,-0.010709290392696857,-0.9404596090316772
1578998511.0943904,world,-0.3040875196456909,-0.3938405513763428,-0.868008017539978,-0.08808562159538269,-0.3288533091545105,-0.010427962057292461,-0.9402062296867371
1578998511.1048138,world,-0.3027793765068054,-0.3940030634403229,-0.8696325421333313,-0.0882185772061348,-0.3288268446922302,-0.009962311014533043,-0.9402080774307251
1578998511.1142032,world,-0.3016492426395416,-0.39412733912467957,-0.8715108036994934,-0.08773200958967209,-0.329323947429657,-0.010097368620336056,-0.9400781393051147
1578998511.1248913,world,-0.30014148354530334,-0.3946914076805115,-0.8730273246765137,-0.08527831733226776,-0.3293483853340149,-0.010107445530593395,-0.9402952790260315
1578998511.1249206,world,-0.2988665699958801,-0.39481985569000244,-0.8747423887252808,-0.08551890403032303,-0.3297147750854492,-0.009496837854385376,-0.9401513338088989
1578998511.1340728,world,-0.29753297567367554,-0.39502283930778503,-0.8765662908554077,-0.08538391441106796,-0.3300473690032959,-0.008985056541860104,-0.9400519132614136
1578998511.1544733,world,-0.29608672857284546,-0.3951490819454193,-0.8781656622886658,-0.08475523442029953,-0.32990163564682007,-0.009193812496960163,-0.940157949924469
1578998511.1650207,world,-0.2947884202003479,-0.3948706090450287,-0.8799609541893005,-0.08730815351009369,-0.33057817816734314,-0.008335038088262081,-0.9396946430206299
1578998511.1650333,world,-0.29350823163986206,-0.3950081765651703,-0.8817788362503052,-0.08706405758857727,-0.3311057984828949,-0.008029033429920673,-0.9395341873168945
1578998511.1839585,world,-0.291906476020813,-0.3950720727443695,-0.8832403421401978,-0.0871615782380104,-0.3311253786087036,-0.007643135264515877,-0.9395214319229126
1578998511.18397,world,-0.29059380292892456,-0.3951253890991211,-0.8850696682929993,-0.08672133833169937,-0.3319060206413269,-0.0073031154461205006,-0.939289391040802
1578998511.1942801,world,-0.2890934944152832,-0.3951772153377533,-0.8866817951202393,-0.0862964615225792,-0.3315168023109436,-0.007174236234277487,-0.9394670128822327
1578998511.2053256,world,-0.287613183259964,-0.3955990672111511,-0.8883394598960876,-0.08437523245811462,-0.33138418197631836,-0.006563299801200628,-0.9396927356719971
1578998511.21429,world,-0.28609946370124817,-0.39527174830436707,-0.8899784684181213,-0.08647888153791428,-0.3318778872489929,-0.005860405042767525,-0.9393318295478821
1578998511.2143114,world,-0.28449171781539917,-0.39533883333206177,-0.891563892364502,-0.08650285750627518,-0.3318626582622528,-0.00532825943082571,-0.9393380880355835
1578998511.2245278,world,-0.2827789783477783,-0.39581963419914246,-0.8930750489234924,-0.08427351713180542,-0.33165398240089417,-0.0048013669438660145,-0.9396172761917114
1578998511.2441084,world,-0.28125402331352234,-0.39584556221961975,-0.8947416543960571,-0.084291011095047,-0.33077532052993774,-0.0043298061937093735,-0.9399276375770569
1578998511.2441285,world,-0.279805988073349,-0.3955284059047699,-0.8965217471122742,-0.08641817420721054,-0.3312138617038727,-0.0037253962364047766,-0.9395825862884521
1578998511.2441366,world,-0.27812519669532776,-0.39591801166534424,-0.8980148434638977,-0.08393820375204086,-0.33078068494796753,-0.003548818174749613,-0.9399605989456177
1578998511.2547598,world,-0.2764691114425659,-0.39594143629074097,-0.8995527625083923,-0.08423607796430588,-0.33010202646255493,-0.0029749786481261253,-0.9401745796203613
1578998511.2640262,world,-0.27480629086494446,-0.39597269892692566,-0.9011098146438599,-0.0842609703540802,-0.32989805936813354,-0.0025650914758443832,-0.9402451515197754
1578998511.274337,world,-0.2734069526195526,-0.3956907093524933,-0.9030011892318726,-0.08614955097436905,-0.32981982827186584,-0.002126429695636034,-0.9401024580001831
1578998511.274357,world,-0.2717050313949585,-0.39605337381362915,-0.9044907689094543,-0.08424210548400879,-0.32889220118522644,-0.0016489989357069135,-0.9406011700630188
1578998511.2844934,world,-0.2700614929199219,-0.3960871696472168,-0.9060587882995605,-0.08424544334411621,-0.328658789396286,-0.0012159558245912194,-0.940683126449585
1578998511.2983642,world,-0.26840510964393616,-0.39612746238708496,-0.9076100587844849,-0.08431123942136765,-0.3284604847431183,-0.000610502902418375,-0.9407470226287842
1578998511.3050816,world,-0.2669318914413452,-0.3958231508731842,-0.9094151854515076,-0.08560356497764587,-0.3281380832195282,-0.000490907987114042,-0.9407429695129395
1578998511.3141983,world,-0.2653171420097351,-0.3961467444896698,-0.9110435843467712,-0.08344689011573792,-0.32712650299072266,-9.969385428121313e-05,-0.941288948059082
1578998511.3264656,world,-0.26368558406829834,-0.39617007970809937,-0.9126627445220947,-0.083564393222332,-0.32675179839134216,0.000476539833471179,-0.941408634185791
1578998511.3443775,world,-0.26208245754241943,-0.3961831033229828,-0.9143860936164856,-0.08315742015838623,-0.32579007744789124,0.00044340488966554403,-0.9417778849601746
1578998511.3444066,world,-0.26037684082984924,-0.396138995885849,-0.9158147573471069,-0.08335668593645096,-0.324866384267807,0.0009050233638845384,-0.9420789480209351
1578998511.344411,world,-0.2588198781013489,-0.3960898518562317,-0.9174412488937378,-0.0827753096818924,-0.324545294046402,0.0007599644595757127,-0.9422409534454346
1578998511.3552322,world,-0.2572474479675293,-0.3960399925708771,-0.9190024137496948,-0.08282721042633057,-0.3239869773387909,0.0012502986937761307,-0.9424280524253845
1578998511.3563118,world,-0.25564056634902954,-0.3958714008331299,-0.9204666018486023,-0.0823449045419693,-0.32286614179611206,0.0011551599018275738,-0.9428549408912659
1578998511.3743892,world,-0.25404125452041626,-0.3954012989997864,-0.9219732880592346,-0.08468654751777649,-0.32256683707237244,0.00158008374273777,-0.9427493214607239
1578998511.3851633,world,-0.25246670842170715,-0.39573267102241516,-0.923516571521759,-0.0821986272931099,-0.3221733570098877,0.0015257305931299925,-0.9431041479110718
1578998511.385184,world,-0.2511017918586731,-0.39527252316474915,-0.9253082275390625,-0.08421154320240021,-0.3215567171573639,0.0017105923034250736,-0.9431367516517639
1578998511.3944988,world,-0.24919521808624268,-0.3954703211784363,-0.9264783263206482,-0.08207390457391739,-0.32013025879859924,0.0017597832484170794,-0.9438100457191467
1578998511.4048214,world,-0.24773116409778595,-0.3953007459640503,-0.9281066656112671,-0.08210327476263046,-0.3195405900478363,0.0021565386559814215,-0.9440065026283264
1578998511.415286,world,-0.24623221158981323,-0.39514732360839844,-0.9296446442604065,-0.0814572125673294,-0.3187781870365143,0.0017280608881264925,-0.9443210363388062
1578998511.4238942,world,-0.24461577832698822,-0.3949395418167114,-0.9310182332992554,-0.08126924932003021,-0.3183235824108124,0.0017105101142078638,-0.9444906115531921
1578998511.4239068,world,-0.24317346513271332,-0.39469748735427856,-0.932630181312561,-0.08160776644945145,-0.3177098035812378,0.0021798214875161648,-0.9446671009063721
1578998511.4342132,world,-0.2417803257703781,-0.3941272795200348,-0.9342285394668579,-0.083124540746212,-0.3173340857028961,0.0020314212888479233,-0.9446614980697632
1578998511.4542496,world,-0.23995308578014374,-0.3942011892795563,-0.9352970719337463,-0.0806545838713646,-0.31619736552238464,0.001676906947977841,-0.9452573657035828
1578998511.454274,world,-0.2385004758834839,-0.393973708152771,-0.9368034601211548,-0.08072555065155029,-0.31516480445861816,0.0016563464887440205,-0.9455960988998413
1578998511.4644325,world,-0.2371947318315506,-0.39343827962875366,-0.9385119676589966,-0.08236870914697647,-0.31532275676727295,0.0019613418262451887,-0.945401132106781
1578998511.4819064,world,-0.23540717363357544,-0.3933873176574707,-0.9396083950996399,-0.08083344995975494,-0.3141731917858124,0.0017416358459740877,-0.9459166526794434
1578998511.4819229,world,-0.23411399126052856,-0.3930211365222931,-0.9412712454795837,-0.0805056169629097,-0.31336912512779236,0.0013105988036841154,-0.9462119340896606
1578998511.481929,world,-0.23250137269496918,-0.39258265495300293,-0.9425228834152222,-0.08022985607385635,-0.3127622902393341,0.001176940742880106,-0.9464362263679504
1578998511.504402,world,-0.23123684525489807,-0.39188361167907715,-0.9441542029380798,-0.08163592219352722,-0.3125149607658386,0.0008741196943446994,-0.9463980793952942
1578998511.5044134,world,-0.22995051741600037,-0.3914342522621155,-0.9457479119300842,-0.08240385353565216,-0.3121883273124695,0.0011493628844618797,-0.9464389681816101
1578998511.5148041,world,-0.2282155603170395,-0.39129918813705444,-0.9467629194259644,-0.07943277806043625,-0.3108363151550293,1.6164374756044708e-05,-0.9471385478973389
1578998511.5148845,world,-0.22698940336704254,-0.3904155194759369,-0.9484565854072571,-0.08163975179195404,-0.31034600734710693,4.8893594794208184e-05,-0.9471116065979004
1578998511.524202,world,-0.2254314422607422,-0.3902779519557953,-0.949669361114502,-0.079312264919281,-0.3095341622829437,-0.0002348251291550696,-0.9475749135017395
1578998511.5344203,world,-0.22427141666412354,-0.389517605304718,-0.9513728022575378,-0.07991453260183334,-0.30936330556869507,-0.0012417532270774245,-0.9475792646408081
1578998511.5461142,world,-0.22280046343803406,-0.38926199078559875,-0.9527412056922913,-0.07800289988517761,-0.3079421818256378,-0.0014632776146754622,-0.9482009410858154
1578998511.5544019,world,-0.22130388021469116,-0.3887181580066681,-0.9540208578109741,-0.07780824601650238,-0.3067200481891632,-0.001827796921133995,-0.9486123323440552
1578998511.5699124,world,-0.2201378047466278,-0.38780930638313293,-0.9557254314422607,-0.07940708100795746,-0.30634960532188416,-0.002053801901638508,-0.948599100112915
1578998511.5741115,world,-0.21874085068702698,-0.38723230361938477,-0.9571189284324646,-0.07857060432434082,-0.3048853874206543,-0.0025495202280580997,-0.9491391777992249
1578998511.5947359,world,-0.217228502035141,-0.3866777718067169,-0.9582376480102539,-0.07859855145215988,-0.30340003967285156,-0.002404341474175453,-0.949613094329834
1578998511.5947478,world,-0.2160360962152481,-0.38580015301704407,-0.9598780274391174,-0.07783189415931702,-0.3024802803993225,-0.0031921302434056997,-0.9499672651290894
1578998511.5947618,world,-0.21462313830852509,-0.3851669132709503,-0.9612295031547546,-0.07770233601331711,-0.30057114362716675,-0.003292998531833291,-0.9505833387374878
1578998511.604407,world,-0.21316081285476685,-0.3844234049320221,-0.9624307155609131,-0.07740376889705658,-0.2991999089717865,-0.0030589208472520113,-0.9510409235954285
1578998511.6146536,world,-0.21164686977863312,-0.3834405541419983,-0.9636492133140564,-0.07748744636774063,-0.2970276474952698,-0.003515738993883133,-0.9517131447792053
1578998511.62398,world,-0.210474893450737,-0.38263267278671265,-0.9653114676475525,-0.07679874449968338,-0.29651495814323425,-0.0034626175183802843,-0.9519290924072266
1578998511.6239884,world,-0.209087535738945,-0.38175737857818604,-0.9665542840957642,-0.07662606984376907,-0.2945905923843384,-0.003208197420462966,-0.9525411128997803
1578998511.63566,world,-0.2076183706521988,-0.3805471658706665,-0.967710554599762,-0.07700471580028534,-0.2926214039325714,-0.0030363774858415127,-0.9531179666519165
1578998511.644117,world,-0.206109881401062,-0.37955886125564575,-0.968809187412262,-0.07681285589933395,-0.2911011278629303,-0.0027995614800602198,-0.9535995721817017
1578998511.6545372,world,-0.20460262894630432,-0.3783283829689026,-0.9699298739433289,-0.0773521438241005,-0.289563924074173,-0.002282882109284401,-0.9540252685546875
1578998511.6545606,world,-0.20333781838417053,-0.37727946043014526,-0.9714024066925049,-0.076988086104393,-0.28888070583343506,-0.0020748607348650694,-0.9542622566223145
1578998511.6745136,world,-0.20193320512771606,-0.37592872977256775,-0.9726876616477966,-0.07806660979986191,-0.2875767946243286,-0.001101959147490561,-0.9545700550079346
1578998511.6745763,world,-0.20047177374362946,-0.3746936321258545,-0.9737697243690491,-0.07742584496736526,-0.2859586477279663,-0.0009081570315174758,-0.9551084041595459
1578998511.6949801,world,-0.198972687125206,-0.3733082413673401,-0.974738597869873,-0.07832693308591843,-0.28467488288879395,-0.00017176626715809107,-0.9554188847541809
1578998511.6954663,world,-0.19780999422073364,-0.3720494508743286,-0.9762118458747864,-0.07784993946552277,-0.28394418954849243,0.00036113869282417,-0.9556751251220703
1578998511.7045584,world,-0.19628365337848663,-0.37070533633232117,-0.9771466851234436,-0.07682905346155167,-0.28267762064933777,0.0006113376002758741,-0.9561329483985901
1578998511.714922,world,-0.19504867494106293,-0.3691491186618805,-0.9784073829650879,-0.07830260694026947,-0.2813708484172821,0.001892432221211493,-0.9563972353935242
1578998511.7249653,world,-0.1936780959367752,-0.3676607012748718,-0.9795063138008118,-0.0786544531583786,-0.28106197714805603,0.002608740236610174,-0.9564574956893921
1578998511.7249887,world,-0.19244371354579926,-0.36629727482795715,-0.9807766079902649,-0.07851134240627289,-0.27983349561691284,0.0033723488450050354,-0.9568270444869995
1578998511.7341952,world,-0.19098450243473053,-0.364558607339859,-0.9815584421157837,-0.07937711477279663,-0.27847373485565186,0.004276663530617952,-0.9571486115455627
1578998511.7444646,world,-0.19001871347427368,-0.363105833530426,-0.9829939007759094,-0.078802689909935,-0.27850890159606934,0.005160321481525898,-0.9571815133094788
1578998511.7548351,world,-0.1886819452047348,-0.3613622486591339,-0.9839401245117188,-0.0792391449213028,-0.2774832546710968,0.005959336180239916,-0.9574386477470398
1578998511.7650883,world,-0.18735845386981964,-0.3596187233924866,-0.9849218726158142,-0.08022542297840118,-0.27666419744491577,0.007195889949798584,-0.9575850367546082
1578998511.7651277,world,-0.18642780184745789,-0.3579976558685303,-0.986233115196228,-0.0793805792927742,-0.2765690088272095,0.007743380963802338,-0.9576786756515503
1578998511.7745295,world,-0.18547187745571136,-0.3561455309391022,-0.9873929023742676,-0.0798686072230339,-0.2759974002838135,0.008296395651996136,-0.9577983617782593
1578998511.7845228,world,-0.18445558845996857,-0.354361355304718,-0.9883859157562256,-0.07987295091152191,-0.2759363353252411,0.00887053832411766,-0.9578104019165039
1578998511.7942023,world,-0.1835165023803711,-0.3526245951652527,-0.9895225763320923,-0.07951769977807999,-0.27531319856643677,0.009388601407408714,-0.9580143690109253
1578998511.805094,world,-0.18277427554130554,-0.35077378153800964,-0.9907291531562805,-0.08016560971736908,-0.2756415009498596,0.010201141238212585,-0.9578576683998108
1578998511.8141627,world,-0.1817156821489334,-0.34929993748664856,-0.9913033246994019,-0.07709956914186478,-0.2747686207294464,0.009881023317575455,-0.9583633542060852
1578998511.8240416,world,-0.18094994127750397,-0.34709352254867554,-0.9925022721290588,-0.07986171543598175,-0.275107204914093,0.011069294065237045,-0.9580269455909729
1578998511.8240693,world,-0.18039792776107788,-0.34521108865737915,-0.9935745000839233,-0.07962439954280853,-0.27523598074913025,0.011127209290862083,-0.9580091238021851
1578998511.8342705,world,-0.17971155047416687,-0.34341123700141907,-0.9947142601013184,-0.07942408323287964,-0.2749903202056885,0.01137892622500658,-0.9580932855606079
1578998511.844955,world,-0.17876940965652466,-0.3418348431587219,-0.99528968334198,-0.07674005627632141,-0.2746604382991791,0.011065498925745487,-0.9584102034568787
1578998511.8539162,world,-0.17817290127277374,-0.3399069905281067,-0.9962746500968933,-0.07717964053153992,-0.27440914511680603,0.01168761681765318,-0.9584395885467529
1578998511.864264,world,-0.17794200778007507,-0.33758482336997986,-0.9977234601974487,-0.07933500409126282,-0.2750427722930908,0.012058296240866184,-0.9580773711204529
1578998511.8642783,world,-0.17723923921585083,-0.3356214761734009,-0.9983062148094177,-0.07855754345655441,-0.27486157417297363,0.011797970160841942,-0.9581965804100037
1578998511.8744657,world,-0.1764984428882599,-0.33391547203063965,-0.998863160610199,-0.07644590735435486,-0.27426257729530334,0.011801321059465408,-0.9585388898849487
1578998511.885102,world,-0.17602963745594025,-0.3319290578365326,-0.9997214078903198,-0.07616813480854034,-0.2738642692565918,0.011747673153877258,-0.9586756229400635
1578998511.8942435,world,-0.17567196488380432,-0.3299277126789093,-1.0005453824996948,-0.07643932849168777,-0.2739476263523102,0.012145965360105038,-0.9586251378059387
1578998511.9045014,world,-0.17526155710220337,-0.327898234128952,-1.0014214515686035,-0.07605767995119095,-0.27409791946411133,0.011906021274626255,-0.9586156010627747
1578998511.9241962,world,-0.17487050592899323,-0.3254455029964447,-1.0020004510879517,-0.07845659554004669,-0.2745559513568878,0.012400518171489239,-0.958284854888916
1578998511.924217,world,-0.1738981008529663,-0.32160043716430664,-1.0030419826507568,-0.07652559876441956,-0.27350980043411255,0.012130694463849068,-0.9587435126304626
1578998511.9344234,world,-0.17368631064891815,-0.3194827139377594,-1.003706693649292,-0.07615849375724792,-0.2735968828201294,0.012054000049829483,-0.9587489366531372
1578998511.947727,world,-0.17345650494098663,-0.31734687089920044,-1.0043518543243408,-0.07623607665300369,-0.2735690772533417,0.012212637811899185,-0.9587486386299133
1578998511.9543982,world,-0.1731555461883545,-0.31523817777633667,-1.0048915147781372,-0.07626403868198395,-0.27352604269981384,0.01241125725209713,-0.9587560892105103
1578998511.964715,world,-0.17300595343112946,-0.3130883276462555,-1.0054919719696045,-0.07665689289569855,-0.27324873208999634,0.012521021999418736,-0.9588024020195007
1578998511.9751513,world,-0.1727454662322998,-0.31094104051589966,-1.0058343410491943,-0.07668958604335785,-0.27272137999534607,0.0125112971290946,-0.9589501023292542
1578998511.9751906,world,-0.17259488999843597,-0.30875682830810547,-1.0062816143035889,-0.07677623629570007,-0.27218374609947205,0.01250091940164566,-0.9590960741043091
1578998511.9838598,world,-0.1724897176027298,-0.30658602714538574,-1.006906270980835,-0.07676733285188675,-0.27174052596092224,0.012519003823399544,-0.959222137928009
1578998511.9942236,world,-0.1722886860370636,-0.3043765723705292,-1.0072020292282104,-0.07681851834058762,-0.27104905247688293,0.012536818161606789,-0.9594135284423828
1578998512.0044768,world,-0.17219112813472748,-0.30218252539634705,-1.007541537284851,-0.07623635977506638,-0.2704697847366333,0.012198925949633121,-0.9596277475357056
1578998512.014923,world,-0.17215654253959656,-0.2999393939971924,-1.0079814195632935,-0.07614978402853012,-0.26994776725769043,0.01217612810432911,-0.9597818851470947
1578998512.0149412,world,-0.1720561981201172,-0.29775360226631165,-1.0082169771194458,-0.07634110748767853,-0.2690819799900055,0.012336463667452335,-0.9600077271461487
1578998512.034244,world,-0.17203176021575928,-0.2954835891723633,-1.0085419416427612,-0.07614711672067642,-0.2683379352092743,0.012389765121042728,-0.9602306485176086
1578998512.034261,world,-0.17196907103061676,-0.29324448108673096,-1.0087214708328247,-0.07598280161619186,-0.2675107717514038,0.012449903413653374,-0.9604736566543579
1578998512.0541775,world,-0.17198003828525543,-0.290958434343338,-1.0089291334152222,-0.07602385431528091,-0.2668244242668152,0.012663057073950768,-0.9606584906578064
1578998512.0541952,world,-0.17198823392391205,-0.2886731028556824,-1.0090880393981934,-0.07604388147592545,-0.26607492566108704,0.012856538407504559,-0.9608622789382935
1578998512.0645492,world,-0.1720355898141861,-0.28634241223335266,-1.0092812776565552,-0.07619749754667282,-0.26524674892425537,0.013279075734317303,-0.9610733389854431
1578998512.0645683,world,-0.17207367718219757,-0.2840130627155304,-1.0094071626663208,-0.0763150006532669,-0.26439762115478516,0.01353923138231039,-0.9612942934036255
1578998512.0754583,world,-0.17211630940437317,-0.28173914551734924,-1.009575605392456,-0.07588449865579605,-0.26339951157569885,0.013611526228487492,-0.9616013169288635
1578998512.0845726,world,-0.17222340404987335,-0.2793876528739929,-1.0096713304519653,-0.07644850015640259,-0.26233336329460144,0.014317754656076431,-0.9618378281593323
1578998512.0940895,world,-0.17238031327724457,-0.27702412009239197,-1.0098992586135864,-0.07613934576511383,-0.2611933946609497,0.014253487810492516,-0.9621734023094177
1578998512.1052382,world,-0.1724713295698166,-0.2746489346027374,-1.0099653005599976,-0.07615747302770615,-0.2604193389415741,0.014536161907017231,-0.9623776078224182
1578998512.114197,world,-0.1725449413061142,-0.27223238348960876,-1.0099890232086182,-0.07578449696302414,-0.2596125602722168,0.014756079763174057,-0.9626216292381287
1578998512.1244893,world,-0.17262300848960876,-0.2698385417461395,-1.009994626045227,-0.07581859081983566,-0.25886180996894836,0.015129951760172844,-0.9628152251243591
1578998512.1245046,world,-0.1726800948381424,-0.26738637685775757,-1.0098916292190552,-0.07642172276973724,-0.25765174627304077,0.015822580084204674,-0.9630810022354126
1578998512.1441922,world,-0.1727059781551361,-0.2650398910045624,-1.0097434520721436,-0.0762374997138977,-0.25680482387542725,0.016149818897247314,-0.9633163809776306
1578998512.144204,world,-0.17277362942695618,-0.2626539468765259,-1.0096933841705322,-0.07640641927719116,-0.2561545968055725,0.016550034284591675,-0.9634693264961243
1578998512.1545603,world,-0.17287269234657288,-0.2602989673614502,-1.0096567869186401,-0.0767856314778328,-0.2554130554199219,0.017440540716052055,-0.9636203050613403
1578998512.1546054,world,-0.1730688512325287,-0.25791114568710327,-1.009734869003296,-0.07630891352891922,-0.2544650137424469,0.017411887645721436,-0.963909387588501
1578998512.167145,world,-0.1732649803161621,-0.25556817650794983,-1.0097904205322266,-0.07648764550685883,-0.2535310685634613,0.017945468425750732,-0.9641315340995789
1578998512.1748676,world,-0.17337696254253387,-0.25319987535476685,-1.009677529335022,-0.07615332305431366,-0.25287923216819763,0.018234284594655037,-0.9643238186836243
1578998512.1841385,world,-0.17355798184871674,-0.25090667605400085,-1.009692907333374,-0.07575489580631256,-0.2523914873600006,0.018549956381320953,-0.9644769430160522
1578998512.1951358,world,-0.17372050881385803,-0.2485673725605011,-1.009656310081482,-0.07586273550987244,-0.2519284188747406,0.01919104903936386,-0.9645770192146301
1578998512.2048514,world,-0.17386406660079956,-0.2462320625782013,-1.0095138549804688,-0.07554963231086731,-0.25120997428894043,0.019519267603754997,-0.9647822976112366
1578998512.204955,world,-0.17401069402694702,-0.24394597113132477,-1.009390950202942,-0.07617329061031342,-0.2505256235599518,0.020476654171943665,-0.9648913145065308
1578998512.2246246,world,-0.1740988940000534,-0.24159149825572968,-1.0090771913528442,-0.07627615332603455,-0.25004875659942627,0.02094944380223751,-0.9649967551231384
1578998512.224632,world,-0.17422378063201904,-0.2393435537815094,-1.0088982582092285,-0.07638532668352127,-0.24977260828018188,0.021533450111746788,-0.965046763420105
1578998512.234767,world,-0.17439977824687958,-0.23702441155910492,-1.0087471008300781,-0.07613682746887207,-0.24930109083652496,0.021774297580122948,-0.965182900428772
1578998512.2446804,world,-0.1745428889989853,-0.23472121357917786,-1.0084744691848755,-0.07617858052253723,-0.24900782108306885,0.02223215065896511,-0.9652449488639832
1578998512.2539299,world,-0.1747051626443863,-0.23242999613285065,-1.0081857442855835,-0.0764702782034874,-0.24847011268138885,0.022930562496185303,-0.9653441309928894
1578998512.2539914,world,-0.17489312589168549,-0.23029673099517822,-1.0079864263534546,-0.07666724175214767,-0.24818155169487,0.02354206144809723,-0.9653879404067993
1578998512.2641351,world,-0.1750272661447525,-0.2280678153038025,-1.0077217817306519,-0.07683274894952774,-0.24783433973789215,0.02393650822341442,-0.9654543399810791
1578998512.2743917,world,-0.17516706883907318,-0.225864440202713,-1.0074471235275269,-0.07698255777359009,-0.24752113223075867,0.024280650541186333,-0.965514063835144
1578998512.2853744,world,-0.17531388998031616,-0.22369177639484406,-1.0070585012435913,-0.0772753581404686,-0.24723170697689056,0.024711523205041885,-0.9655539989471436
1578998512.2949054,world,-0.17545711994171143,-0.22152972221374512,-1.0063016414642334,-0.0766349509358406,-0.2464718520641327,0.0246238112449646,-0.965801477432251
1578998512.2949235,world,-0.17580851912498474,-0.21945904195308685,-1.0061110258102417,-0.07718931138515472,-0.24641701579093933,0.02543451078236103,-0.9657502770423889
1578998512.3144963,world,-0.17597119510173798,-0.21737268567085266,-1.0057721138000488,-0.07758400589227676,-0.24659492075443268,0.025829194113612175,-0.9656628370285034
1578998512.314512,world,-0.17625275254249573,-0.21533288061618805,-1.0055986642837524,-0.0771464928984642,-0.2466583400964737,0.02585749141871929,-0.9656808972358704
1578998512.3244205,world,-0.17667008936405182,-0.2132798433303833,-1.005541443824768,-0.07668876647949219,-0.24663792550563812,0.02583218738436699,-0.9657231569290161
1578998512.3346841,world,-0.17683175206184387,-0.21131104230880737,-1.004868745803833,-0.07678137719631195,-0.2463669627904892,0.026374945417046547,-0.965770423412323
1578998512.3442056,world,-0.1770649403333664,-0.2093052864074707,-1.0045231580734253,-0.0765814408659935,-0.24650008976459503,0.026506368070840836,-0.9657487273216248
1578998512.3547292,world,-0.17739194631576538,-0.20731744170188904,-1.0042320489883423,-0.07612103223800659,-0.2469850778579712,0.026477068662643433,-0.9656620025634766
1578998512.3547397,world,-0.17766427993774414,-0.20533870160579681,-1.0039348602294922,-0.0761418268084526,-0.24707132577896118,0.026663223281502724,-0.9656330943107605
1578998512.3652883,world,-0.17794835567474365,-0.2035323977470398,-1.0036652088165283,-0.0761241465806961,-0.24670208990573883,0.026799282059073448,-0.9657251238822937
1578998512.386928,world,-0.1783629059791565,-0.2015514075756073,-1.0033979415893555,-0.07553473114967346,-0.247333362698555,0.026731571182608604,-0.9656118154525757
1578998512.3870232,world,-0.17881208658218384,-0.1996428519487381,-1.0030276775360107,-0.0754157230257988,-0.2483910471200943,0.02678096666932106,-0.9653483033180237
1578998512.3955126,world,-0.1792341023683548,-0.19777615368366241,-1.0028215646743774,-0.07468362897634506,-0.24848048388957977,0.026498526334762573,-0.9653899073600769
1578998512.4043512,world,-0.1795446276664734,-0.19600380957126617,-1.0025297403335571,-0.07424674183130264,-0.24881984293460846,0.02634107880294323,-0.9653405547142029
1578998512.4142,world,-0.17992620170116425,-0.19415196776390076,-1.0021883249282837,-0.07332032173871994,-0.24904900789260864,0.026014667004346848,-0.9653610587120056
1578998512.4251754,world,-0.18039745092391968,-0.19235938787460327,-1.0019636154174805,-0.07273058593273163,-0.24966208636760712,0.02569183148443699,-0.9652559757232666
1578998512.4251914,world,-0.1807391345500946,-0.19045208394527435,-1.001530647277832,-0.07213672250509262,-0.2498510479927063,0.02542227879166603,-0.9652588367462158
1578998512.4341502,world,-0.1813148707151413,-0.18872857093811035,-1.00162935256958,-0.07180197536945343,-0.25002098083496094,0.025867486372590065,-0.9652279615402222
1578998512.4446032,world,-0.1817914992570877,-0.18692094087600708,-1.0014199018478394,-0.07150023430585861,-0.24999456107616425,0.02572029083967209,-0.9652611017227173
1578998512.4552655,world,-0.18212124705314636,-0.1849265843629837,-1.0006870031356812,-0.0716543197631836,-0.2504543364048004,0.025732429698109627,-0.9651301503181458
1578998512.4644606,world,-0.18260113894939423,-0.18325094878673553,-1.0002981424331665,-0.0702308788895607,-0.2509321868419647,0.025513160973787308,-0.9651165008544922
1578998512.4644816,world,-0.18307623267173767,-0.18132972717285156,-1.000079870223999,-0.0712965577840805,-0.25155168771743774,0.02565186098217964,-0.9648734331130981
1578998512.4749875,world,-0.18332220613956451,-0.17969271540641785,-0.9998643398284912,-0.06935247778892517,-0.25086361169815063,0.025230465456843376,-0.965205192565918
1578998512.484322,world,-0.18401937186717987,-0.1779084950685501,-0.9997855424880981,-0.0686911791563034,-0.2508390247821808,0.02479802444577217,-0.9652701020240784
1578998512.4960334,world,-0.18445374071598053,-0.17608703672885895,-0.9995688199996948,-0.06900899857282639,-0.2511031925678253,0.025340670719742775,-0.9651646614074707
1578998512.4960487,world,-0.1848863661289215,-0.17427918314933777,-0.9992578029632568,-0.06816615164279938,-0.2512400150299072,0.025116130709648132,-0.9651948809623718
1578998512.5144892,world,-0.18522842228412628,-0.17246262729167938,-0.9987269639968872,-0.06818033009767532,-0.2513023316860199,0.025319918990135193,-0.965172290802002
1578998512.5255928,world,-0.18562747538089752,-0.17079336941242218,-0.9983402490615845,-0.06772132217884064,-0.251784086227417,0.025435350835323334,-0.9650760293006897
1578998512.5255976,world,-0.18615247309207916,-0.16902993619441986,-0.998250424861908,-0.06720304489135742,-0.25099825859069824,0.025428736582398415,-0.9653171300888062
1578998512.5347333,world,-0.18653692305088043,-0.1672831028699875,-0.9977874755859375,-0.06656157970428467,-0.2510021924972534,0.025197723880410194,-0.965366542339325
1578998512.5443118,world,-0.18704065680503845,-0.1656889021396637,-0.9974343180656433,-0.06742622703313828,-0.2514890432357788,0.026008164510130882,-0.9651583433151245
1578998512.556072,world,-0.18739813566207886,-0.16398625075817108,-0.9969459176063538,-0.06699378788471222,-0.2518259882926941,0.02573576010763645,-0.9651078581809998
1578998512.5648105,world,-0.18785710632801056,-0.16228486597537994,-0.9966673851013184,-0.06627350300550461,-0.25211969017982483,0.025517048314213753,-0.9650867581367493
1578998512.5648222,world,-0.18791507184505463,-0.16067442297935486,-0.9956374168395996,-0.06591761857271194,-0.2498588263988495,0.02569602243602276,-0.9656941890716553
1578998512.574661,world,-0.18838796019554138,-0.15901222825050354,-0.9954061508178711,-0.06623326241970062,-0.2500900626182556,0.02584264427423477,-0.9656087756156921
1578998512.5847754,world,-0.18882162868976593,-0.1575644314289093,-0.995137631893158,-0.06566671282052994,-0.2505233883857727,0.02577604353427887,-0.9655370116233826
1578998512.5938525,world,-0.18930095434188843,-0.15595927834510803,-0.9949327111244202,-0.06556699424982071,-0.25075170397758484,0.02620355598628521,-0.9654729962348938
1578998512.604364,world,-0.18953187763690948,-0.15425513684749603,-0.994124710559845,-0.06546885520219803,-0.2503202557563782,0.026465818285942078,-0.9655843377113342
1578998512.614572,world,-0.18981730937957764,-0.1528899371623993,-0.9938142895698547,-0.06604370474815369,-0.24953263998031616,0.027161382138729095,-0.965729832649231
1578998512.6145804,world,-0.190616175532341,-0.15125681459903717,-0.9940362572669983,-0.06587906926870346,-0.25015297532081604,0.026881935074925423,-0.965588390827179
1578998512.6249924,world,-0.19106660783290863,-0.14975662529468536,-0.9938042759895325,-0.0658993273973465,-0.2503499686717987,0.027135690674185753,-0.9655287861824036
1578998512.634323,world,-0.19127976894378662,-0.14837224781513214,-0.9930121302604675,-0.06562193483114243,-0.24980588257312775,0.026950232684612274,-0.9656938314437866
1578998512.6459043,world,-0.19175536930561066,-0.14695347845554352,-0.9929749965667725,-0.06591250002384186,-0.2493203729391098,0.027448248118162155,-0.9657854437828064
1578998512.6540978,world,-0.19214089214801788,-0.14558984339237213,-0.9928613901138306,-0.06656307727098465,-0.249126136302948,0.027765696868300438,-0.9657818675041199
1578998512.6671362,world,-0.19268080592155457,-0.14433717727661133,-0.9928272366523743,-0.06497486680746078,-0.24894924461841583,0.027002958580851555,-0.9659573435783386
1578998512.6671512,world,-0.19295699894428253,-0.14286567270755768,-0.9921236634254456,-0.06492207944393158,-0.24853232502937317,0.02710363268852234,-0.9660654067993164
1578998512.6745381,world,-0.19338324666023254,-0.14169250428676605,-0.9920286536216736,-0.06476647406816483,-0.24855351448059082,0.026920201256871223,-0.9660754799842834
1578998512.6848264,world,-0.1936289221048355,-0.1402910202741623,-0.9918324947357178,-0.06520874053239822,-0.2473943531513214,0.027607854455709457,-0.9663237929344177
1578998512.70453,world,-0.19416631758213043,-0.13906006515026093,-0.9919620752334595,-0.06506313383579254,-0.24687527120113373,0.02730059064924717,-0.9664750695228577
1578998512.7147624,world,-0.19438956677913666,-0.13778884708881378,-0.9916000366210938,-0.06477837264537811,-0.2462816685438156,0.027288781479001045,-0.9666460156440735
1578998512.714775,world,-0.19483140110969543,-0.13647432625293732,-0.991216778755188,-0.06505464762449265,-0.24631719291210175,0.027534430846571922,-0.9666114449501038
1578998512.7147806,world,-0.195164754986763,-0.1352531462907791,-0.9909640550613403,-0.06543639302253723,-0.24544641375541687,0.027630794793367386,-0.9668043851852417
1578998512.7240093,world,-0.1957176774740219,-0.13404205441474915,-0.9911027550697327,-0.06464303284883499,-0.24496257305145264,0.027134396135807037,-0.9669945240020752
1578998512.7344453,world,-0.19603419303894043,-0.13283786177635193,-0.9909366965293884,-0.06451632082462311,-0.24455319344997406,0.026776405051350594,-0.9671165943145752
1578998512.7459898,world,-0.19636331498622894,-0.1315491795539856,-0.9905279278755188,-0.0638589859008789,-0.24400348961353302,0.026545800268650055,-0.9673053622245789
1578998512.7460074,world,-0.19670459628105164,-0.130319282412529,-0.9903273582458496,-0.06469951570034027,-0.24307534098625183,0.026814423501491547,-0.9674757719039917
1578998512.7644105,world,-0.197250634431839,-0.1291218400001526,-0.9905204772949219,-0.06386575102806091,-0.24248430132865906,0.026515735313296318,-0.9676876664161682
1578998512.7644212,world,-0.1974477618932724,-0.12791791558265686,-0.9901934266090393,-0.06408185511827469,-0.24200108647346497,0.026531485840678215,-0.9677940011024475
1578998512.7746778,world,-0.19781339168548584,-0.1267084777355194,-0.9901772141456604,-0.0640190914273262,-0.24178023636341095,0.026665495708584785,-0.9678496718406677
1578998512.7840219,world,-0.19815020263195038,-0.125498965382576,-0.9897669553756714,-0.06504468619823456,-0.240845188498497,0.02707984857261181,-0.9680028557777405
1578998512.7944674,world,-0.19843824207782745,-0.12427865713834763,-0.9895051121711731,-0.06481147557497025,-0.24046039581298828,0.02728792279958725,-0.9681082963943481
1578998512.804045,world,-0.19878201186656952,-0.12308516353368759,-0.9894146919250488,-0.0647428035736084,-0.23938259482383728,0.02670128084719181,-0.9683963656425476
1578998512.8144326,world,-0.19916146993637085,-0.1219513788819313,-0.9893566370010376,-0.0641775131225586,-0.23939284682273865,0.02642820216715336,-0.9684389233589172
1578998512.8144453,world,-0.1994614452123642,-0.1207788959145546,-0.9892144799232483,-0.06435952335596085,-0.2390277087688446,0.02581850439310074,-0.968533456325531
1578998512.8248584,world,-0.19980311393737793,-0.11956179887056351,-0.9888064861297607,-0.06463576853275299,-0.23812521994113922,0.026128649711608887,-0.9687290191650391
1578998512.8342354,world,-0.2001694142818451,-0.11842337995767593,-0.9887459874153137,-0.06459720432758331,-0.23740004003047943,0.025242945179343224,-0.9689330458641052
1578998512.8445256,world,-0.20047417283058167,-0.11722792685031891,-0.988544225692749,-0.06444074213504791,-0.23715589940547943,0.025297030806541443,-0.969001829624176
1578998512.8552043,world,-0.20068727433681488,-0.11614291369915009,-0.9883585572242737,-0.06507638096809387,-0.2367718368768692,0.025213180109858513,-0.9690555334091187
1578998512.8642325,world,-0.20088309049606323,-0.11499854922294617,-0.9882935285568237,-0.06464426964521408,-0.236308291554451,0.025179531425237656,-0.96919846534729
1578998512.864244,world,-0.2012946456670761,-0.11400265991687775,-0.9882137179374695,-0.06584616750478745,-0.23584668338298798,0.025619739666581154,-0.9692184329032898
1578998512.8744767,world,-0.2013881355524063,-0.11285682022571564,-0.9878370761871338,-0.06633089482784271,-0.23528167605400085,0.02568025514483452,-0.9693211317062378
1578998512.8846054,world,-0.20169498026371002,-0.11180935055017471,-0.9877982139587402,-0.0663507729768753,-0.2348465621471405,0.02550932951271534,-0.9694297313690186
1578998512.8946373,world,-0.2017974555492401,-0.11072289943695068,-0.9874352216720581,-0.06643729656934738,-0.23460735380649567,0.025045597925782204,-0.9694938659667969
1578998512.9039397,world,-0.2020205557346344,-0.1096380352973938,-0.987239420413971,-0.06686192750930786,-0.23466216027736664,0.02528402954339981,-0.9694452285766602
1578998512.914319,world,-0.20212118327617645,-0.10859107971191406,-0.9868336915969849,-0.06687811017036438,-0.2344013750553131,0.0247272327542305,-0.9695215225219727
1578998512.9244738,world,-0.2023480236530304,-0.10759403556585312,-0.9865493774414062,-0.06721364706754684,-0.2343815416097641,0.024818599224090576,-0.9695008397102356
1578998512.9248385,world,-0.20248210430145264,-0.10662975162267685,-0.9863491654396057,-0.06700369715690613,-0.23424512147903442,0.02440548501908779,-0.9695587158203125
1578998512.9337864,world,-0.202534481883049,-0.1055915430188179,-0.9860096573829651,-0.06767820566892624,-0.23404861986637115,0.02454286254942417,-0.9695559144020081
1578998512.944204,world,-0.20270951092243195,-0.10460808873176575,-0.9858886003494263,-0.06810211390256882,-0.23332561552524567,0.0250418521463871,-0.9696877598762512
1578998512.9544396,world,-0.20275110006332397,-0.10359035432338715,-0.9856246709823608,-0.06868283450603485,-0.2332243025302887,0.025058863684535027,-0.9696706533432007
1578998512.97763,world,-0.20278635621070862,-0.10270728170871735,-0.9854705333709717,-0.0691370815038681,-0.23280443251132965,0.025544635951519012,-0.9697266221046448
1578998512.9776437,world,-0.20276612043380737,-0.10170603543519974,-0.9850377440452576,-0.06986728310585022,-0.23293116688728333,0.0260205939412117,-0.9696311354637146
1578998512.977651,world,-0.2028404325246811,-0.100773386657238,-0.9848531484603882,-0.07005830109119415,-0.23269332945346832,0.025952666997909546,-0.9696763157844543
1578998512.9837925,world,-0.20283253490924835,-0.09990301728248596,-0.984269917011261,-0.07014837861061096,-0.23262926936149597,0.026122326031327248,-0.9696806073188782
1578998512.9941134,world,-0.20283350348472595,-0.09901734441518784,-0.9838390350341797,-0.07083283364772797,-0.23271360993385315,0.02652096189558506,-0.9695998430252075
1578998513.0044563,world,-0.20309312641620636,-0.0981544479727745,-0.9838191866874695,-0.07060527056455612,-0.23227040469646454,0.025962194427847862,-0.9697378277778625
1578998513.0044732,world,-0.20303913950920105,-0.09731800109148026,-0.9833786487579346,-0.07032949477434158,-0.2321750521659851,0.02599666826426983,-0.9697797894477844
1578998513.024308,world,-0.20309467613697052,-0.09652857482433319,-0.9831960797309875,-0.07104180753231049,-0.23216408491134644,0.026262499392032623,-0.9697233438491821
1578998513.0243225,world,-0.20317162573337555,-0.09572453051805496,-0.9829782843589783,-0.07143385708332062,-0.231914684176445,0.026327205821871758,-0.9697523713111877
1578998513.034609,world,-0.20310217142105103,-0.09490213543176651,-0.9826544523239136,-0.07145383208990097,-0.2319384217262268,0.026625914499163628,-0.96973717212677
1578998513.0448804,world,-0.2030579000711441,-0.09414908289909363,-0.9822659492492676,-0.07234201580286026,-0.23200623691082,0.02699853852391243,-0.9696447253227234
1578998513.0541499,world,-0.20308394730091095,-0.09341073781251907,-0.9820489883422852,-0.07318895310163498,-0.2317446917295456,0.02745102345943451,-0.969631016254425
1578998513.0644155,world,-0.2030061036348343,-0.09260908514261246,-0.981723427772522,-0.07264922559261322,-0.2316836416721344,0.027379656210541725,-0.9696881771087646
1578998513.0750525,world,-0.20283202826976776,-0.09188132733106613,-0.981015682220459,-0.07463819533586502,-0.23135392367839813,0.028387833386659622,-0.9695868492126465
1578998513.0751069,world,-0.20281904935836792,-0.09120596200227737,-0.9806740283966064,-0.07528074830770493,-0.23127153515815735,0.02877063862979412,-0.9695456027984619
1578998513.0842824,world,-0.20283515751361847,-0.09051060676574707,-0.9804441928863525,-0.07571885734796524,-0.23143045604228973,0.029174063354730606,-0.9694615006446838
1578998513.0947442,world,-0.2028168886899948,-0.0898522213101387,-0.9800214767456055,-0.07553143054246902,-0.23167453706264496,0.02908899262547493,-0.9694203734397888
1578998513.1040761,world,-0.20274418592453003,-0.08928395807743073,-0.9795993566513062,-0.0763033851981163,-0.23153474926948547,0.029306499287486076,-0.9693868160247803
1578998513.1140585,world,-0.2027372270822525,-0.08871684223413467,-0.9793083071708679,-0.07667151093482971,-0.23141218721866608,0.029698139056563377,-0.9693750739097595
1578998513.1140902,world,-0.20273339748382568,-0.08812323957681656,-0.9789397120475769,-0.07732158154249191,-0.23157702386379242,0.03012528270483017,-0.9692708253860474
1578998513.1244237,world,-0.2026432752609253,-0.08756754547357559,-0.9785301089286804,-0.07776889204978943,-0.2314235121011734,0.03025992400944233,-0.9692676067352295
1578998513.1344485,world,-0.2026091068983078,-0.08706016093492508,-0.9782248735427856,-0.07803695648908615,-0.23124960064888,0.030026791617274284,-0.9692947268486023
1578998513.1543245,world,-0.20252063870429993,-0.08660692721605301,-0.9776304960250854,-0.07861099392175674,-0.23108775913715363,0.030110295861959457,-0.9692844152450562
1578998513.154456,world,-0.2024751901626587,-0.08610143512487411,-0.9772658348083496,-0.07895837724208832,-0.2308308631181717,0.03048093058168888,-0.9693057537078857
1578998513.166959,world,-0.202469140291214,-0.08557695150375366,-0.9769415259361267,-0.07971720397472382,-0.23101238906383514,0.030879048630595207,-0.9691877961158752
1578998513.1669745,world,-0.2023395597934723,-0.08506131172180176,-0.9765021800994873,-0.08012109994888306,-0.23070016503334045,0.031009113416075706,-0.9692246913909912
1578998513.1740494,world,-0.20223824679851532,-0.08464623242616653,-0.9761271476745605,-0.08025047928094864,-0.2304590940475464,0.03081344999372959,-0.9692776203155518
1578998513.1842499,world,-0.20219285786151886,-0.08427930623292923,-0.9758118391036987,-0.08063885569572449,-0.2303009331226349,0.03089834190905094,-0.9692803025245667
1578998513.1947355,world,-0.2022305428981781,-0.08382275700569153,-0.9755529165267944,-0.08131740987300873,-0.23044385015964508,0.031102869659662247,-0.969183087348938
1578998513.2048538,world,-0.20223037898540497,-0.08342792093753815,-0.9751924276351929,-0.08183306455612183,-0.2300940304994583,0.031404849141836166,-0.9692130088806152
1578998513.214349,world,-0.20210260152816772,-0.08305681496858597,-0.974627673625946,-0.08261892944574356,-0.2296472042798996,0.031564489006996155,-0.9692471623420715
1578998513.2241051,world,-0.20209451019763947,-0.0826127678155899,-0.9741878509521484,-0.08280381560325623,-0.2295880764722824,0.03130906820297241,-0.969253659248352
1578998513.2241223,world,-0.20207804441452026,-0.08224864304065704,-0.9738596677780151,-0.08298753947019577,-0.22917930781841278,0.031066136434674263,-0.9693424701690674
1578998513.234315,world,-0.20194871723651886,-0.08187639713287354,-0.973423957824707,-0.08322595804929733,-0.229128897190094,0.031001722440123558,-0.9693360924720764
1578998513.2549381,world,-0.20185762643814087,-0.08157127350568771,-0.973017156124115,-0.08381982892751694,-0.22882293164730072,0.031210485845804214,-0.9693505167961121
1578998513.2549527,world,-0.2017780989408493,-0.0812845453619957,-0.9726560711860657,-0.08423365652561188,-0.22861021757125854,0.031369566917419434,-0.9693595767021179
1578998513.2549582,world,-0.2016870230436325,-0.08087293803691864,-0.972220242023468,-0.0851157084107399,-0.2284746915102005,0.03173290193080902,-0.9693026542663574
1578998513.2641568,world,-0.20167875289916992,-0.08048530668020248,-0.9718864560127258,-0.08592935651540756,-0.22803673148155212,0.032154884189367294,-0.9693201184272766
1578998513.275265,world,-0.20162735879421234,-0.08020531386137009,-0.9714745879173279,-0.08644580841064453,-0.2277490198612213,0.03218820318579674,-0.9693407416343689
1578998513.2837646,world,-0.20158281922340393,-0.07985668629407883,-0.9710699915885925,-0.08657018095254898,-0.22769451141357422,0.03192102536559105,-0.9693513512611389
1578998513.2962706,world,-0.2017771452665329,-0.07958776503801346,-0.9709270596504211,-0.08703773468732834,-0.22648586332798004,0.03169409558176994,-0.9696000218391418
1578998513.304512,world,-0.20178887248039246,-0.07929230481386185,-0.9705945253372192,-0.08718622475862503,-0.2262883335351944,0.03125246986746788,-0.9696470499038696
1578998513.3045292,world,-0.2018122375011444,-0.07895003259181976,-0.9701874256134033,-0.08821936696767807,-0.22628171741962433,0.031224960461258888,-0.9695560932159424
1578998513.3146899,world,-0.20183418691158295,-0.0786614716053009,-0.9698286652565002,-0.08826220035552979,-0.2261054962873459,0.03082452341914177,-0.9696061611175537
1578998513.3342655,world,-0.2018221765756607,-0.07838039845228195,-0.9694634675979614,-0.08848695456981659,-0.22601404786109924,0.03068329021334648,-0.9696114659309387
1578998513.3342836,world,-0.2017744928598404,-0.07811228930950165,-0.968919575214386,-0.08903753012418747,-0.22567413747310638,0.030587589368224144,-0.9696431756019592
1578998513.344549,world,-0.20179249346256256,-0.07782221585512161,-0.968564510345459,-0.08932061493396759,-0.225582554936409,0.030381126329302788,-0.9696449637413025
1578998513.3539991,world,-0.20180049538612366,-0.07752608507871628,-0.9681797027587891,-0.08953700214624405,-0.22559326887130737,0.030303865671157837,-0.969624936580658
1578998513.364221,world,-0.20183633267879486,-0.07729768007993698,-0.9678846001625061,-0.0897301584482193,-0.22551864385604858,0.030130017548799515,-0.9696299433708191
1578998513.374465,world,-0.20190106332302094,-0.07698293030261993,-0.967562198638916,-0.09016665071249008,-0.22541366517543793,0.02986234426498413,-0.9696220755577087
1578998513.3744867,world,-0.20196905732154846,-0.07678189873695374,-0.9671727418899536,-0.09032080322504044,-0.22542262077331543,0.02959560975432396,-0.969613790512085
1578998513.38626,world,-0.2020268589258194,-0.07657895237207413,-0.9666963815689087,-0.09049782902002335,-0.22502316534519196,0.029256027191877365,-0.9697003960609436
1578998513.3944721,world,-0.2021440714597702,-0.0763804018497467,-0.9663531184196472,-0.09076965600252151,-0.2250276654958725,0.02906515821814537,-0.9696796536445618
1578998513.4050186,world,-0.20235159993171692,-0.07624903321266174,-0.9662045836448669,-0.09043846279382706,-0.2244861125946045,0.028433259576559067,-0.9698548316955566
1578998513.4142256,world,-0.20247764885425568,-0.07612035423517227,-0.9659371376037598,-0.09043484926223755,-0.2242957204580307,0.028166277334094048,-0.9699070453643799
1578998513.4244614,world,-0.2026282399892807,-0.0759701058268547,-0.9655854105949402,-0.09035150706768036,-0.22422964870929718,0.027769215404987335,-0.9699415564537048
1578998513.4244673,world,-0.20277084410190582,-0.075807586312294,-0.9652671217918396,-0.09013523906469345,-0.22397714853286743,0.027464136481285095,-0.9700286984443665
1578998513.4347723,world,-0.2030017077922821,-0.07564437389373779,-0.9649221897125244,-0.09072564542293549,-0.2229948341846466,0.027786744758486748,-0.9701907634735107
1578998513.4440987,world,-0.2031252384185791,-0.07546819001436234,-0.9645346999168396,-0.09043314307928085,-0.2226555347442627,0.027292877435684204,-0.9703099727630615
1578998513.4543884,world,-0.20335866510868073,-0.07529456913471222,-0.964362382888794,-0.09072908014059067,-0.22261711955070496,0.027176804840564728,-0.9702944159507751
1578998513.46461,world,-0.20370231568813324,-0.07516258955001831,-0.9643266797065735,-0.09051534533500671,-0.22201649844646454,0.02669593319296837,-0.970465362071991
1578998513.4738677,world,-0.20390847325325012,-0.07503584027290344,-0.964115560054779,-0.09042707830667496,-0.22171539068222046,0.026431415230035782,-0.9705497026443481
1578998513.4841409,world,-0.20402215421199799,-0.07485580444335938,-0.9635104537010193,-0.09095432609319687,-0.2210109531879425,0.026286257430911064,-0.9706650376319885
1578998513.4841526,world,-0.2042853981256485,-0.0746806189417839,-0.963294267654419,-0.09071115404367447,-0.22061499953269958,0.026071766391396523,-0.9707835912704468
1578998513.4943664,world,-0.20463809370994568,-0.07450353354215622,-0.9632307887077332,-0.09037671983242035,-0.22086933255195618,0.025755586102604866,-0.9707654714584351
1578998513.5045557,world,-0.2051234394311905,-0.07436395436525345,-0.9633070230484009,-0.09076516330242157,-0.22008207440376282,0.0258883498609066,-0.9709044098854065
1578998513.5152848,world,-0.20532476902008057,-0.07420781254768372,-0.9629698991775513,-0.09066755324602127,-0.21970874071121216,0.0255258921533823,-0.9710077047348022
1578998513.5245512,world,-0.20555296540260315,-0.07404407858848572,-0.9626362919807434,-0.09060803800821304,-0.21940328180789948,0.025124646723270416,-0.9710928201675415
1578998513.5245638,world,-0.20574235916137695,-0.07386521995067596,-0.962121844291687,-0.09071411192417145,-0.21905303001403809,0.025009920820593834,-0.971164882183075
1578998513.534208,world,-0.20594386756420135,-0.0736849382519722,-0.9616677761077881,-0.09069286286830902,-0.21876870095729828,0.024835947901010513,-0.971235454082489
1578998513.5452108,world,-0.20614537596702576,-0.0735085979104042,-0.9613538980484009,-0.09068113565444946,-0.2185077667236328,0.02442525513470173,-0.9713057279586792
1578998513.5548012,world,-0.20656538009643555,-0.07335085421800613,-0.9610962271690369,-0.09140045940876007,-0.2173101007938385,0.024196522310376167,-0.9715126752853394
1578998513.5640469,world,-0.2069202959537506,-0.07314993441104889,-0.9608725905418396,-0.09190325438976288,-0.2172844111919403,0.02408660016953945,-0.9714736938476562
1578998513.5781593,world,-0.20716670155525208,-0.07300110161304474,-0.9605215191841125,-0.09215759485960007,-0.21703697741031647,0.023911044001579285,-0.9715092778205872
1578998513.578196,world,-0.20749938488006592,-0.07284967601299286,-0.9601905941963196,-0.09189142286777496,-0.21698686480522156,0.023467423394322395,-0.971556544303894
1578998513.5845644,world,-0.2077053338289261,-0.0726495236158371,-0.959636390209198,-0.0925198495388031,-0.21660344302654266,0.023435253649950027,-0.9715831875801086
1578998513.595181,world,-0.2082270085811615,-0.07255405932664871,-0.9595537185668945,-0.09331533312797546,-0.2157616913318634,0.023612750694155693,-0.9716900587081909
1578998513.606645,world,-0.20845536887645721,-0.07244063913822174,-0.9592434167861938,-0.09365729987621307,-0.21548637747764587,0.023481186479330063,-0.9717214703559875
1578998513.6066682,world,-0.20868974924087524,-0.07232297956943512,-0.9588890075683594,-0.09412481635808945,-0.21531084179878235,0.02343878336250782,-0.9717162847518921
1578998513.6146884,world,-0.2088809609413147,-0.07219666987657547,-0.9584109783172607,-0.09472887217998505,-0.2149534672498703,0.023306842893362045,-0.9717398881912231
1578998513.62406,world,-0.20910966396331787,-0.07206287980079651,-0.9579010009765625,-0.09484758228063583,-0.2147144079208374,0.0229946319013834,-0.9717885851860046
1578998513.6359227,world,-0.2094288170337677,-0.07198414951562881,-0.9575221538543701,-0.09477396309375763,-0.21416689455509186,0.02249615080654621,-0.9719282388687134
1578998513.644825,world,-0.20977672934532166,-0.07195116579532623,-0.9572821855545044,-0.09559296816587448,-0.21343876421451569,0.0227041132748127,-0.9720033407211304
1578998513.653998,world,-0.20998220145702362,-0.07192344963550568,-0.9566991329193115,-0.09583968669176102,-0.21297110617160797,0.022454021498560905,-0.9720875024795532
1578998513.6646574,world,-0.21022413671016693,-0.07195722311735153,-0.9564094543457031,-0.0963546559214592,-0.21271912753582,0.022405415773391724,-0.972092866897583
1578998513.664741,world,-0.210544154047966,-0.07198600471019745,-0.9560791254043579,-0.09654968231916428,-0.2127983719110489,0.022227181121706963,-0.9720602631568909
1578998513.6746783,world,-0.21086186170578003,-0.07202978432178497,-0.9556125998497009,-0.09668406844139099,-0.21201153099536896,0.021819712594151497,-0.9722280502319336
1578998513.6839368,world,-0.2111433446407318,-0.07209507375955582,-0.955127477645874,-0.09751193225383759,-0.21169127523899078,0.021904001012444496,-0.9722132086753845
1578998513.6941934,world,-0.21138440072536469,-0.07218033075332642,-0.9547634124755859,-0.09845366328954697,-0.21109159290790558,0.02226291410624981,-0.9722405076026917
1578998513.7044964,world,-0.21151620149612427,-0.07232010364532471,-0.954291045665741,-0.09907045215368271,-0.21080282330513,0.022421615198254585,-0.9722368121147156
1578998513.7147746,world,-0.21166083216667175,-0.07240980863571167,-0.9537158012390137,-0.09943816065788269,-0.21043257415294647,0.022465135902166367,-0.9722785949707031
1578998513.7147884,world,-0.21180765330791473,-0.07245642691850662,-0.9529015421867371,-0.0997898206114769,-0.20997752249240875,0.022503355517983437,-0.9723399877548218
1578998513.7239218,world,-0.21206654608249664,-0.07254969328641891,-0.9525237679481506,-0.09960220754146576,-0.20904667675495148,0.022013161331415176,-0.972571074962616
1578998513.7342646,world,-0.21235816180706024,-0.07268188893795013,-0.952181339263916,-0.10039863735437393,-0.20820920169353485,0.022361787036061287,-0.9726607799530029
1578998513.7463474,world,-0.2126046121120453,-0.07283402979373932,-0.9518561959266663,-0.10066816955804825,-0.20787355303764343,0.022147618234157562,-0.9727096557617188
1578998513.7545476,world,-0.2127375304698944,-0.07303184270858765,-0.9510308504104614,-0.10122821480035782,-0.2071714699268341,0.0222465880215168,-0.9727990627288818
1578998513.7647972,world,-0.21291646361351013,-0.07321469485759735,-0.9505098462104797,-0.10160889476537704,-0.20689985156059265,0.02229582704603672,-0.9728160500526428
1578998513.7748408,world,-0.2131299525499344,-0.07346070557832718,-0.9500971436500549,-0.10198481380939484,-0.20625455677509308,0.022258393466472626,-0.9729146361351013
1578998513.7748492,world,-0.21337631344795227,-0.07379209995269775,-0.9495478272438049,-0.1031370759010315,-0.2049696296453476,0.022730756551027298,-0.9730536937713623
1578998513.7845728,world,-0.21347756683826447,-0.07407000660896301,-0.9488656520843506,-0.10330373048782349,-0.20443792641162872,0.022708194330334663,-0.9731484055519104
1578998513.7953157,world,-0.21362264454364777,-0.07432392239570618,-0.948298454284668,-0.1035502627491951,-0.2040538787841797,0.022983234375715256,-0.9731964468955994
1578998513.8045704,world,-0.21393758058547974,-0.07466648519039154,-0.9480404257774353,-0.10366801172494888,-0.20410984754562378,0.023234419524669647,-0.9731661677360535
1578998513.8147895,world,-0.21404920518398285,-0.07498098909854889,-0.9473822116851807,-0.10402170568704605,-0.2035185992717743,0.02306222915649414,-0.9732562899589539
1578998513.825492,world,-0.21414785087108612,-0.0753122940659523,-0.9468438625335693,-0.10397737473249435,-0.20296810567378998,0.022992508485913277,-0.9733776450157166
1578998513.8340266,world,-0.21447116136550903,-0.07566895335912704,-0.9464513063430786,-0.10483086109161377,-0.20148442685604095,0.023347221314907074,-0.973585844039917
1578998513.8340456,world,-0.21460409462451935,-0.07604020833969116,-0.9460059404373169,-0.10507047176361084,-0.20122021436691284,0.023092158138751984,-0.9736208319664001
1578998513.8440826,world,-0.21487103402614594,-0.07634439319372177,-0.9456900358200073,-0.10509151965379715,-0.20114965736865997,0.0229159127920866,-0.9736372232437134
1578998513.8547,world,-0.21511498093605042,-0.07624555379152298,-0.9453520178794861,-0.10745865851640701,-0.20136681199073792,0.022663548588752747,-0.973339855670929
1578998513.8648431,world,-0.21510303020477295,-0.07703181356191635,-0.9447826147079468,-0.10555937886238098,-0.20051640272140503,0.02285812236368656,-0.9737185835838318
1578998513.864858,world,-0.21523195505142212,-0.07733697444200516,-0.9444097876548767,-0.10556637495756149,-0.20042957365512848,0.022812165319919586,-0.9737368226051331
1578998513.874263,world,-0.21551413834095,-0.07739406079053879,-0.9441857933998108,-0.10742984712123871,-0.20079879462718964,0.022624745965003967,-0.9734612703323364
1578998513.8946593,world,-0.215529665350914,-0.0777469277381897,-0.943608820438385,-0.10790126025676727,-0.20078855752944946,0.02265758253633976,-0.973410427570343
1578998513.894686,world,-0.2157333344221115,-0.07802361994981766,-0.9433229565620422,-0.10880761593580246,-0.200381800532341,0.023128410801291466,-0.9733823537826538
1578998513.9037971,world,-0.21591947972774506,-0.07830827683210373,-0.9429375529289246,-0.10881645232439041,-0.19993549585342407,0.02263270877301693,-0.9734848141670227
1578998513.9141397,world,-0.21602214872837067,-0.07858751714229584,-0.9426479339599609,-0.10897005349397659,-0.1999363750219345,0.02258027158677578,-0.9734686017036438
1578998513.9242423,world,-0.21611756086349487,-0.07883429527282715,-0.9423219561576843,-0.1092693954706192,-0.19999121129512787,0.022592417895793915,-0.9734234809875488
1578998513.9242873,world,-0.21618130803108215,-0.07915953546762466,-0.9418892860412598,-0.1100320965051651,-0.20011362433433533,0.022660143673419952,-0.9733108282089233
1578998513.9345343,world,-0.21619802713394165,-0.07945858687162399,-0.9412718415260315,-0.11006941646337509,-0.20024415850639343,0.022543711587786674,-0.973282516002655
1578998513.9448695,world,-0.2162007838487625,-0.08015888184309006,-0.9407764077186584,-0.10818300396203995,-0.20012259483337402,0.022852880880236626,-0.973511815071106
1578998513.9541724,world,-0.2163086235523224,-0.08047004044055939,-0.9404714703559875,-0.10853280872106552,-0.2004869431257248,0.023105697706341743,-0.9733918905258179
1578998513.9644074,world,-0.21646122634410858,-0.08068511635065079,-0.9403050541877747,-0.10907815396785736,-0.20098558068275452,0.02325466275215149,-0.9732245206832886
1578998513.9644244,world,-0.2164025455713272,-0.08091894537210464,-0.9398879408836365,-0.10910665988922119,-0.2009103149175644,0.023266294971108437,-0.973236620426178
1578998513.9748018,world,-0.21643483638763428,-0.081124447286129,-0.9396165013313293,-0.10947292298078537,-0.2011084407567978,0.023303506895899773,-0.9731537103652954
1578998513.9840262,world,-0.2164357304573059,-0.08134930580854416,-0.9393149614334106,-0.10989382117986679,-0.20130810141563416,0.023484380915760994,-0.973060667514801
1578998513.9942582,world,-0.21644923090934753,-0.0815189778804779,-0.9390829801559448,-0.11027561873197556,-0.20162484049797058,0.02357553131878376,-0.9729496836662292
1578998514.0045059,world,-0.21640954911708832,-0.08167514950037003,-0.9386946558952332,-0.11038573086261749,-0.20179514586925507,0.02331847883760929,-0.9729080200195312
1578998514.0045187,world,-0.21640372276306152,-0.081814706325531,-0.9383830428123474,-0.11047101020812988,-0.20210154354572296,0.02329835668206215,-0.9728352427482605
1578998514.0144935,world,-0.2163802683353424,-0.08192834258079529,-0.9379703402519226,-0.11068455129861832,-0.20229922235012054,0.023395366966724396,-0.9727675318717957
1578998514.0246606,world,-0.21637853980064392,-0.0820298045873642,-0.937744140625,-0.1106242761015892,-0.20266960561275482,0.023343615233898163,-0.9726985692977905
1578998514.0338302,world,-0.21636509895324707,-0.08213984221220016,-0.9375320076942444,-0.11067479848861694,-0.2030617892742157,0.023275217041373253,-0.9726126790046692
1578998514.0442312,world,-0.21633225679397583,-0.08220431208610535,-0.937355101108551,-0.11070213466882706,-0.20333217084407806,0.023289503529667854,-0.9725526571273804
1578998514.054429,world,-0.21640527248382568,-0.08186343312263489,-0.9374149441719055,-0.112672358751297,-0.20506919920444489,0.02340269461274147,-0.9719588756561279
1578998514.0646584,world,-0.21635764837265015,-0.08189743012189865,-0.9372552633285522,-0.1127520501613617,-0.20532600581645966,0.02345157228410244,-0.9718942046165466
1578998514.0742743,world,-0.21629613637924194,-0.0819186344742775,-0.9370927810668945,-0.11284001171588898,-0.20560580492019653,0.023544948548078537,-0.9718225598335266
1578998514.0743163,world,-0.2162310928106308,-0.0819205567240715,-0.9369409084320068,-0.11289699375629425,-0.20581451058387756,0.02357158251106739,-0.9717711806297302
1578998514.084325,world,-0.21605955064296722,-0.0818958580493927,-0.9367267489433289,-0.11245948821306229,-0.20645496249198914,0.023236436769366264,-0.9716941118240356
1578998514.094655,world,-0.2159980982542038,-0.08187024295330048,-0.9366234540939331,-0.11251132935285568,-0.20667113363742828,0.02325698919594288,-0.9716416001319885
1578998514.1039498,world,-0.21593062579631805,-0.08184002339839935,-0.9365194439888,-0.11254558712244034,-0.2068903148174286,0.023281538859009743,-0.9715903997421265
1578998514.1142635,world,-0.21586601436138153,-0.08179681748151779,-0.9364714026451111,-0.1124991625547409,-0.20713327825069427,0.023283591493964195,-0.9715439677238464
1578998514.124522,world,-0.21578213572502136,-0.08174637705087662,-0.9364022016525269,-0.11243201047182083,-0.20733202993869781,0.023294679820537567,-0.9715090990066528
1578998514.1349363,world,-0.21563275158405304,-0.08167190104722977,-0.9362750053405762,-0.11202552914619446,-0.207438662648201,0.02309074066579342,-0.9715381264686584
1578998514.1349576,world,-0.21553143858909607,-0.081611767411232,-0.9362077116966248,-0.11185245960950851,-0.20767728984355927,0.023143161088228226,-0.9715058207511902
1578998514.1444538,world,-0.2154255211353302,-0.08149366825819016,-0.93618243932724,-0.11157035082578659,-0.2079389989376068,0.023313933983445168,-0.9714782238006592
1578998514.1545393,world,-0.21532009541988373,-0.08140009641647339,-0.9360847473144531,-0.11119803786277771,-0.20810984075069427,0.02329535223543644,-0.9714847803115845
1578998514.1648612,world,-0.2151189148426056,-0.08133199065923691,-0.9359582662582397,-0.1114555224776268,-0.20882177352905273,0.023770613595843315,-0.9712909460067749
1578998514.1649172,world,-0.21500374376773834,-0.0812520682811737,-0.9359031319618225,-0.1112460047006607,-0.20898844301700592,0.023804835975170135,-0.9712783098220825
1578998514.184319,world,-0.21488350629806519,-0.08119969815015793,-0.9359334111213684,-0.1112445592880249,-0.20922201871871948,0.023968882858753204,-0.9712241291999817
1578998514.184333,world,-0.2146308571100235,-0.08104255795478821,-0.9356590509414673,-0.11171694099903107,-0.20888261497020721,0.024112457409501076,-0.9712393879890442
1578998514.196804,world,-0.21454991400241852,-0.08090119808912277,-0.9356921911239624,-0.11125459522008896,-0.20886746048927307,0.024177107959985733,-0.9712942242622375
1578998514.2040446,world,-0.2143324911594391,-0.08077231794595718,-0.9356837272644043,-0.11061104387044907,-0.20953696966171265,0.024128291755914688,-0.9712246656417847
1578998514.2040613,world,-0.21416550874710083,-0.08071452379226685,-0.9356729984283447,-0.11049211025238037,-0.20962221920490265,0.02427605725824833,-0.9712161421775818
1578998514.2245505,world,-0.21388022601604462,-0.0806659534573555,-0.9354745745658875,-0.11007609963417053,-0.2093752771615982,0.024470960721373558,-0.9713117480278015
1578998514.2245593,world,-0.21381133794784546,-0.08054573833942413,-0.9356274604797363,-0.10967683047056198,-0.20954068005084991,0.02429814264178276,-0.9713255763053894
1578998514.2348056,world,-0.21368709206581116,-0.08045212179422379,-0.9356690645217896,-0.10945958644151688,-0.2096996009349823,0.024312937632203102,-0.9713153839111328
1578998514.2441366,world,-0.21353864669799805,-0.08074573427438736,-0.9356846809387207,-0.10727914422750473,-0.20982815325260162,0.024532495066523552,-0.9715254306793213
1578998514.2543802,world,-0.21332018077373505,-0.08066641539335251,-0.9356448650360107,-0.10764524340629578,-0.21054263412952423,0.02504301629960537,-0.9713172912597656
1578998514.2544315,world,-0.2131737470626831,-0.08057551831007004,-0.9356996417045593,-0.10737954825162888,-0.21063263714313507,0.02499418891966343,-0.9713283777236938
1578998514.264159,world,-0.21303747594356537,-0.08050359040498734,-0.9357529282569885,-0.10718914121389389,-0.21085090935230255,0.025038519874215126,-0.9713009595870972
1578998514.274568,world,-0.21292170882225037,-0.08040741831064224,-0.9358997941017151,-0.10703029483556747,-0.211104616522789,0.025119297206401825,-0.9712612628936768
1578998514.2837389,world,-0.21259966492652893,-0.08036574721336365,-0.9358528256416321,-0.1062549576163292,-0.21165236830711365,0.02467472106218338,-0.9712386727333069
1578998514.2943823,world,-0.21239706873893738,-0.08028337359428406,-0.9359090328216553,-0.10645788908004761,-0.21175193786621094,0.024894114583730698,-0.9711890816688538
1578998514.304478,world,-0.2122713178396225,-0.08024671673774719,-0.9359835386276245,-0.10628223419189453,-0.21196779608726501,0.024905381724238396,-0.9711609482765198
1578998514.3044941,world,-0.2120843231678009,-0.080267995595932,-0.9359576106071472,-0.1058853417634964,-0.212010458111763,0.02480917051434517,-0.9711974263191223
1578998514.3147519,world,-0.21201306581497192,-0.0802023783326149,-0.9360771775245667,-0.10600221902132034,-0.21242253482341766,0.024888014420866966,-0.9710925817489624
1578998514.3261414,world,-0.21179139614105225,-0.08019788563251495,-0.9360319972038269,-0.1063455268740654,-0.2131911963224411,0.025332162156701088,-0.9708751440048218
1578998514.334321,world,-0.21167157590389252,-0.08018752187490463,-0.9360764026641846,-0.1062115952372551,-0.21340934932231903,0.025328263640403748,-0.9708419442176819
1578998514.344749,world,-0.21158939599990845,-0.08016438782215118,-0.9361947178840637,-0.10576169937849045,-0.21340659260749817,0.025145821273326874,-0.9708963632583618
1578998514.3544643,world,-0.21144245564937592,-0.08017886430025101,-0.9362033605575562,-0.10604250431060791,-0.21382075548171997,0.025342822074890137,-0.9707695841789246
1578998514.3649278,world,-0.21135054528713226,-0.08017463982105255,-0.9362578988075256,-0.10592254996299744,-0.21408520638942719,0.02529698982834816,-0.9707255959510803
1578998514.3741722,world,-0.21116814017295837,-0.08017408847808838,-0.9362979531288147,-0.10519672930240631,-0.2147771120071411,0.02480577677488327,-0.970664381980896
1578998514.3741858,world,-0.2110891491174698,-0.08018381893634796,-0.9363844394683838,-0.10510698705911636,-0.21508550643920898,0.02478017471730709,-0.9706063866615295
1578998514.3851204,world,-0.21094200015068054,-0.08026513457298279,-0.936439037322998,-0.10493908077478409,-0.21514591574668884,0.024754587560892105,-0.9706118106842041
1578998514.394982,world,-0.2108650505542755,-0.08031318336725235,-0.9365987777709961,-0.10490629076957703,-0.21544095873832703,0.024599915370345116,-0.9705538749694824
1578998514.4042132,world,-0.21080076694488525,-0.08036069571971893,-0.9368030428886414,-0.1048368513584137,-0.21579106152057648,0.024623127654194832,-0.9704829454421997
1578998514.415979,world,-0.21074055135250092,-0.08041962236166,-0.9369785189628601,-0.10476408153772354,-0.21603812277317047,0.024500932544469833,-0.9704389572143555
1578998514.4160235,world,-0.21057870984077454,-0.08048895746469498,-0.9369537234306335,-0.10511624068021774,-0.21677033603191376,0.024888649582862854,-0.9702277779579163
1578998514.4243572,world,-0.21051697432994843,-0.08055576682090759,-0.9370204210281372,-0.10504994541406631,-0.21694253385066986,0.024879079312086105,-0.9701966643333435
1578998514.4356058,world,-0.2104523777961731,-0.08061491698026657,-0.937059760093689,-0.10500854253768921,-0.21707753837108612,0.024787234142422676,-0.9701732993125916
1578998514.443906,world,-0.21041502058506012,-0.08068108558654785,-0.9371426701545715,-0.10502143204212189,-0.21728621423244476,0.02472948655486107,-0.9701266884803772
1578998514.454457,world,-0.21036933362483978,-0.08073751628398895,-0.9372056126594543,-0.10497566312551498,-0.21746039390563965,0.024602573364973068,-0.9700958728790283
1578998514.4661386,world,-0.2103339433670044,-0.08079396188259125,-0.9372797608375549,-0.10496966540813446,-0.2176181972026825,0.02452477067708969,-0.9700630903244019
1578998514.4661555,world,-0.2102007120847702,-0.08084021508693695,-0.9372861385345459,-0.10428103804588318,-0.21832215785980225,0.024015653878450394,-0.96999192237854
1578998514.4766417,world,-0.21015474200248718,-0.08092368394136429,-0.9374399781227112,-0.10410549491643906,-0.21836623549461365,0.023961491882801056,-0.9700021147727966
1578998514.4861171,world,-0.21012049913406372,-0.0809960812330246,-0.9375431537628174,-0.10425827652215958,-0.21863101422786713,0.02397938072681427,-0.9699256420135498
1578998514.4942496,world,-0.21009720861911774,-0.08108828961849213,-0.9375837445259094,-0.10449391603469849,-0.21873202919960022,0.023967253044247627,-0.9698777794837952
1578998514.5044482,world,-0.2100469470024109,-0.08116353303194046,-0.9375755786895752,-0.10469071567058563,-0.21890056133270264,0.023891691118478775,-0.9698203802108765
1578998514.5045075,world,-0.21000197529792786,-0.08122188597917557,-0.9375790357589722,-0.10473483055830002,-0.21916180849075317,0.023807343095541,-0.9697587490081787
1578998514.5148442,world,-0.20995493233203888,-0.08128692954778671,-0.9375950694084167,-0.10473056137561798,-0.21940794587135315,0.023662656545639038,-0.9697070717811584
1578998514.5241058,world,-0.20990106463432312,-0.0813819095492363,-0.9376117587089539,-0.10456579923629761,-0.21985486149787903,0.023303726688027382,-0.9696322679519653
1578998514.5346785,world,-0.2098715603351593,-0.08143994957208633,-0.9376538991928101,-0.10457198321819305,-0.22007279098033905,0.023170651867985725,-0.9695854187011719
1578998514.5438282,world,-0.2098419964313507,-0.08154129236936569,-0.9377116560935974,-0.1048658937215805,-0.22030624747276306,0.02310389094054699,-0.9695022106170654
1578998514.5541565,world,-0.20981678366661072,-0.0816236212849617,-0.9378292560577393,-0.10491553694009781,-0.22055727243423462,0.022776799276471138,-0.9694475531578064
1578998514.5644271,world,-0.20977357029914856,-0.08171721547842026,-0.9378330111503601,-0.10508998483419418,-0.22096110880374908,0.02267344482243061,-0.9693390727043152
1578998514.5747294,world,-0.2097460776567459,-0.08178097754716873,-0.9379664659500122,-0.10522466152906418,-0.22132405638694763,0.02256091870367527,-0.9692443609237671
1578998514.5747435,world,-0.20951735973358154,-0.08183378726243973,-0.937943696975708,-0.10523290187120438,-0.22266696393489838,0.022460507228970528,-0.9689380526542664
1578998514.5840664,world,-0.20937703549861908,-0.08186417818069458,-0.937861442565918,-0.10515361279249191,-0.22270427644252777,0.02216462604701519,-0.9689449667930603
1578998514.5942605,world,-0.20934158563613892,-0.0818992331624031,-0.9379994869232178,-0.10518800467252731,-0.22308984398841858,0.022093206644058228,-0.9688541889190674
1578998514.605208,world,-0.20938663184642792,-0.08193539828062057,-0.938179612159729,-0.10557445138692856,-0.22359229624271393,0.022221188992261887,-0.9686933159828186
1578998514.605238,world,-0.20923331379890442,-0.08195821195840836,-0.9380763173103333,-0.10551150888204575,-0.22365689277648926,0.022002503275871277,-0.9686902761459351
1578998514.6139677,world,-0.20920732617378235,-0.08203247934579849,-0.9381402134895325,-0.10595546662807465,-0.2238602489233017,0.02201560139656067,-0.9685946106910706
1578998514.624265,world,-0.20914773643016815,-0.08206919580698013,-0.9381568431854248,-0.10613257437944412,-0.22415094077587128,0.022013068199157715,-0.9685080051422119
1578998514.6342826,world,-0.20909331738948822,-0.0821186825633049,-0.9381633400917053,-0.10638336092233658,-0.22442713379859924,0.022033963352441788,-0.9684160351753235
1578998514.6446607,world,-0.20904497802257538,-0.0821557268500328,-0.9381863474845886,-0.10656969994306564,-0.2246711403131485,0.022078927606344223,-0.968337893486023
1578998514.644673,world,-0.20900192856788635,-0.08220533281564713,-0.9382140636444092,-0.1067008301615715,-0.22488757967948914,0.022077305242419243,-0.9682733416557312
1578998514.665185,world,-0.2089722752571106,-0.08226646482944489,-0.9382430911064148,-0.10673971474170685,-0.22509562969207764,0.02206665650010109,-0.9682208895683289
1578998514.6781473,world,-0.20892126858234406,-0.08235766738653183,-0.9382627606391907,-0.10678213834762573,-0.22534093260765076,0.021922053769230843,-0.9681624174118042
1578998514.678164,world,-0.20888303220272064,-0.08242007344961166,-0.9382861256599426,-0.10687216371297836,-0.22545821964740753,0.022022442892193794,-0.9681229591369629
1578998514.684059,world,-0.2088613361120224,-0.08249891549348831,-0.9383387565612793,-0.1069389060139656,-0.22557103633880615,0.02206679806113243,-0.9680883288383484
1578998514.6944191,world,-0.2088419795036316,-0.082618348300457,-0.9384037852287292,-0.10696180164813995,-0.22565388679504395,0.02204674668610096,-0.9680668711662292
1578998514.705019,world,-0.2088131159543991,-0.08270268142223358,-0.9384481906890869,-0.10698807239532471,-0.2257457822561264,0.022157620638608932,-0.9680400490760803
1578998514.7142334,world,-0.2088022381067276,-0.08279348909854889,-0.938508927822113,-0.10708124190568924,-0.22584271430969238,0.022295398637652397,-0.9680039882659912
1578998514.7142525,world,-0.2087940275669098,-0.08292151242494583,-0.9385793805122375,-0.10736817121505737,-0.22589552402496338,0.02249983884394169,-0.9679551720619202
1578998514.7247899,world,-0.20882198214530945,-0.08306210488080978,-0.9386958479881287,-0.10733867436647415,-0.22648467123508453,0.022754168137907982,-0.9678148031234741
1578998514.7348957,world,-0.2087818682193756,-0.08319833129644394,-0.9387097954750061,-0.10782655328512192,-0.22681275010108948,0.02316278964281082,-0.9676739573478699
1578998514.7442484,world,-0.2087251991033554,-0.0833519995212555,-0.9386688470840454,-0.10772957652807236,-0.22669826447963715,0.023264607414603233,-0.9677091836929321
1578998514.7544618,world,-0.20884403586387634,-0.08348304778337479,-0.9388788938522339,-0.10801299661397934,-0.22702957689762115,0.02361520193517208,-0.9675914645195007
1578998514.7648392,world,-0.20888347923755646,-0.08359850943088531,-0.9389749765396118,-0.10796849429607391,-0.2271379977464676,0.023674584925174713,-0.9675694704055786
1578998514.7739265,world,-0.20893467962741852,-0.08374040573835373,-0.9391258358955383,-0.10775198042392731,-0.22723503410816193,0.023674657568335533,-0.9675707817077637
1578998514.7841887,world,-0.20898577570915222,-0.0839071050286293,-0.9392114281654358,-0.10796799510717392,-0.22740066051483154,0.024043096229434013,-0.967498779296875
1578998514.7842038,world,-0.20906905829906464,-0.08404986560344696,-0.9394405484199524,-0.10808443278074265,-0.2277085930109024,0.02422291412949562,-0.9674088358879089
1578998514.794635,world,-0.2091308981180191,-0.08420441299676895,-0.9395428895950317,-0.10827385634183884,-0.2279127836227417,0.024397823959589005,-0.9673351645469666
1578998514.80515,world,-0.20920097827911377,-0.08435064554214478,-0.9396305084228516,-0.10819905996322632,-0.22819212079048157,0.024494020268321037,-0.9672753214836121
1578998514.8148642,world,-0.20925714075565338,-0.08452233672142029,-0.9397122859954834,-0.10817769169807434,-0.2284470796585083,0.024540381506085396,-0.9672162532806396
1578998514.8285146,world,-0.209472194314003,-0.08466070145368576,-0.940036952495575,-0.10791875422000885,-0.22917817533016205,0.024544231593608856,-0.9670721888542175
1578998514.8285344,world,-0.20948784053325653,-0.08483169972896576,-0.9400518536567688,-0.107948437333107,-0.2294202744960785,0.024775337427854538,-0.9670055508613586
1578998514.8343685,world,-0.2095794379711151,-0.0849551260471344,-0.9402750134468079,-0.10785730183124542,-0.2299487143754959,0.024908289313316345,-0.9668867588043213
1578998514.8549588,world,-0.2097349315881729,-0.08505214005708694,-0.9405035972595215,-0.10777828842401505,-0.230495885014534,0.02493100054562092,-0.9667647480964661
1578998514.854983,world,-0.20980897545814514,-0.08520018309354782,-0.9406176209449768,-0.10769882053136826,-0.23100192844867706,0.024844272062182426,-0.9666550159454346
1578998514.8640275,world,-0.2099331021308899,-0.08541212975978851,-0.9408057332038879,-0.10733138024806976,-0.23126572370529175,0.02468392439186573,-0.9666369557380676
1578998514.864038,world,-0.21014128625392914,-0.08550742268562317,-0.9411633610725403,-0.10746867954730988,-0.23208163678646088,0.024626528844237328,-0.9664275050163269
1578998514.883965,world,-0.21022121608257294,-0.0856061801314354,-0.9413004517555237,-0.10747640579938889,-0.23251426219940186,0.0247060377150774,-0.9663206934928894
1578998514.8840141,world,-0.21028229594230652,-0.08574456721544266,-0.9414763450622559,-0.10768057405948639,-0.23294414579868317,0.024905717000365257,-0.9661893248558044
1578998514.904438,world,-0.2103046178817749,-0.08587434887886047,-0.9415204524993896,-0.1075783371925354,-0.23314982652664185,0.024914758279919624,-0.9661508202552795
1578998514.904453,world,-0.210479274392128,-0.08596747368574142,-0.9417752623558044,-0.10786960273981094,-0.23378141224384308,0.02520780824124813,-0.9659580588340759
1578998514.915657,world,-0.21045289933681488,-0.0860324576497078,-0.9418072700500488,-0.10731441527605057,-0.23463734984397888,0.024778218939900398,-0.9658235311508179
1578998514.9157202,world,-0.2105575054883957,-0.08610919862985611,-0.9420440793037415,-0.10745687782764435,-0.23506295680999756,0.024778757244348526,-0.965704083442688
1578998514.9241571,world,-0.21065020561218262,-0.08616996556520462,-0.9421958327293396,-0.10751661658287048,-0.23544925451278687,0.024801233783364296,-0.9656028747558594
1578998514.934375,world,-0.21088556945323944,-0.08622673898935318,-0.9424281716346741,-0.10753124952316284,-0.23625825345516205,0.024707995355129242,-0.9654060006141663
1578998514.9446828,world,-0.2109813392162323,-0.08628380298614502,-0.9425892233848572,-0.10760842263698578,-0.23665615916252136,0.024730954319238663,-0.9652993679046631
1578998514.9555652,world,-0.21107609570026398,-0.0863325372338295,-0.942740797996521,-0.10766014456748962,-0.2369851917028427,0.024735482409596443,-0.9652126431465149
1578998514.9640481,world,-0.21118631958961487,-0.08637521415948868,-0.9429072737693787,-0.10767758637666702,-0.23733121156692505,0.024716509506106377,-0.9651262760162354
1578998514.9640605,world,-0.21137158572673798,-0.08640904724597931,-0.9431827664375305,-0.10780972242355347,-0.23781178891658783,0.024772442877292633,-0.9649916887283325
1578998514.9744022,world,-0.21148981153964996,-0.08645384758710861,-0.9433832764625549,-0.1077880933880806,-0.23814907670021057,0.024730345234274864,-0.9649119973182678
1578998514.9859269,world,-0.21161477267742157,-0.08647569268941879,-0.9435757994651794,-0.10781235992908478,-0.23846584558486938,0.024686647579073906,-0.9648322463035583
1578998515.0050807,world,-0.21173346042633057,-0.08649252355098724,-0.943770170211792,-0.1078539565205574,-0.23878993093967438,0.024639097973704338,-0.9647486209869385
1578998515.0050972,world,-0.21188952028751373,-0.08652839809656143,-0.9439852237701416,-0.108123280107975,-0.2389703243970871,0.024641210213303566,-0.9646736979484558
1578998515.0223126,world,-0.21210594475269318,-0.08655945211648941,-0.9443017840385437,-0.1084069088101387,-0.23948273062705994,0.024794287979602814,-0.9645109176635742
1578998515.0223277,world,-0.21223720908164978,-0.08657708019018173,-0.9445654153823853,-0.10841759294271469,-0.23986701667308807,0.02470126748085022,-0.9644165635108948
1578998515.0246735,world,-0.21235957741737366,-0.08659560978412628,-0.9447647333145142,-0.10846871882677078,-0.24019023776054382,0.024621346965432167,-0.9643324613571167
1578998515.0342033,world,-0.21262378990650177,-0.08660199493169785,-0.9451503157615662,-0.10822613537311554,-0.24082837998867035,0.02434137649834156,-0.9642075896263123
1578998515.0444818,world,-0.21276994049549103,-0.0866255834698677,-0.9453445672988892,-0.10821283608675003,-0.24124911427497864,0.024206088855862617,-0.9641073346138
1578998515.054522,world,-0.21290914714336395,-0.08664520829916,-0.9456435441970825,-0.1081366315484047,-0.2416846752166748,0.024119485169649124,-0.9640090465545654
1578998515.064232,world,-0.21301151812076569,-0.08671335875988007,-0.9458249807357788,-0.10786236822605133,-0.24233873188495636,0.023573722690343857,-0.9638890027999878
1578998515.0746465,world,-0.2131478488445282,-0.08673679083585739,-0.9460870027542114,-0.1078314408659935,-0.24268881976604462,0.023449348285794258,-0.9638073444366455
1578998515.0746675,world,-0.21335555613040924,-0.0867551639676094,-0.9464422464370728,-0.10781407356262207,-0.24321724474430084,0.023366648703813553,-0.9636781811714172
1578998515.0845912,world,-0.21350400149822235,-0.0867755264043808,-0.9466966986656189,-0.10782861709594727,-0.2436220794916153,0.023281637579202652,-0.9635763168334961
1578998515.094001,world,-0.2136809378862381,-0.08683105558156967,-0.9470472931861877,-0.10799002647399902,-0.24392248690128326,0.023110385984182358,-0.96348637342453
1578998515.1041462,world,-0.21385331451892853,-0.08684282004833221,-0.9474000930786133,-0.10788311064243317,-0.24437731504440308,0.022898485884070396,-0.9633880853652954
1578998515.114698,world,-0.21423174440860748,-0.08688432723283768,-0.947970449924469,-0.10790486633777618,-0.24536646902561188,0.022939717397093773,-0.9631332755088806
1578998515.1241765,world,-0.21437235176563263,-0.08692652732133865,-0.9482302069664001,-0.10813377052545547,-0.2459496557712555,0.022972378879785538,-0.962958037853241
1578998515.1349177,world,-0.21452054381370544,-0.08694233745336533,-0.9484860301017761,-0.10806995630264282,-0.2464129626750946,0.02283085696399212,-0.9628501534461975
1578998515.135091,world,-0.21468298137187958,-0.08694900572299957,-0.9487342834472656,-0.10797462612390518,-0.24693165719509125,0.02266969159245491,-0.9627317786216736
1578998515.1444576,world,-0.21483388543128967,-0.08696892112493515,-0.9489880204200745,-0.10786806046962738,-0.2473950982093811,0.022507233545184135,-0.9626285433769226
1578998515.155847,world,-0.21498437225818634,-0.08698499202728271,-0.949230968952179,-0.10781404376029968,-0.24780383706092834,0.02239234372973442,-0.962532103061676
1578998515.1643353,world,-0.21511776745319366,-0.08700673282146454,-0.9494616985321045,-0.10775744169950485,-0.24820585548877716,0.022277723997831345,-0.9624375700950623
1578998515.164348,world,-0.21535062789916992,-0.08701539039611816,-0.9498893022537231,-0.10775323212146759,-0.24885596334934235,0.022143015637993813,-0.9622731804847717
1578998515.1749601,world,-0.21549661457538605,-0.08705015480518341,-0.9500822424888611,-0.10783196985721588,-0.2491958737373352,0.02205980382859707,-0.9621783494949341
1578998515.184015,world,-0.21577975153923035,-0.08706831187009811,-0.9505209922790527,-0.10757552087306976,-0.24993327260017395,0.021852968260645866,-0.9620204567909241
1578998515.1943076,world,-0.21593843400478363,-0.08708745986223221,-0.9507730007171631,-0.10755860805511475,-0.2503507435321808,0.021803664043545723,-0.9619149565696716
1578998515.205231,world,-0.21617434918880463,-0.0871419608592987,-0.9511666297912598,-0.10788406431674957,-0.2510172128677368,0.022165553644299507,-0.961696445941925
1578998515.214374,world,-0.2162994146347046,-0.08714688569307327,-0.9513640999794006,-0.10783427208662033,-0.2513314187526703,0.022083863615989685,-0.961621880531311
1578998515.2144291,world,-0.21644054353237152,-0.0871589332818985,-0.9516599178314209,-0.10784664750099182,-0.2517679035663605,0.022090816870331764,-0.9615061283111572
1578998515.2242095,world,-0.21656659245491028,-0.08716195076704025,-0.9518545269966125,-0.1078302189707756,-0.25209054350852966,0.022025521844625473,-0.9614248871803284
1578998515.2449975,world,-0.2166852504014969,-0.08715726435184479,-0.952024519443512,-0.10787221789360046,-0.25234371423721313,0.02200581692159176,-0.9613543152809143
1578998515.2450156,world,-0.21684899926185608,-0.08710246533155441,-0.9522575736045837,-0.10768783837556839,-0.25268712639808655,0.02174578420817852,-0.9612906575202942
1578998515.2542498,world,-0.21698881685733795,-0.08708056807518005,-0.9524513483047485,-0.10775801539421082,-0.25291919708251953,0.021692533046007156,-0.9612230062484741
1578998515.264509,world,-0.21711818873882294,-0.08705868571996689,-0.952629804611206,-0.10777728259563446,-0.25316527485847473,0.021640637889504433,-0.9611571431159973
1578998515.2645564,world,-0.21725301444530487,-0.08703601360321045,-0.9528031349182129,-0.10782572627067566,-0.2533518373966217,0.021607063710689545,-0.9611033201217651
1578998515.273911,world,-0.21752890944480896,-0.08701443672180176,-0.9531859159469604,-0.10767766833305359,-0.25388824939727783,0.02137252688407898,-0.9609836935997009
1578998515.284289,world,-0.2176675796508789,-0.08698765933513641,-0.9533538818359375,-0.10773424804210663,-0.25407007336616516,0.021345334127545357,-0.960929811000824
1578998515.2946196,world,-0.21783296763896942,-0.08696014434099197,-0.9536154270172119,-0.10771536082029343,-0.2542818784713745,0.02126001939177513,-0.9608778357505798
1578998515.3141334,world,-0.21806098520755768,-0.08692435175180435,-0.9538267254829407,-0.1072905883193016,-0.2540428638458252,0.020762627944350243,-0.9609993696212769
1578998515.3141527,world,-0.21843208372592926,-0.08685194700956345,-0.9542685151100159,-0.1072678193449974,-0.25460803508758545,0.020562874153256416,-0.9608566761016846
1578998515.3243504,world,-0.21854665875434875,-0.086838498711586,-0.9543594717979431,-0.10727325081825256,-0.2547150254249573,0.02049897611141205,-0.9608290791511536
1578998515.3346052,world,-0.21868079900741577,-0.08682144433259964,-0.9544769525527954,-0.10722760111093521,-0.25491172075271606,0.020450208336114883,-0.960783064365387
1578998515.345181,world,-0.21880804002285004,-0.0868171751499176,-0.9545946717262268,-0.10710623860359192,-0.255056768655777,0.020349014550447464,-0.960760235786438
1578998515.3546338,world,-0.21892893314361572,-0.08681199699640274,-0.9546830058097839,-0.10708225518465042,-0.25521034002304077,0.020295225083827972,-0.960723340511322
1578998515.3546648,world,-0.2190595418214798,-0.08680769056081772,-0.9547996520996094,-0.10705671459436417,-0.25536131858825684,0.02024669572710991,-0.9606871008872986
1578998515.3649979,world,-0.21928803622722626,-0.08680777996778488,-0.9549810290336609,-0.10761190950870514,-0.2551603317260742,0.02064141072332859,-0.960669994354248
1578998515.3741567,world,-0.21941876411437988,-0.08680248260498047,-0.9551102519035339,-0.10756970196962357,-0.25536856055259705,0.02058478817343712,-0.9606207013130188
1578998515.3851218,world,-0.21961946785449982,-0.08678951114416122,-0.9553142189979553,-0.10763014853000641,-0.2557062804698944,0.020638296380639076,-0.9605228900909424
1578998515.3940349,world,-0.21990394592285156,-0.08676618337631226,-0.9556128978729248,-0.10738247632980347,-0.2563220262527466,0.020476413890719414,-0.9603899121284485
1578998515.4042857,world,-0.22005873918533325,-0.0867510735988617,-0.9557819366455078,-0.10735084116458893,-0.2565619647502899,0.020455965772271156,-0.9603297710418701
1578998515.414802,world,-0.22021503746509552,-0.08673594146966934,-0.9559672474861145,-0.10733956098556519,-0.2568248212337494,0.020434832200407982,-0.9602612257003784
1578998515.414817,world,-0.2203616499900818,-0.08671819418668747,-0.956139326095581,-0.10730687528848648,-0.25706008076667786,0.020386595278978348,-0.9602029919624329
1578998515.4345257,world,-0.22058992087841034,-0.08671220391988754,-0.9564265608787537,-0.10744156688451767,-0.2574605941772461,0.02052317187190056,-0.960077702999115
1578998515.4345543,world,-0.2207290679216385,-0.0866972878575325,-0.956595778465271,-0.10744283348321915,-0.2577243745326996,0.020517516881227493,-0.9600068926811218
1578998515.4440804,world,-0.22086139023303986,-0.0866856798529625,-0.9567702412605286,-0.10734189301729202,-0.25793278217315674,0.0204330924898386,-0.9599640965461731
1578998515.4560256,world,-0.2209881693124771,-0.08665864169597626,-0.9569393992424011,-0.107362762093544,-0.25812840461730957,0.02041311375796795,-0.9599095582962036
1578998515.4560432,world,-0.22111156582832336,-0.08666685223579407,-0.9570926427841187,-0.10718736052513123,-0.2583521604537964,0.02031618542969227,-0.9598709344863892
1578998515.4653726,world,-0.22123272716999054,-0.08665309101343155,-0.9572713375091553,-0.10719594359397888,-0.2585342824459076,0.02029934525489807,-0.9598214030265808
1578998515.4765203,world,-0.22135330736637115,-0.086668960750103,-0.957425057888031,-0.1069851666688919,-0.2587839663028717,0.020217563956975937,-0.9597793817520142
1578998515.4847424,world,-0.22161054611206055,-0.08667021244764328,-0.9577650427818298,-0.10665905475616455,-0.2592739462852478,0.020033186301589012,-0.9596872925758362
1578998515.4944396,world,-0.22172832489013672,-0.08667894452810287,-0.9579483866691589,-0.10655103623867035,-0.2594393789768219,0.020000331103801727,-0.9596552848815918
1578998515.5065744,world,-0.22191105782985687,-0.0866742953658104,-0.9582184553146362,-0.10653533786535263,-0.2597588300704956,0.02001599222421646,-0.9595701694488525
1578998515.5077033,world,-0.2220229208469391,-0.08668848872184753,-0.9583886861801147,-0.10646171122789383,-0.2599092721939087,0.020026128739118576,-0.9595375061035156
1578998515.5182638,world,-0.22212688624858856,-0.08669362217187881,-0.9585641622543335,-0.10640231519937515,-0.2600344121456146,0.020039621740579605,-0.9595097899436951
1578998515.52447,world,-0.22232480347156525,-0.08670389652252197,-0.9588497877120972,-0.10588870197534561,-0.2597236931324005,0.01960798352956772,-0.9596596956253052
1578998515.5348022,world,-0.22242335975170135,-0.08671903610229492,-0.9590228199958801,-0.10585130006074905,-0.25979501008987427,0.019648944959044456,-0.9596436619758606
1578998515.5488596,world,-0.22259639203548431,-0.08675043284893036,-0.9592920541763306,-0.10600128024816513,-0.2600633203983307,0.019910363480448723,-0.9595491290092468
1578998515.5488803,world,-0.22266553342342377,-0.08676069974899292,-0.9594418406486511,-0.10594235360622406,-0.26010873913764954,0.019920120015740395,-0.9595430493354797
1578998515.5544162,world,-0.22274379432201385,-0.08677320182323456,-0.9595953822135925,-0.10587276518344879,-0.26016518473625183,0.019921842962503433,-0.9595354199409485
1578998515.5644658,world,-0.22281134128570557,-0.08678454160690308,-0.9597378373146057,-0.10578691214323044,-0.26021695137023926,0.01989499293267727,-0.9595314860343933
1578998515.575319,world,-0.222874715924263,-0.08679299056529999,-0.9598883986473083,-0.10573217272758484,-0.2602922320365906,0.01992885023355484,-0.9595162868499756
1578998515.584782,world,-0.2229263186454773,-0.08680503070354462,-0.960008978843689,-0.10572578012943268,-0.26036009192466736,0.019973015412688255,-0.9594977498054504
1578998515.5973835,world,-0.22296449542045593,-0.08681098371744156,-0.9601168036460876,-0.10569171607494354,-0.2604495584964752,0.020008821040391922,-0.9594764113426208
1578998515.5974133,world,-0.2230013608932495,-0.08681821078062057,-0.9602153897285461,-0.10566213726997375,-0.2605687975883484,0.020077943801879883,-0.9594458341598511
1578998515.614712,world,-0.22302208840847015,-0.08682410418987274,-0.9602817893028259,-0.10570219904184341,-0.26066315174102783,0.020186958834528923,-0.9594135880470276
1578998515.6147175,world,-0.2230536788702011,-0.08682916313409805,-0.9604455828666687,-0.10576274991035461,-0.26087620854377747,0.020306013524532318,-0.9593464136123657
1578998515.623875,world,-0.22306886315345764,-0.08683302253484726,-0.9605979323387146,-0.10590093582868576,-0.2610827386379242,0.020494667813181877,-0.9592709541320801
1578998515.635323,world,-0.22307394444942474,-0.08682793378829956,-0.9606585502624512,-0.10593380779027939,-0.2612506151199341,0.020574355497956276,-0.9592199921607971
1578998515.6446316,world,-0.22306782007217407,-0.08681774139404297,-0.960715651512146,-0.106008380651474,-0.26140353083610535,0.020662082359194756,-0.9591681957244873
1578998515.6539288,world,-0.2229720503091812,-0.08681072294712067,-0.960679829120636,-0.1065293401479721,-0.26203426718711853,0.021212007850408554,-0.958926260471344
1578998515.6643977,world,-0.22296568751335144,-0.08680036664009094,-0.9607535004615784,-0.10660815238952637,-0.2622055113315582,0.021317394450306892,-0.9588684439659119
1578998515.664413,world,-0.22294986248016357,-0.08678773790597916,-0.9608244299888611,-0.10664129257202148,-0.26243072748184204,0.02139507792890072,-0.9588014483451843
1578998515.6771965,world,-0.22292885184288025,-0.08677879720926285,-0.960868239402771,-0.10676410794258118,-0.2626497149467468,0.021537762135267258,-0.9587245583534241
1578998515.6842499,world,-0.22292082011699677,-0.0867651104927063,-0.9609372615814209,-0.10683538019657135,-0.26287370920181274,0.02160121500492096,-0.9586538076400757
1578998515.7046683,world,-0.22290098667144775,-0.08675049990415573,-0.9609948396682739,-0.10692641139030457,-0.2630726397037506,0.02169005014002323,-0.9585869908332825
1578998515.704709,world,-0.22289150953292847,-0.08674292266368866,-0.9610581994056702,-0.10701117664575577,-0.263374388217926,0.021768197417259216,-0.9584929347038269
1578998515.7148137,world,-0.22287189960479736,-0.0867309495806694,-0.9611110091209412,-0.10714303702116013,-0.2636631727218628,0.021876465529203415,-0.9583963751792908
1578998515.7241445,world,-0.2228589951992035,-0.08672710508108139,-0.9611663222312927,-0.10721688717603683,-0.2639370262622833,0.021946080029010773,-0.958311140537262
1578998515.724169,world,-0.22284747660160065,-0.0867195725440979,-0.9612321257591248,-0.10732144862413406,-0.26419973373413086,0.02203604206442833,-0.9582250118255615
1578998515.7344234,world,-0.22282838821411133,-0.08671724051237106,-0.9612889289855957,-0.10743889212608337,-0.26445555686950684,0.022156117483973503,-0.9581384658813477
1578998515.7448583,world,-0.2228105068206787,-0.0867241770029068,-0.9613456726074219,-0.10751411318778992,-0.26466450095176697,0.02227860875427723,-0.9580695033073425
1578998515.754397,world,-0.22281639277935028,-0.08673630654811859,-0.9615344405174255,-0.10758353024721146,-0.26491206884384155,0.022323083132505417,-0.9579921960830688
1578998515.7649796,world,-0.2228119820356369,-0.0867520123720169,-0.9616268873214722,-0.10761590301990509,-0.265089213848114,0.02243833988904953,-0.9579368829727173
1578998515.7649868,world,-0.22279655933380127,-0.08677757531404495,-0.9617612361907959,-0.10768526047468185,-0.26513680815696716,0.022568725049495697,-0.9579128623008728
1578998515.7737718,world,-0.2226925939321518,-0.08680086582899094,-0.9617710709571838,-0.10726434737443924,-0.26563480496406555,0.02228415571153164,-0.9578287601470947
1578998515.784324,world,-0.22280184924602509,-0.08685144782066345,-0.9619747400283813,-0.10778114944696426,-0.26535603404045105,0.022784726694226265,-0.9578363299369812
1578998515.7950504,world,-0.22280630469322205,-0.0869048610329628,-0.9620836973190308,-0.10775525867938995,-0.2653961777687073,0.02285047061741352,-0.957826554775238
1578998515.8052762,world,-0.22281864285469055,-0.08696311712265015,-0.9622030854225159,-0.10771139711141586,-0.2653927206993103,0.022909650579094887,-0.9578310251235962
1578998515.8144517,world,-0.2228570580482483,-0.08703985065221786,-0.9624943733215332,-0.10772942751646042,-0.2655559182167053,0.023037295788526535,-0.9577805995941162
1578998515.8250399,world,-0.2228701412677765,-0.08711902797222137,-0.9626129865646362,-0.10769306868314743,-0.2655659317970276,0.023113884031772614,-0.9577800631523132
1578998515.825051,world,-0.22291363775730133,-0.08724703639745712,-0.9627763628959656,-0.10798285156488419,-0.265652596950531,0.023563727736473083,-0.9577125310897827
1578998515.8341699,world,-0.2229238599538803,-0.08734048157930374,-0.9629144668579102,-0.10793493688106537,-0.2656508982181549,0.023640358820557594,-0.9577164649963379
1578998515.845146,world,-0.2229434847831726,-0.08745978027582169,-0.9630769491195679,-0.10777705162763596,-0.2656252086162567,0.02375526912510395,-0.9577385187149048
1578998515.854382,world,-0.22294671833515167,-0.08754093199968338,-0.9632266163825989,-0.10781055688858032,-0.26561981439590454,0.023877914994955063,-0.9577332139015198
1578998515.8648748,world,-0.2229522317647934,-0.08764681965112686,-0.9633923768997192,-0.10769423097372055,-0.2656262516975403,0.023966437205672264,-0.9577423930168152
1578998515.8648965,world,-0.2228602021932602,-0.0877523347735405,-0.963442862033844,-0.1080663651227951,-0.266085147857666,0.024488504976034164,-0.9575597643852234
1578998515.8751388,world,-0.2228609323501587,-0.08787310123443604,-0.963645339012146,-0.10790044814348221,-0.26607123017311096,0.02453256957232952,-0.9575812220573425
1578998515.8949332,world,-0.22284527122974396,-0.08797505497932434,-0.9637866616249084,-0.10790131241083145,-0.26612162590026855,0.02463112398982048,-0.957564651966095
1578998515.895066,world,-0.22273999452590942,-0.08807796239852905,-0.9638863205909729,-0.1073225811123848,-0.26652950048446655,0.024310117587447166,-0.9575244188308716
1578998515.9041145,world,-0.22273120284080505,-0.08817891776561737,-0.9640277028083801,-0.1073266863822937,-0.26667121052742004,0.02438918687403202,-0.9574824571609497
1578998515.9164672,world,-0.2227768748998642,-0.08835136145353317,-0.9643685221672058,-0.10715266317129135,-0.26700395345687866,0.024487029761075974,-0.9574066996574402
1578998515.916481,world,-0.22278766334056854,-0.08848681300878525,-0.9645273089408875,-0.10740876197814941,-0.26702696084976196,0.024628279730677605,-0.957368016242981
1578998515.9245942,world,-0.22276557981967926,-0.08861667662858963,-0.9646897315979004,-0.10751061886548996,-0.2672320008277893,0.02470991015434265,-0.9572972059249878
1578998515.934715,world,-0.22274181246757507,-0.08874109387397766,-0.9648106694221497,-0.1075197234749794,-0.2674283981323242,0.024758487939834595,-0.9572401642799377
1578998515.9442031,world,-0.22276288270950317,-0.08892209082841873,-0.9651067852973938,-0.10805241018533707,-0.2676600515842438,0.024948447942733765,-0.9571105241775513
1578998515.954344,world,-0.22267138957977295,-0.08907391875982285,-0.9651545882225037,-0.10824649035930634,-0.26808807253837585,0.02487153746187687,-0.956970751285553
1578998515.964716,world,-0.22258786857128143,-0.08921969681978226,-0.9652343988418579,-0.10816086828708649,-0.26811549067497253,0.024871349334716797,-0.9569727182388306
1578998515.9647336,world,-0.22255879640579224,-0.08934846520423889,-0.9653757810592651,-0.10813131183385849,-0.2682558000087738,0.024948658421635628,-0.9569346904754639
1578998515.9738445,world,-0.22252178192138672,-0.08945949375629425,-0.9655376672744751,-0.1082482561469078,-0.26836922764778137,0.02503696084022522,-0.9568873643875122
1578998515.9867127,world,-0.22246071696281433,-0.08960506319999695,-0.96563321352005,-0.10857217758893967,-0.2685105502605438,0.025358984246850014,-0.9568025469779968
1578998515.9953032,world,-0.22243072092533112,-0.0897219181060791,-0.965778112411499,-0.10872539132833481,-0.26866039633750916,0.025504549965262413,-0.9567391872406006
1578998516.0049717,world,-0.22238507866859436,-0.08983336389064789,-0.9658879637718201,-0.10883865505456924,-0.26878565549850464,0.025624573230743408,-0.9566879868507385
1578998516.004983,world,-0.22234775125980377,-0.0899394154548645,-0.9660343527793884,-0.10889797657728195,-0.2689262628555298,0.025666233152151108,-0.9566406011581421
1578998516.0244524,world,-0.22231453657150269,-0.09005167335271835,-0.9661275148391724,-0.10897912830114365,-0.269031286239624,0.025746110826730728,-0.9565996527671814
1578998516.0244684,world,-0.22228752076625824,-0.09018749743700027,-0.9662278890609741,-0.10911048203706741,-0.26912492513656616,0.025919269770383835,-0.9565536975860596
1578998516.034393,world,-0.22216273844242096,-0.09031984955072403,-0.9662678241729736,-0.10943804681301117,-0.2695348858833313,0.026309296488761902,-0.9563901424407959
1578998516.0456727,world,-0.222125843167305,-0.09043408930301666,-0.9663152694702148,-0.10962799191474915,-0.2696225345134735,0.026471242308616638,-0.9563392400741577
1578998516.0543964,world,-0.22204266488552094,-0.09056223183870316,-0.9662907123565674,-0.10970861464738846,-0.26957398653030396,0.026549406349658966,-0.956341564655304
1578998516.064549,world,-0.2220713496208191,-0.09067673981189728,-0.9664251208305359,-0.1099570244550705,-0.2697972357273102,0.02665313519537449,-0.9562471508979797
1578998516.074794,world,-0.2219848334789276,-0.09083056449890137,-0.9663860201835632,-0.11025797575712204,-0.2697591483592987,0.02676539309322834,-0.9562201499938965
1578998516.074922,world,-0.22195664048194885,-0.09099071472883224,-0.966406524181366,-0.11083061993122101,-0.2698533236980438,0.026974134147167206,-0.9561215043067932
1578998516.094235,world,-0.22202140092849731,-0.09111934155225754,-0.9666336178779602,-0.11111059039831161,-0.2701929211616516,0.027119401842355728,-0.955988883972168
1578998516.0942512,world,-0.22209198772907257,-0.09124888479709625,-0.9667286276817322,-0.11090405285358429,-0.27048203349113464,0.02702128328382969,-0.9559339880943298
1578998516.1048818,world,-0.22208385169506073,-0.09134383499622345,-0.9666832685470581,-0.11088922619819641,-0.2706524729728699,0.027034256607294083,-0.9558870196342468
1578998516.1049206,world,-0.22207364439964294,-0.09141028672456741,-0.9666792750358582,-0.11098775267601013,-0.2707732021808624,0.02709583006799221,-0.9558396935462952
1578998516.1144476,world,-0.2220439463853836,-0.0915033221244812,-0.9666457772254944,-0.11099372804164886,-0.27094170451164246,0.026996372267603874,-0.955794095993042
1578998516.1245651,world,-0.22203603386878967,-0.09154151380062103,-0.9666181802749634,-0.11110931634902954,-0.27106690406799316,0.02706627920269966,-0.9557431936264038
1578998516.1340158,world,-0.22202663123607635,-0.09158101677894592,-0.9665950536727905,-0.11114045977592468,-0.27125558257102966,0.027123071253299713,-0.9556843638420105
1578998516.1441286,world,-0.22202913463115692,-0.09161018580198288,-0.9665838479995728,-0.11126936227083206,-0.27144211530685425,0.027217604219913483,-0.9556137323379517
1578998516.1544614,world,-0.2220209389925003,-0.0916283130645752,-0.9665519595146179,-0.11133360117673874,-0.27164995670318604,0.027247508987784386,-0.9555463194847107
1578998516.1649246,world,-0.2220204621553421,-0.0916387140750885,-0.9665111899375916,-0.1114753931760788,-0.27186962962150574,0.02733246237039566,-0.9554648995399475
1578998516.174235,world,-0.22202281653881073,-0.09164243191480637,-0.9664463400840759,-0.11156243085861206,-0.2721247971057892,0.027374988421797752,-0.955380916595459
1578998516.18458,world,-0.22203610837459564,-0.09164532274007797,-0.9664089679718018,-0.11169037967920303,-0.2723894715309143,0.027447661384940147,-0.9552883505821228
1578998516.1846006,world,-0.22203853726387024,-0.09165124595165253,-0.9663318991661072,-0.11179248243570328,-0.27266156673431396,0.027498578652739525,-0.9551973342895508
1578998516.1940873,world,-0.22196270525455475,-0.09166239202022552,-0.9661740064620972,-0.11142352223396301,-0.2732812762260437,0.027222562581300735,-0.9550712704658508
1578998516.204332,world,-0.22198715806007385,-0.09166952967643738,-0.9661271572113037,-0.11155592650175095,-0.2735446095466614,0.02731144428253174,-0.9549779295921326
1578998516.2147167,world,-0.22209055721759796,-0.09168746322393417,-0.9661977887153625,-0.11182572692632675,-0.27399083971977234,0.027553463354706764,-0.9548115134239197
1578998516.2147346,world,-0.22212284803390503,-0.09170878678560257,-0.9660736322402954,-0.1119101494550705,-0.2741971015930176,0.027535391971468925,-0.9547428488731384
1578998516.223971,world,-0.22215162217617035,-0.09173010289669037,-0.966020941734314,-0.11197620630264282,-0.2743656039237976,0.027577679604291916,-0.9546855092048645
1578998516.234232,world,-0.22219233214855194,-0.09176359325647354,-0.9659839272499084,-0.11206520348787308,-0.27457675337791443,0.02760203182697296,-0.9546136260032654
1578998516.2446318,world,-0.2222435176372528,-0.0917985662817955,-0.9659466743469238,-0.11205855756998062,-0.27471446990966797,0.027554571628570557,-0.9545761942863464
1578998516.274256,world,-0.22237341105937958,-0.0918942242860794,-0.9659329056739807,-0.11183436959981918,-0.2749935984611511,0.027539033442735672,-0.9545224905014038
1578998516.2743332,world,-0.22245073318481445,-0.09193965792655945,-0.965930700302124,-0.11184880137443542,-0.275150865316391,0.027492204681038857,-0.9544768929481506
1578998516.2743402,world,-0.22261297702789307,-0.09203795343637466,-0.9658117294311523,-0.11188123375177383,-0.2755032777786255,0.027431180700659752,-0.9543731212615967
1578998516.284723,world,-0.22270096838474274,-0.09208591282367706,-0.9658006429672241,-0.11191060394048691,-0.2756440341472626,0.027407029643654823,-0.9543298482894897
1578998516.2946723,world,-0.22279100120067596,-0.09212561696767807,-0.9657684564590454,-0.11195320636034012,-0.2758153975009918,0.02734491229057312,-0.9542770981788635
1578998516.3046207,world,-0.22295941412448883,-0.09217929095029831,-0.9658548831939697,-0.1122441440820694,-0.2755208909511566,0.027554165571928024,-0.9543219208717346
1578998516.3137746,world,-0.22315318882465363,-0.09219992160797119,-0.9659990072250366,-0.11238810420036316,-0.27589118480682373,0.027502745389938354,-0.954199492931366
1578998516.313788,world,-0.22323359549045563,-0.09227004647254944,-0.9660045504570007,-0.11264513432979584,-0.27600860595703125,0.027512025088071823,-0.9541348814964294
1578998516.3245146,world,-0.22329482436180115,-0.09230676293373108,-0.9659925103187561,-0.11270442605018616,-0.27614766359329224,0.027508515864610672,-0.9540878534317017
1578998516.3346653,world,-0.2233734428882599,-0.092342309653759,-0.9659990072250366,-0.11274378001689911,-0.2763040065765381,0.027472276240587234,-0.9540389776229858
1578998516.3440096,world,-0.22345185279846191,-0.0923752412199974,-0.9660184979438782,-0.11277145147323608,-0.2764754593372345,0.027416715398430824,-0.9539875388145447
1578998516.3551645,world,-0.22340001165866852,-0.09253289550542831,-0.9658585786819458,-0.11279688775539398,-0.2763068377971649,0.02726445160806179,-0.9540377855300903
1578998516.3645396,world,-0.22354483604431152,-0.09255679696798325,-0.9659767746925354,-0.1129380315542221,-0.2766886353492737,0.027169717475771904,-0.9539130926132202
1578998516.364553,world,-0.22364099323749542,-0.0925995260477066,-0.9660170674324036,-0.112900011241436,-0.27690616250038147,0.02708778902888298,-0.953856885433197
1578998516.3738618,world,-0.2237250804901123,-0.09264501929283142,-0.9660354852676392,-0.11290033906698227,-0.2771127223968506,0.02703913301229477,-0.9537981748580933
1578998516.3845165,world,-0.22380571067333221,-0.09268780052661896,-0.9660552740097046,-0.11289384961128235,-0.2773057818412781,0.026984527707099915,-0.9537444114685059
1578998516.3938274,world,-0.22397132217884064,-0.0927797332406044,-0.966150164604187,-0.11316463351249695,-0.2778114974498749,0.02712634950876236,-0.9535610675811768
1578998516.4059768,world,-0.22405828535556793,-0.09281428903341293,-0.9661755561828613,-0.11315631121397018,-0.27801933884620667,0.027072785422205925,-0.9535030722618103
1578998516.424585,world,-0.22425991296768188,-0.0928715243935585,-0.9663589000701904,-0.11304540187120438,-0.2784557342529297,0.026990938931703568,-0.9533911347389221
1578998516.4245946,world,-0.22445723414421082,-0.09284227341413498,-0.9663364291191101,-0.11298693716526031,-0.2788894474506378,0.026605870574712753,-0.9532821774482727
1578998516.4344559,world,-0.22452734410762787,-0.09288383275270462,-0.966300368309021,-0.11311697959899902,-0.2789822518825531,0.026679005473852158,-0.9532375335693359
1578998516.444838,world,-0.22462740540504456,-0.09286347031593323,-0.9663070440292358,-0.11304055899381638,-0.27914005517959595,0.02646266669034958,-0.9532064199447632
1578998516.4542742,world,-0.224715918302536,-0.09286603331565857,-0.9662811756134033,-0.11303510516881943,-0.27921321988105774,0.026387641206383705,-0.9531876444816589
1578998516.4643872,world,-0.22479665279388428,-0.09285985678434372,-0.9662596583366394,-0.11304524540901184,-0.279229998588562,0.026299985125660896,-0.9531840085983276
1578998516.4747987,world,-0.22488009929656982,-0.09284688532352448,-0.9662238359451294,-0.11308660358190536,-0.2792276442050934,0.026193276047706604,-0.9531826972961426
1578998516.4748192,world,-0.2249593734741211,-0.09282845258712769,-0.9661742448806763,-0.11313732713460922,-0.2792409062385559,0.026089821010828018,-0.9531756639480591
1578998516.4841135,world,-0.22503453493118286,-0.09279555082321167,-0.9660783410072327,-0.11327461898326874,-0.2792319059371948,0.025967871770262718,-0.9531652927398682
1578998516.4943995,world,-0.22508645057678223,-0.09274889528751373,-0.9659469127655029,-0.11316048353910446,-0.2791258692741394,0.025675637647509575,-0.9532178640365601
1578998516.504586,world,-0.2252422720193863,-0.09273820370435715,-0.9659382104873657,-0.11289796233177185,-0.27860793471336365,0.02518383041024208,-0.9534135460853577
1578998516.5153763,world,-0.22538119554519653,-0.09268669039011002,-0.9659013748168945,-0.11310756206512451,-0.2786877751350403,0.02509881742298603,-0.9533677101135254
1578998516.524397,world,-0.22537818551063538,-0.0927245244383812,-0.9657384753227234,-0.11297520250082016,-0.27845022082328796,0.024917341768741608,-0.9534575939178467
1578998516.5347245,world,-0.22553245723247528,-0.09268146753311157,-0.9657389521598816,-0.11327017843723297,-0.2786116600036621,0.02491019479930401,-0.9533756375312805
1578998516.5347428,world,-0.2256203442811966,-0.09267950057983398,-0.9656892418861389,-0.11334800720214844,-0.278572678565979,0.024792276322841644,-0.9533807635307312
1578998516.544206,world,-0.22570186853408813,-0.09267105162143707,-0.9656247496604919,-0.11340425163507462,-0.2785739004611969,0.024646200239658356,-0.9533775448799133
1578998516.5544941,world,-0.22579342126846313,-0.09265632182359695,-0.9655426144599915,-0.11346161365509033,-0.27867600321769714,0.024500809609889984,-0.9533445835113525
1578998516.5650558,world,-0.2259688377380371,-0.092659592628479,-0.9656388759613037,-0.11363434046506882,-0.27888497710227966,0.0244732778519392,-0.9532636404037476
1578998516.5650911,world,-0.22608020901679993,-0.09265340119600296,-0.9656025171279907,-0.11371485888957977,-0.279063880443573,0.024362144991755486,-0.9532045125961304
1578998516.5748477,world,-0.22626586258411407,-0.09269151836633682,-0.9657118320465088,-0.11338333040475845,-0.27938613295555115,0.024088021367788315,-0.9531566500663757
1578998516.583913,world,-0.22640109062194824,-0.09269262850284576,-0.9657531976699829,-0.11342562735080719,-0.27960634231567383,0.02396950125694275,-0.9530899524688721
1578998516.594089,world,-0.22661495208740234,-0.09270361810922623,-0.9659139513969421,-0.11363323032855988,-0.2799789607524872,0.024016084149479866,-0.9529547095298767
1578998516.604736,world,-0.22673262655735016,-0.09273075312376022,-0.9659691452980042,-0.11362670361995697,-0.28020521998405457,0.023809440433979034,-0.9528940916061401
1578998516.6176422,world,-0.22695742547512054,-0.0927131399512291,-0.966151237487793,-0.11376172304153442,-0.2806576192378998,0.023718342185020447,-0.9527470469474792
1578998516.6176863,world,-0.22707366943359375,-0.09275679290294647,-0.9662253260612488,-0.11389072984457016,-0.28081807494163513,0.023565296083688736,-0.9526882767677307
1578998516.6238751,world,-0.22718626260757446,-0.09277773648500443,-0.9662753343582153,-0.11389533430337906,-0.28097379207611084,0.02341763861477375,-0.9526453614234924
1578998516.6350088,world,-0.22730250656604767,-0.09281697869300842,-0.9663264155387878,-0.11395946145057678,-0.2810520529747009,0.02323678322136402,-0.9526191353797913
1578998516.6446457,world,-0.22739335894584656,-0.09283792972564697,-0.9663653373718262,-0.11393547803163528,-0.2812201976776123,0.02307559736073017,-0.9525762796401978
1578998516.6544247,world,-0.2274915724992752,-0.09285760670900345,-0.96640944480896,-0.11390113830566406,-0.28138765692710876,0.022929029539227486,-0.9525343775749207
1578998516.6647878,world,-0.22751018404960632,-0.09291741997003555,-0.9663603901863098,-0.11375592648983002,-0.28137749433517456,0.022758282721042633,-0.9525588750839233
1578998516.6648264,world,-0.22766564786434174,-0.09289920330047607,-0.9664918184280396,-0.11389412730932236,-0.28167805075645447,0.02268860675394535,-0.9524551630020142
1578998516.6760845,world,-0.2278420776128769,-0.092922642827034,-0.9666551351547241,-0.11350264400243759,-0.2814009189605713,0.02220291644334793,-0.9525952339172363
1578998516.6846406,world,-0.22787776589393616,-0.09297413378953934,-0.9666567444801331,-0.11326904594898224,-0.2814381718635559,0.022041190415620804,-0.9526157975196838
1578998516.6939845,world,-0.22795537114143372,-0.09297304600477219,-0.9667077660560608,-0.1133241057395935,-0.2818523347377777,0.021829549223184586,-0.9524917602539062
1578998516.7041986,world,-0.2281092405319214,-0.09304475784301758,-0.9668847918510437,-0.11310117691755295,-0.28218600153923035,0.021586831659078598,-0.952424943447113
1578998516.714692,world,-0.2281942516565323,-0.09307561069726944,-0.9669672250747681,-0.1132778599858284,-0.2823928892612457,0.021560601890087128,-0.9523431658744812
1578998516.7242007,world,-0.22834189236164093,-0.09304706007242203,-0.9670584201812744,-0.11337415874004364,-0.28285935521125793,0.02150261215865612,-0.9521946907043457
1578998516.7242186,world,-0.22842417657375336,-0.09304070472717285,-0.9671557545661926,-0.11334113776683807,-0.283100962638855,0.021435437723994255,-0.9521282911300659
1578998516.7445488,world,-0.22850143909454346,-0.09303645044565201,-0.9672534465789795,-0.1133570447564125,-0.28338509798049927,0.021380752325057983,-0.9520430564880371
1578998516.7538855,world,-0.22867430746555328,-0.09299973398447037,-0.9674829244613647,-0.11345908790826797,-0.283884733915329,0.021368632093071938,-0.9518823027610779
1578998516.753929,world,-0.22882108390331268,-0.09300623089075089,-0.9677030444145203,-0.11364315450191498,-0.28431087732315063,0.021556468680500984,-0.9517289400100708
1578998516.7642086,world,-0.2288738489151001,-0.09299889206886292,-0.9677992463111877,-0.11363324522972107,-0.2845395803451538,0.02153189666569233,-0.9516623616218567
1578998516.7745476,world,-0.2289218157529831,-0.0929962769150734,-0.9678655862808228,-0.11361698806285858,-0.2847798764705658,0.021530821919441223,-0.9515923857688904
1578998516.7838213,world,-0.2289084941148758,-0.09297049790620804,-0.9678587913513184,-0.11363952606916428,-0.2852029502391815,0.021695053204894066,-0.9514592885971069
1578998516.7948978,world,-0.228907510638237,-0.0929790586233139,-0.9678928256034851,-0.11396580189466476,-0.2855847477912903,0.021929698064923286,-0.951300323009491
1578998516.7949064,world,-0.22895291447639465,-0.0929742231965065,-0.967961311340332,-0.11395014077425003,-0.2857293486595154,0.02194427326321602,-0.9512584209442139
1578998516.8039494,world,-0.22909611463546753,-0.09296522289514542,-0.9681479930877686,-0.11354418098926544,-0.28543078899383545,0.021576233208179474,-0.9514050483703613
1578998516.8143952,world,-0.22914442420005798,-0.09293307363986969,-0.9682018756866455,-0.11339915543794632,-0.28553658723831177,0.021582316607236862,-0.9513904452323914
1578998516.8248832,world,-0.22908620536327362,-0.09293311834335327,-0.9681409001350403,-0.11390595138072968,-0.28603416681289673,0.021996350958943367,-0.9511708617210388
1578998516.8249032,world,-0.22922886908054352,-0.09288845211267471,-0.9683151841163635,-0.11334118992090225,-0.28568384051322937,0.021590543910861015,-0.9513530135154724
1578998516.8342352,world,-0.22928783297538757,-0.09287147223949432,-0.9683843851089478,-0.11328963190317154,-0.2857280671596527,0.021576115861535072,-0.9513460993766785
1578998516.8444736,world,-0.22934198379516602,-0.09282706677913666,-0.9684199094772339,-0.11305844038724899,-0.28576287627220154,0.0215341504663229,-0.9513641595840454
1578998516.8658235,world,-0.22940070927143097,-0.09282072633504868,-0.9684767127037048,-0.11318221688270569,-0.28576838970184326,0.021458787843585014,-0.9513494372367859
1578998516.8658485,world,-0.22945351898670197,-0.09278563410043716,-0.9685264229774475,-0.11296898126602173,-0.2857886850833893,0.0214241873472929,-0.9513695240020752
1578998516.8658555,world,-0.22951823472976685,-0.09277785569429398,-0.9685953855514526,-0.11290420591831207,-0.2858094573020935,0.021405015140771866,-0.9513713717460632
1578998516.87451,world,-0.22957387566566467,-0.09278777241706848,-0.9686469435691833,-0.11289607733488083,-0.2858503460884094,0.021431369706988335,-0.9513594508171082
1578998516.894976,world,-0.22964254021644592,-0.09279447048902512,-0.9687151908874512,-0.11285371333360672,-0.2858782410621643,0.021431908011436462,-0.951356053352356
1578998516.8949916,world,-0.22975493967533112,-0.09278110414743423,-0.9688263535499573,-0.11304076015949249,-0.28577491641044617,0.021719248965382576,-0.9513583779335022
1578998516.904064,world,-0.22985629737377167,-0.09287983179092407,-0.9689480066299438,-0.11254597455263138,-0.28618302941322327,0.0214216411113739,-0.951301097869873
1578998516.9144146,world,-0.22993311285972595,-0.09293260425329208,-0.9690024256706238,-0.1127057746052742,-0.2862425744533539,0.021472150459885597,-0.9512631893157959
1578998516.9246993,world,-0.23002558946609497,-0.09295757859945297,-0.9690904021263123,-0.11265189200639725,-0.28632116317749023,0.021477719768881798,-0.9512458443641663
1578998516.9340298,world,-0.23019836843013763,-0.09295046329498291,-0.969245195388794,-0.11286148428916931,-0.2860794961452484,0.021796833723783493,-0.9512863755226135
1578998516.934047,world,-0.2303600311279297,-0.09299314767122269,-0.9694076180458069,-0.11306833475828171,-0.2862504720687866,0.02182871103286743,-0.9512097239494324
1578998516.9444942,world,-0.230451762676239,-0.09302563220262527,-0.9694719910621643,-0.11305572837591171,-0.2863333225250244,0.02185855247080326,-0.9511855244636536
1578998516.957859,world,-0.23066489398479462,-0.09302090853452682,-0.9696825742721558,-0.11317238956689835,-0.28664159774780273,0.021904807537794113,-0.9510778188705444
1578998516.964262,world,-0.23063910007476807,-0.09310737997293472,-0.969595730304718,-0.1132311075925827,-0.2864767909049988,0.021940166130661964,-0.951119601726532
1578998516.9780047,world,-0.2308405190706253,-0.09312938153743744,-0.9697979092597961,-0.11323157697916031,-0.2866767942905426,0.022101836279034615,-0.9510555863380432
1578998516.984022,world,-0.2309289276599884,-0.0931590273976326,-0.9696857929229736,-0.11338475346565247,-0.28678253293037415,0.02215372771024704,-0.9510042667388916
1578998516.9840634,world,-0.23103462159633636,-0.0931851789355278,-0.969744086265564,-0.11336485296487808,-0.2868288457393646,0.02213084138929844,-0.9509931802749634
1578998516.994232,world,-0.23112978041172028,-0.09320563077926636,-0.9697954058647156,-0.1133616715669632,-0.28684836626052856,0.022093115374445915,-0.9509884715080261
1578998517.004568,world,-0.23124174773693085,-0.09322033822536469,-0.9698780179023743,-0.11331972479820251,-0.2869115471839905,0.02203230746090412,-0.9509758353233337
1578998517.01518,world,-0.23133698105812073,-0.09323381632566452,-0.9699040055274963,-0.11329693347215652,-0.28696316480636597,0.021968899294734,-0.9509644508361816
1578998517.015189,world,-0.23144902288913727,-0.09323808550834656,-0.9699639081954956,-0.11328140646219254,-0.2870377004146576,0.021900378167629242,-0.9509453773498535
1578998517.0243657,world,-0.23155738413333893,-0.09323769062757492,-0.9700077772140503,-0.1132424920797348,-0.2871088981628418,0.021800745278596878,-0.9509308338165283
1578998517.0345628,world,-0.23165737092494965,-0.0932365357875824,-0.9700356721878052,-0.1132512092590332,-0.2871913015842438,0.021744810044765472,-0.9509062170982361
1578998517.0450604,world,-0.23176704347133636,-0.09323030710220337,-0.9700648784637451,-0.11322323232889175,-0.2872830927371979,0.02166878618299961,-0.9508835673332214
1578998517.0646245,world,-0.23200665414333344,-0.09320823848247528,-0.9702077507972717,-0.11312579363584518,-0.28769922256469727,0.021479083225131035,-0.9507735967636108
1578998517.064639,world,-0.2321201115846634,-0.0931977927684784,-0.9702185988426208,-0.11313800513744354,-0.28780505061149597,0.021415822207927704,-0.9507415294647217
1578998517.0749934,world,-0.23234684765338898,-0.09317517280578613,-0.9703598022460938,-0.11273520439863205,-0.28753167390823364,0.020909884944558144,-0.9508833885192871
1578998517.0750103,world,-0.23245830833911896,-0.09314469248056412,-0.9703249335289001,-0.11278494447469711,-0.2876630425453186,0.020855527371168137,-0.9508389830589294
1578998517.0842063,world,-0.23258642852306366,-0.09312675148248672,-0.970367431640625,-0.11281273514032364,-0.28776705265045166,0.02079015225172043,-0.9508056640625
1578998517.094436,world,-0.23277658224105835,-0.09306857734918594,-0.9705074429512024,-0.11280938237905502,-0.2879157066345215,0.02061740681529045,-0.9507646560668945
1578998517.1064775,world,-0.23301354050636292,-0.09299149364233017,-0.9706337451934814,-0.11289528757333755,-0.2881745398044586,0.020457861945033073,-0.9506796002388
1578998517.1245902,world,-0.23313282430171967,-0.09295527637004852,-0.9706117510795593,-0.11288817226886749,-0.2881316542625427,0.020314516499638557,-0.9506964683532715
1578998517.124649,world,-0.23346850275993347,-0.09293098002672195,-0.970801830291748,-0.11324655264616013,-0.28840675950050354,0.020482957363128662,-0.9505667686462402
1578998517.134706,world,-0.2337000072002411,-0.09286047518253326,-0.9709507822990417,-0.11353908479213715,-0.2881028652191162,0.020509125664830208,-0.9506234526634216
1578998517.1441383,world,-0.2338307797908783,-0.09283710271120071,-0.9709938764572144,-0.11354859918355942,-0.288124680519104,0.020438918843865395,-0.9506173133850098
1578998517.1653125,world,-0.23396168649196625,-0.0928066223859787,-0.9710359573364258,-0.11351975053548813,-0.2881695628166199,0.020315542817115784,-0.9506098031997681
1578998517.1653233,world,-0.23410625755786896,-0.09274214506149292,-0.9711134433746338,-0.1133091002702713,-0.28821447491645813,0.019950564950704575,-0.9506290555000305
1578998517.165327,world,-0.23425348103046417,-0.09272798895835876,-0.9711703062057495,-0.11326805502176285,-0.28829652070999146,0.019853759557008743,-0.9506110548973083
1578998517.1748962,world,-0.23448747396469116,-0.09274483472108841,-0.9713383913040161,-0.11283596605062485,-0.2885706126689911,0.019568612799048424,-0.9505852460861206
1578998517.185233,world,-0.23464956879615784,-0.09272860735654831,-0.9714106917381287,-0.11275672167539597,-0.2886771857738495,0.019452780485153198,-0.9505646824836731
1578998517.194502,world,-0.23492905497550964,-0.09268701821565628,-0.9715383052825928,-0.11234759539365768,-0.2884981334209442,0.018903477117419243,-0.9506784677505493
1578998517.2117023,world,-0.23521095514297485,-0.09263962507247925,-0.9717467427253723,-0.1122964471578598,-0.2888469398021698,0.018764667212963104,-0.950581431388855
1578998517.211708,world,-0.2354436218738556,-0.09264243394136429,-0.9718809723854065,-0.11233378201723099,-0.28913968801498413,0.018819883465766907,-0.9504867792129517
1578998517.2180643,world,-0.23561064898967743,-0.0926397442817688,-0.9719321727752686,-0.11229220032691956,-0.2892208695411682,0.01873914711177349,-0.9504686594009399
1578998517.2344682,world,-0.23587562143802643,-0.09263148903846741,-0.9720645546913147,-0.11248642951250076,-0.28951483964920044,0.0188928060233593,-0.9503531455993652
1578998517.2344928,world,-0.23604945838451385,-0.09263094514608383,-0.9721359610557556,-0.11243835836648941,-0.2895737290382385,0.01883980818092823,-0.9503419995307922
1578998517.2463987,world,-0.23621118068695068,-0.092627614736557,-0.9721915125846863,-0.11240226030349731,-0.28958937525749207,0.018779665231704712,-0.9503426551818848
1578998517.257999,world,-0.2363809049129486,-0.09261488169431686,-0.972241997718811,-0.11229652166366577,-0.2895876169204712,0.018642131239175797,-0.9503583908081055
1578998517.2642636,world,-0.23653770983219147,-0.0926128476858139,-0.9722951054573059,-0.11224570125341415,-0.2895970046520233,0.01857113651931286,-0.9503629803657532
1578998517.2748055,world,-0.23679591715335846,-0.09263856709003448,-0.9724738001823425,-0.11180567741394043,-0.2898203432559967,0.018318789079785347,-0.9503516554832458
1578998517.2748246,world,-0.2369586080312729,-0.09264577925205231,-0.9725126624107361,-0.11167001724243164,-0.289827823638916,0.018199844285845757,-0.9503675103187561
1578998517.2839358,world,-0.23731404542922974,-0.09264101833105087,-0.9727228879928589,-0.1116420179605484,-0.2891232967376709,0.018130041658878326,-0.95058673620224
1578998517.2944648,world,-0.23760133981704712,-0.09260908514261246,-0.9729589223861694,-0.11153906583786011,-0.28940266370773315,0.018015405163168907,-0.9505159854888916
1578998517.3044565,world,-0.23773492872714996,-0.09260406345129013,-0.9728594422340393,-0.11138132214546204,-0.28932470083236694,0.017876237630844116,-0.9505609273910522
1578998517.3147376,world,-0.23795925080776215,-0.09260865300893784,-0.9729827642440796,-0.11143256723880768,-0.2895193099975586,0.017927471548318863,-0.950494647026062
1578998517.3641276,world,-0.23813916742801666,-0.09261848777532578,-0.9730688333511353,-0.11139114946126938,-0.28960809111595154,0.01790214329957962,-0.950472891330719
1578998517.3641438,world,-0.23839636147022247,-0.09260944277048111,-0.9731652140617371,-0.11162351816892624,-0.28999364376068115,0.01807388849556446,-0.9503248929977417
1578998517.3641489,world,-0.23873020708560944,-0.09264481067657471,-0.9732544422149658,-0.1114722490310669,-0.2902287542819977,0.018007878214120865,-0.9502720832824707
1578998517.3885283,world,-0.23898060619831085,-0.09268239140510559,-0.9734094738960266,-0.110988549888134,-0.290493369102478,0.017751377075910568,-0.9502526521682739
1578998517.3885465,world,-0.23977163434028625,-0.09267615526914597,-0.9738206267356873,-0.11069736629724503,-0.2913154363632202,0.017458569258451462,-0.9500404000282288
1578998517.394356,world,-0.23992784321308136,-0.09267713874578476,-0.9739019274711609,-0.11065929383039474,-0.2914372384548187,0.017421847209334373,-0.9500080943107605
1578998517.4044938,world,-0.24017180502414703,-0.09266991913318634,-0.9740870594978333,-0.1101091057062149,-0.2911478281021118,0.016913583502173424,-0.9501699805259705
1578998517.4157453,world,-0.24038350582122803,-0.09265996515750885,-0.9742445945739746,-0.11014897376298904,-0.2914002537727356,0.016966164112091064,-0.9500870108604431
1578998517.4157815,world,-0.24062573909759521,-0.09266086667776108,-0.9744283556938171,-0.11052845418453217,-0.291218101978302,0.01732337474822998,-0.9500923156738281
1578998517.4253688,world,-0.24085493385791779,-0.09266534447669983,-0.9746060371398926,-0.11069845408201218,-0.29153013229370117,0.01753651723265648,-0.949972927570343
1578998517.4346783,world,-0.2409941405057907,-0.09265709668397903,-0.9746627807617188,-0.11062955856323242,-0.29167473316192627,0.017520783469080925,-0.9499368667602539
1578998517.443974,world,-0.24113179743289948,-0.09264077991247177,-0.9747291207313538,-0.11059605330228806,-0.2918049693107605,0.017505189403891563,-0.9499011039733887
1578998517.4547036,world,-0.24135369062423706,-0.09263823181390762,-0.9748440384864807,-0.11027360707521439,-0.29214322566986084,0.017242245376110077,-0.9498394131660461
1578998517.4648414,world,-0.24149157106876373,-0.09261643141508102,-0.9749016761779785,-0.11028343439102173,-0.2923163175582886,0.017215734347701073,-0.9497855305671692
1578998517.478689,world,-0.2416238784790039,-0.09260313212871552,-0.9749430418014526,-0.11028014868497849,-0.2924177646636963,0.01718289963901043,-0.9497551918029785
1578998517.4787018,world,-0.24187465012073517,-0.09255810081958771,-0.9751400947570801,-0.1102343276143074,-0.2928011119365692,0.017073607072234154,-0.9496444463729858
1578998517.4841719,world,-0.24199151992797852,-0.09254037588834763,-0.975175142288208,-0.11023271083831787,-0.29288482666015625,0.01699920743703842,-0.9496201276779175
1578998517.4943957,world,-0.24211043119430542,-0.09252136200666428,-0.9752107858657837,-0.11028029024600983,-0.29299458861351013,0.016986923292279243,-0.9495809078216553
1578998517.5046623,world,-0.24222242832183838,-0.09249764680862427,-0.9752381443977356,-0.11027324944734573,-0.2931038439273834,0.01690095104277134,-0.9495496153831482
1578998517.514203,world,-0.24234409630298615,-0.092475526034832,-0.9752839207649231,-0.11032748222351074,-0.29322564601898193,0.016874544322490692,-0.9495061635971069
1578998517.5142155,world,-0.24244439601898193,-0.09245751798152924,-0.975314199924469,-0.11038609594106674,-0.2933354079723358,0.01687280647456646,-0.9494654536247253
1578998517.5255497,world,-0.2426319420337677,-0.09241920709609985,-0.9754672050476074,-0.11041969060897827,-0.2936114966869354,0.016839081421494484,-0.9493768215179443
1578998517.5344248,world,-0.24274083971977234,-0.09238647669553757,-0.9755040407180786,-0.11048484593629837,-0.2937946915626526,0.016849378123879433,-0.9493123888969421
1578998517.5448241,world,-0.242946058511734,-0.09239334613084793,-0.9757006764411926,-0.11072323471307755,-0.29417648911476135,0.017142124474048615,-0.9491610527038574
1578998517.5539172,world,-0.24305513501167297,-0.0923493430018425,-0.9757627248764038,-0.11083737760782242,-0.29439231753349304,0.0171212125569582,-0.9490811824798584
1578998517.5642788,world,-0.24325181543827057,-0.09235841780900955,-0.9759659171104431,-0.11049112677574158,-0.2947500944137573,0.01688823662698269,-0.9490147233009338
1578998517.564292,world,-0.243375763297081,-0.0923578143119812,-0.9760905504226685,-0.11042279750108719,-0.2949768602848053,0.01682816632091999,-0.9489532709121704
1578998517.5750902,world,-0.243594691157341,-0.09233890473842621,-0.9763079881668091,-0.10990387946367264,-0.29482176899909973,0.01627357490360737,-0.9490713477134705
1578998517.5849786,world,-0.24370919167995453,-0.0923326164484024,-0.9764143228530884,-0.10984505712985992,-0.2950689196586609,0.016174376010894775,-0.9490030407905579
1578998517.594196,world,-0.24392522871494293,-0.0923023447394371,-0.9766564965248108,-0.1097639724612236,-0.29556241631507874,0.0160311721265316,-0.948861300945282
1578998517.604696,world,-0.24401697516441345,-0.09230741113424301,-0.9767574667930603,-0.10970085859298706,-0.2958075702190399,0.015972193330526352,-0.9487932324409485
1578998517.6147666,world,-0.24410803616046906,-0.09232361614704132,-0.9768742918968201,-0.1096324697136879,-0.296064555644989,0.015923429280519485,-0.9487217664718628
1578998517.6147835,world,-0.2441980540752411,-0.0923372209072113,-0.9769842624664307,-0.10959973186254501,-0.2963387668132782,0.015913374722003937,-0.9486401677131653
1578998517.638321,world,-0.24427340924739838,-0.09235880523920059,-0.9770939350128174,-0.10957930982112885,-0.29662343859672546,0.01593085564672947,-0.9485531449317932
1578998517.6383438,world,-0.2443632185459137,-0.092379629611969,-0.9771715998649597,-0.10949943214654922,-0.2969752550125122,0.015918400138616562,-0.9484525322914124
1578998517.6454563,world,-0.2443438619375229,-0.09243123233318329,-0.9771599769592285,-0.10976342111825943,-0.29776132106781006,0.016349906101822853,-0.948168158531189
1578998517.6546535,world,-0.24449238181114197,-0.09241596609354019,-0.9773963093757629,-0.10967221111059189,-0.2982228994369507,0.016273071989417076,-0.948034942150116
1578998517.6641045,world,-0.2445700764656067,-0.09243638068437576,-0.9775218367576599,-0.10965154320001602,-0.2986445128917694,0.016309428960084915,-0.9479040503501892
1578998517.6744432,world,-0.24471932649612427,-0.09249347448348999,-0.9777400493621826,-0.10989408940076828,-0.2992861568927765,0.016703661531209946,-0.9476667046546936
1578998517.6846604,world,-0.24476778507232666,-0.09250637143850327,-0.977817952632904,-0.10983946919441223,-0.29974493384361267,0.01672111451625824,-0.9475276470184326
1578998517.6846738,world,-0.24491724371910095,-0.09255223721265793,-0.9780476093292236,-0.10941549390554428,-0.3003952205181122,0.016528068110346794,-0.9473742246627808
1578998517.6965842,world,-0.24496528506278992,-0.09256592392921448,-0.9781387448310852,-0.10939053446054459,-0.30088886618614197,0.016562337055802345,-0.9472197890281677
1578998517.7043529,world,-0.2449982464313507,-0.09258519858121872,-0.9782178401947021,-0.10936238616704941,-0.30138832330703735,0.016588671132922173,-0.9470638036727905
1578998517.714656,world,-0.2451332062482834,-0.092570461332798,-0.9784421324729919,-0.10940136760473251,-0.30211347341537476,0.016583794727921486,-0.9468283653259277
1578998517.7278616,world,-0.2450656294822693,-0.09258600324392319,-0.9784358739852905,-0.10901691019535065,-0.30284515023231506,0.016249869018793106,-0.9466447234153748
1578998517.7348638,world,-0.2450631707906723,-0.09261540323495865,-0.9785003662109375,-0.1090664491057396,-0.30326685309410095,0.01631825976073742,-0.9465028047561646
1578998517.7349327,world,-0.24508576095104218,-0.09265504777431488,-0.9787285327911377,-0.10918204486370087,-0.3038584887981415,0.016520362347364426,-0.946296215057373
1578998517.7449875,world,-0.24508287012577057,-0.09268689900636673,-0.9788315296173096,-0.10930345207452774,-0.3043108582496643,0.01666679047048092,-0.9461342096328735
1578998517.7562423,world,-0.2450648546218872,-0.09272713214159012,-0.9789105653762817,-0.10941416770219803,-0.3047650158405304,0.016796426847577095,-0.9459729194641113
1578998517.7651906,world,-0.24506588280200958,-0.09276828169822693,-0.9790807366371155,-0.10952762514352798,-0.3052191138267517,0.01684452034533024,-0.9458125233650208
1578998517.7652547,world,-0.2449805587530136,-0.09284263104200363,-0.979196310043335,-0.1098366379737854,-0.305902361869812,0.01722841151058674,-0.9455490112304688
1578998517.7744548,world,-0.24498867988586426,-0.09291800111532211,-0.979290783405304,-0.10990772396326065,-0.3062761127948761,0.017193716019392014,-0.9454204440116882
1578998517.7845585,world,-0.24499478936195374,-0.0929475799202919,-0.9792792797088623,-0.11005682498216629,-0.306772381067276,0.01721390150487423,-0.9452418088912964
1578998517.7948978,world,-0.24499920010566711,-0.09301292151212692,-0.9793686866760254,-0.11011005192995071,-0.3071536123752594,0.01717192493379116,-0.9451125264167786
1578998517.80414,world,-0.24494315683841705,-0.09311734884977341,-0.9793862700462341,-0.10999112576246262,-0.3074316680431366,0.017103279009461403,-0.9450371265411377
1578998517.8144827,world,-0.244942769408226,-0.093192458152771,-0.9794734120368958,-0.11001469939947128,-0.30779004096984863,0.017089461907744408,-0.9449179768562317
1578998517.8145485,world,-0.2449263334274292,-0.09331947565078735,-0.9795565605163574,-0.11021225154399872,-0.3082212209701538,0.01704818196594715,-0.9447551965713501
1578998517.8243032,world,-0.24492093920707703,-0.09339858591556549,-0.9796784520149231,-0.11027583479881287,-0.30866122245788574,0.017106778919696808,-0.9446030855178833
1578998517.8347948,world,-0.24480994045734406,-0.09349463135004044,-0.9796810746192932,-0.10989063233137131,-0.309407114982605,0.0166716817766428,-0.9444116950035095
1578998517.8440907,world,-0.24480074644088745,-0.09356342256069183,-0.9797773957252502,-0.10997109115123749,-0.3098074793815613,0.016752276569604874,-0.9442696571350098
1578998517.8586621,world,-0.24481359124183655,-0.09363402426242828,-0.9800282716751099,-0.11000705510377884,-0.31037619709968567,0.016851061955094337,-0.9440768957138062
1578998517.8640285,world,-0.24487151205539703,-0.09368292987346649,-0.9802396297454834,-0.1100628450512886,-0.31091681122779846,0.016876667737960815,-0.9438920617103577
1578998517.8745642,world,-0.24485662579536438,-0.09374354779720306,-0.980348527431488,-0.11007865518331528,-0.31133872270584106,0.01684464141726494,-0.9437516331672668
1578998517.8745816,world,-0.2447185516357422,-0.09380967915058136,-0.9803348779678345,-0.11044075340032578,-0.31215789914131165,0.017258116975426674,-0.9434312582015991
1578998517.8839772,world,-0.24475501477718353,-0.09389002621173859,-0.980681300163269,-0.11039543896913528,-0.3122808635234833,0.016949141398072243,-0.9434015154838562
1578998517.894225,world,-0.24475061893463135,-0.09398893266916275,-0.980895459651947,-0.11106355488300323,-0.3131778836250305,0.017484668642282486,-0.9430158138275146
1578998517.9046338,world,-0.24459733068943024,-0.09399805217981339,-0.9807831645011902,-0.1108817383646965,-0.31349891424179077,0.017225202172994614,-0.9429352879524231
1578998517.915413,world,-0.24461978673934937,-0.09405790269374847,-0.9810897707939148,-0.1111237108707428,-0.3141181468963623,0.017482470721006393,-0.9426959753036499
1578998517.9154198,world,-0.244480162858963,-0.09409056603908539,-0.981041431427002,-0.11064167320728302,-0.3149935305118561,0.017093341797590256,-0.9424676895141602
1578998517.9246404,world,-0.24439413845539093,-0.09410502761602402,-0.9811211228370667,-0.11068347096443176,-0.3155035972595215,0.017101410776376724,-0.9422920942306519
1578998517.9339967,world,-0.24430687725543976,-0.0941261500120163,-0.9812110066413879,-0.11076963692903519,-0.3160269260406494,0.017150526866316795,-0.9421056509017944
1578998517.9443653,world,-0.24415026605129242,-0.09416604787111282,-0.9813693761825562,-0.11131291836500168,-0.3170659840106964,0.017642395570874214,-0.9416833519935608
1578998517.95496,world,-0.24406135082244873,-0.09416679292917252,-0.9815034866333008,-0.11136097460985184,-0.3176429271697998,0.017652375623583794,-0.9414829611778259
1578998517.9642992,world,-0.24395574629306793,-0.0941714346408844,-0.9816190600395203,-0.11140402406454086,-0.31816497445106506,0.017666045576334,-0.9413012862205505
1578998517.9643164,world,-0.24375061690807343,-0.09414951503276825,-0.9815979599952698,-0.11122623831033707,-0.31847646832466125,0.01747814007103443,-0.9412204623222351
1578998517.9748063,world,-0.24355725944042206,-0.09413230419158936,-0.9817469120025635,-0.11093476414680481,-0.3192446529865265,0.017173251137137413,-0.9410002827644348
1578998517.9838252,world,-0.24342046678066254,-0.09412480890750885,-0.9818331599235535,-0.1109732910990715,-0.31975775957107544,0.017249086871743202,-0.9408200979232788
1578998517.9941185,world,-0.2431962490081787,-0.09413256496191025,-0.9818175435066223,-0.11142601817846298,-0.3205980062484741,0.017757616937160492,-0.9404711127281189
1578998518.0042667,world,-0.24303081631660461,-0.09414957463741302,-0.9820019602775574,-0.11149326711893082,-0.32107165455818176,0.017916375771164894,-0.9402985572814941
1578998518.0147321,world,-0.24289175868034363,-0.0941479355096817,-0.9821072220802307,-0.11154047399759293,-0.32150694727897644,0.017983777448534966,-0.9401428699493408
1578998518.0147533,world,-0.24274995923042297,-0.09415209293365479,-0.9821855425834656,-0.11154499650001526,-0.32194602489471436,0.018057771027088165,-0.9399906992912292
1578998518.024067,world,-0.24252115190029144,-0.09417074173688889,-0.9821943044662476,-0.11106952279806137,-0.32263779640197754,0.017751645296812057,-0.9398155212402344
1578998518.0447533,world,-0.24237072467803955,-0.0941886380314827,-0.9822891354560852,-0.111110620200634,-0.3230162262916565,0.017900709062814713,-0.939677894115448
1578998518.0447664,world,-0.24211470782756805,-0.09422259777784348,-0.9822730422019958,-0.11151808500289917,-0.3237076699733734,0.01847788505256176,-0.9393804669380188
1578998518.053881,world,-0.24197573959827423,-0.09424159675836563,-0.9824907779693604,-0.11147061735391617,-0.32405149936676025,0.018524834886193275,-0.9392666816711426
1578998518.06418,world,-0.24183903634548187,-0.09429141134023666,-0.9828333854675293,-0.11153088510036469,-0.32437863945961,0.018835173919796944,-0.9391403794288635
1578998518.0846992,world,-0.2416941076517105,-0.09432274103164673,-0.983038067817688,-0.11146938055753708,-0.32462748885154724,0.018940959125757217,-0.9390596151351929
1578998518.0847056,world,-0.24152737855911255,-0.09435155987739563,-0.9831706285476685,-0.11144570261240005,-0.32486382126808167,0.019068481400609016,-0.9389780759811401
1578998518.0847096,world,-0.2413613349199295,-0.09438664466142654,-0.9832852482795715,-0.11144105345010757,-0.3250906467437744,0.019223283976316452,-0.9388969540596008
1578998518.0940244,world,-0.2411104440689087,-0.09442751109600067,-0.9833154678344727,-0.11105000227689743,-0.32554909586906433,0.019042596220970154,-0.9387881755828857
1578998518.1062143,world,-0.24087072908878326,-0.094476118683815,-0.9833425283432007,-0.11139474809169769,-0.3260868489742279,0.0196076612919569,-0.9385490417480469
1578998518.1148014,world,-0.24071075022220612,-0.09455036371946335,-0.9835628867149353,-0.1114262118935585,-0.32630372047424316,0.019894914701581,-0.9384638667106628
1578998518.1241508,world,-0.24058112502098083,-0.09460775554180145,-0.9838582277297974,-0.11143948882818222,-0.32665929198265076,0.020159030333161354,-0.9383329749107361
1578998518.1344798,world,-0.24042898416519165,-0.09467203915119171,-0.9840351343154907,-0.11125791072845459,-0.32682570815086365,0.020271025598049164,-0.9382940530776978
1578998518.134496,world,-0.2402154803276062,-0.09475285559892654,-0.9842069149017334,-0.11109159886837006,-0.3269336521625519,0.020322684198617935,-0.9382750391960144
1578998518.1438513,world,-0.24006161093711853,-0.09481404721736908,-0.9843617677688599,-0.1110011413693428,-0.32719138264656067,0.020450787618756294,-0.938193142414093
1578998518.1542835,world,-0.23991920053958893,-0.09487134963274002,-0.9845568537712097,-0.11090325564146042,-0.3273594081401825,0.02054312452673912,-0.9381440877914429
1578998518.164682,world,-0.23966653645038605,-0.09492647647857666,-0.9845991730690002,-0.11116355657577515,-0.3278979957103729,0.02101823315024376,-0.9379146695137024
1578998518.174058,world,-0.2394460290670395,-0.09498686343431473,-0.9846387505531311,-0.11069890856742859,-0.3284166157245636,0.02079470269382,-0.9377930760383606
1578998518.17425,world,-0.23930177092552185,-0.09511198103427887,-0.9848914742469788,-0.11085609346628189,-0.3287546932697296,0.021358227357268333,-0.9376434683799744
1578998518.1843994,world,-0.2390788197517395,-0.09515543282032013,-0.9849600791931152,-0.11047260463237762,-0.3287563920021057,0.021134037524461746,-0.937693178653717
1578998518.1949112,world,-0.23886564373970032,-0.09522248059511185,-0.9849568009376526,-0.11043345183134079,-0.3289046883583069,0.02130947634577751,-0.9376418590545654
1578998518.2041628,world,-0.23872506618499756,-0.09525761753320694,-0.9850658774375916,-0.11041483283042908,-0.32917243242263794,0.021461032330989838,-0.9375465512275696
1578998518.2146144,world,-0.238603413105011,-0.0952901765704155,-0.9852285981178284,-0.11031673103570938,-0.32945194840431213,0.02151842974126339,-0.9374586343765259
1578998518.2249463,world,-0.23837439715862274,-0.09534550458192825,-0.9852593541145325,-0.11063633859157562,-0.33006006479263306,0.022030232474207878,-0.9371951818466187
1578998518.2249591,world,-0.23825295269489288,-0.09538862854242325,-0.9854394793510437,-0.11055159568786621,-0.3303031623363495,0.022093985229730606,-0.9371179938316345
1578998518.234258,world,-0.23804816603660583,-0.09543211758136749,-0.9854419827461243,-0.11018979549407959,-0.33082982897758484,0.02190445549786091,-0.9369792342185974
1578998518.244473,world,-0.2379540055990219,-0.0954800620675087,-0.9856712222099304,-0.11024465411901474,-0.33117592334747314,0.022120196372270584,-0.9368454217910767
1578998518.256937,world,-0.23774336278438568,-0.09555740654468536,-0.9856414198875427,-0.11014145612716675,-0.33118370175361633,0.02218000404536724,-0.9368534684181213
1578998518.2572095,world,-0.23772914707660675,-0.09556221961975098,-0.9858368635177612,-0.11025086790323257,-0.33155202865600586,0.022308269515633583,-0.9367072582244873
1578998518.2643554,world,-0.23749449849128723,-0.09564460813999176,-0.9857279658317566,-0.11019722372293472,-0.33152514696121216,0.02242184989154339,-0.9367203712463379
1578998518.2840128,world,-0.23738107085227966,-0.09569378197193146,-0.985815703868866,-0.11027640104293823,-0.3316178619861603,0.022587483748793602,-0.9366742968559265
1578998518.2945447,world,-0.23726527392864227,-0.09573530405759811,-0.9858313798904419,-0.11037328839302063,-0.3317570090293884,0.022755999118089676,-0.9366094470024109
1578998518.2945733,world,-0.23716682195663452,-0.09579717367887497,-0.9858892560005188,-0.11030730605125427,-0.3318096697330475,0.022847723215818405,-0.9365963339805603
1578998518.3043141,world,-0.23696665465831757,-0.0958477184176445,-0.9858506321907043,-0.11069367825984955,-0.33212336897850037,0.02335452102124691,-0.9364270567893982
1578998518.3145943,world,-0.23688048124313354,-0.09589540958404541,-0.9858723282814026,-0.11074523627758026,-0.3321729004383087,0.023488888517022133,-0.9363999962806702
1578998518.3150342,world,-0.2366984784603119,-0.09594287723302841,-0.9857451915740967,-0.1109558641910553,-0.33205199241638184,0.023707928135991096,-0.9364124536514282
1578998518.325112,world,-0.23662583529949188,-0.09599635750055313,-0.985755980014801,-0.11095533519983292,-0.33205363154411316,0.02376512438058853,-0.9364104866981506
1578998518.3341472,world,-0.23656955361366272,-0.09605389833450317,-0.9858167171478271,-0.11095195263624191,-0.3319985270500183,0.02386406622827053,-0.9364279508590698
1578998518.3444173,world,-0.23652680218219757,-0.09611845761537552,-0.9858306646347046,-0.1111396998167038,-0.3319728374481201,0.02395189367234707,-0.9364124536514282
1578998518.354999,world,-0.2364864945411682,-0.0961683839559555,-0.9858394265174866,-0.11115795373916626,-0.33194249868392944,0.023982292041182518,-0.9364202618598938
1578998518.3550122,world,-0.2364635169506073,-0.09622148424386978,-0.9858678579330444,-0.11118028312921524,-0.33189019560813904,0.02402234449982643,-0.9364351630210876
1578998518.3646476,world,-0.23643812537193298,-0.09628485143184662,-0.9858287572860718,-0.11115437746047974,-0.33182796835899353,0.024046767503023148,-0.9364596605300903
1578998518.3844488,world,-0.23643144965171814,-0.09633112698793411,-0.9858385324478149,-0.11113114655017853,-0.3317647874355316,0.024068551138043404,-0.9364842772483826
1578998518.384462,world,-0.23640640079975128,-0.09641201794147491,-0.9858194589614868,-0.11114520579576492,-0.3316841721534729,0.0239998959004879,-0.9365128874778748
1578998518.3948715,world,-0.23640775680541992,-0.09645593911409378,-0.9858217239379883,-0.11117331683635712,-0.3315925598144531,0.024065084755420685,-0.9365403652191162
1578998518.394886,world,-0.23641183972358704,-0.0965067520737648,-0.985806405544281,-0.11117470264434814,-0.33152416348457336,0.024128232151269913,-0.9365628361701965
1578998518.4041405,world,-0.23642250895500183,-0.09655280411243439,-0.9857892990112305,-0.11120911687612534,-0.331417053937912,0.02419017255306244,-0.9365949034690857
1578998518.4146898,world,-0.23643364012241364,-0.0965995043516159,-0.9857732653617859,-0.11123170703649521,-0.33136120438575745,0.02423081360757351,-0.936610996723175
1578998518.434104,world,-0.23646454513072968,-0.09664139896631241,-0.9857605695724487,-0.11124473810195923,-0.3312923312187195,0.024259019643068314,-0.9366330504417419
1578998518.4341478,world,-0.23649771511554718,-0.0967041626572609,-0.9857697486877441,-0.11132998019456863,-0.33123740553855896,0.024380579590797424,-0.9366391897201538
1578998518.4446857,world,-0.2365158349275589,-0.09680666029453278,-0.9857165813446045,-0.11153854429721832,-0.331184983253479,0.024738725274801254,-0.9366236329078674
1578998518.455211,world,-0.23654389381408691,-0.09687274694442749,-0.9856647253036499,-0.11149589717388153,-0.3312186896800995,0.024588817730545998,-0.9366207122802734
1578998518.4644768,world,-0.23660363256931305,-0.09691034257411957,-0.9856618642807007,-0.11144547909498215,-0.3312087059020996,0.024520566686987877,-0.936631977558136
1578998518.4644926,world,-0.23667003214359283,-0.09695427119731903,-0.9856584072113037,-0.11142423003911972,-0.33118322491645813,0.02447686344385147,-0.9366446733474731
1578998518.4747832,world,-0.23683737218379974,-0.09699875116348267,-0.9857569336891174,-0.11111289262771606,-0.33080244064331055,0.024095920845866203,-0.9368260502815247
1578998518.4843314,world,-0.2369004786014557,-0.09705737978219986,-0.9857392907142639,-0.11132225394248962,-0.3307957649230957,0.024102570489048958,-0.93680340051651
1578998518.4950893,world,-0.23697298765182495,-0.09705411642789841,-0.9856809973716736,-0.11121425032615662,-0.3308168351650238,0.02405541017651558,-0.9368100166320801
1578998518.5044096,world,-0.2370537966489792,-0.09713806211948395,-0.9856603741645813,-0.11159055680036545,-0.3308008313179016,0.024107059463858604,-0.9367696642875671
1578998518.5044265,world,-0.237249493598938,-0.09722299128770828,-0.9857826232910156,-0.11108770966529846,-0.3309551477432251,0.023791534826159477,-0.936782956123352
1578998518.5151358,world,-0.23734444379806519,-0.09725269675254822,-0.9857810735702515,-0.11108022183179855,-0.3309333920478821,0.023742802441120148,-0.93679279088974
1578998518.5241485,world,-0.23743388056755066,-0.09728182107210159,-0.9857711791992188,-0.11111368238925934,-0.3308967649936676,0.023706577718257904,-0.9368025660514832
1578998518.5343618,world,-0.2375347912311554,-0.09732479602098465,-0.9857566952705383,-0.11115419864654541,-0.33083513379096985,0.023617908358573914,-0.9368218779563904
1578998518.5466099,world,-0.23760797083377838,-0.09735221415758133,-0.985700786113739,-0.11122894287109375,-0.33079037070274353,0.023625511676073074,-0.9368285536766052
1578998518.5547895,world,-0.2378159910440445,-0.09737663716077805,-0.9857466220855713,-0.11149445921182632,-0.33050763607025146,0.023806476965546608,-0.9368921518325806
1578998518.5642004,world,-0.23802824318408966,-0.09737452864646912,-0.9858636856079102,-0.11153484880924225,-0.33060288429260254,0.023753629997372627,-0.9368551969528198
1578998518.574901,world,-0.23813045024871826,-0.09737210720777512,-0.9858107566833496,-0.1116739958524704,-0.3305067718029022,0.023776527494192123,-0.9368718862533569
1578998518.575051,world,-0.238224595785141,-0.09738366305828094,-0.9857139587402344,-0.1117323562502861,-0.3303249776363373,0.023699337616562843,-0.9369310140609741
1578998518.5864372,world,-0.23832586407661438,-0.0973968505859375,-0.9856417179107666,-0.1115649864077568,-0.33012861013412476,0.0235403124243021,-0.9370241165161133
1578998518.5864801,world,-0.23843127489089966,-0.09740100055932999,-0.9856047034263611,-0.11158355325460434,-0.32999128103256226,0.02350253239274025,-0.9370713233947754
1578998518.594795,world,-0.2386101931333542,-0.09736770391464233,-0.9855610132217407,-0.111661396920681,-0.32992783188819885,0.023507071658968925,-0.9370842576026917
1578998518.6144693,world,-0.2389071136713028,-0.09736961871385574,-0.9857323169708252,-0.11167795211076736,-0.32967042922973633,0.023462645709514618,-0.9371739029884338
1578998518.6145017,world,-0.23903444409370422,-0.0973568707704544,-0.985727846622467,-0.11169107258319855,-0.32950150966644287,0.023447126150131226,-0.9372321367263794
1578998518.6256053,world,-0.239156574010849,-0.09735029935836792,-0.9857127666473389,-0.11171354353427887,-0.3293430507183075,0.023451337590813637,-0.9372851252555847
1578998518.6342347,world,-0.23928827047348022,-0.09734272956848145,-0.9857016205787659,-0.11174777895212173,-0.3291812539100647,0.02347766049206257,-0.9373372197151184
1578998518.6445045,world,-0.23944921791553497,-0.0972900390625,-0.9857155680656433,-0.11244360357522964,-0.32863274216651917,0.02393253892660141,-0.93743497133255
1578998518.6445482,world,-0.23964643478393555,-0.0972868949174881,-0.9857751131057739,-0.11208615452051163,-0.3285244405269623,0.02381417155265808,-0.9375187754631042
1578998518.6547549,world,-0.23979873955249786,-0.09726991504430771,-0.9857742786407471,-0.11213304102420807,-0.3283267617225647,0.023833051323890686,-0.9375818967819214
1578998518.6642013,world,-0.23994894325733185,-0.09724963456392288,-0.9857761263847351,-0.11207647621631622,-0.32814064621925354,0.023762771859765053,-0.9376556277275085
1578998518.6745584,world,-0.2400720715522766,-0.09718848019838333,-0.9857434034347534,-0.11231007426977158,-0.32787826657295227,0.02385706827044487,-0.937717080116272
1578998518.6853595,world,-0.2404625117778778,-0.09717512875795364,-0.9860332012176514,-0.11166495084762573,-0.32751888036727905,0.02328219823539257,-0.9379341006278992
1578998518.6947935,world,-0.24063247442245483,-0.0971299260854721,-0.985917329788208,-0.1115417405962944,-0.32725459337234497,0.023095468059182167,-0.9380455613136292
1578998518.704165,world,-0.2408134788274765,-0.09710614383220673,-0.9859508275985718,-0.11145421117544174,-0.3270692229270935,0.023060718551278114,-0.9381214380264282
1578998518.7149656,world,-0.24102522432804108,-0.09705739468336105,-0.9859952926635742,-0.11116586625576019,-0.3268359899520874,0.022997476160526276,-0.9382385015487671
1578998518.7241607,world,-0.24132852256298065,-0.09691964834928513,-0.9860972762107849,-0.11111198365688324,-0.3264073133468628,0.022993020713329315,-0.9383942484855652
1578998518.724173,world,-0.24149663746356964,-0.09693334996700287,-0.9859530925750732,-0.11117585003376007,-0.32616356015205383,0.023335658013820648,-0.938463032245636
1578998518.7344909,world,-0.24180868268013,-0.09682738035917282,-0.9860703945159912,-0.11112938821315765,-0.32611986994743347,0.023387279361486435,-0.9384824633598328
1578998518.7447155,world,-0.24225284159183502,-0.09676242619752884,-0.9863996505737305,-0.11072159558534622,-0.32575470209121704,0.02299410104751587,-0.9386671781539917
1578998518.7581973,world,-0.24249866604804993,-0.09671768546104431,-0.9864746332168579,-0.11065156757831573,-0.32548999786376953,0.02297794632613659,-0.9387675523757935
1578998518.7646499,world,-0.24272692203521729,-0.09665030986070633,-0.9865239858627319,-0.11038244515657425,-0.3253026604652405,0.0229360181838274,-0.9388653039932251
1578998518.764656,world,-0.2430538684129715,-0.09659510850906372,-0.9866750836372375,-0.11057216674089432,-0.32473471760749817,0.0231405608355999,-0.9390345215797424
1578998518.7740622,world,-0.24329359829425812,-0.09655489772558212,-0.9867210984230042,-0.11037934571504593,-0.32448023557662964,0.02307436428964138,-0.9391468167304993
1578998518.7842674,world,-0.24372978508472443,-0.09651616960763931,-0.9869030117988586,-0.10971079766750336,-0.32388731837272644,0.022494051605463028,-0.9394437670707703
1578998518.7947586,world,-0.24397921562194824,-0.09646972268819809,-0.9869038462638855,-0.10949550569057465,-0.32356175780296326,0.022459832951426506,-0.9395819306373596
1578998518.80386,world,-0.24425120651721954,-0.09639672189950943,-0.9868830442428589,-0.10907891392707825,-0.32317158579826355,0.022380704060196877,-0.9397665858268738
1578998518.8142118,world,-0.24459685385227203,-0.09634480625391006,-0.9869555234909058,-0.1093105897307396,-0.3225044906139374,0.022722430527210236,-0.9399605393409729
1578998518.8253691,world,-0.24487635493278503,-0.09630665928125381,-0.9870153665542603,-0.109127938747406,-0.3221113681793213,0.022708384320139885,-0.9401169419288635
1578998518.825382,world,-0.24532637000083923,-0.096254862844944,-0.9872432947158813,-0.10875406116247177,-0.32150954008102417,0.022502563893795013,-0.9403712153434753
1578998518.834483,world,-0.24572914838790894,-0.0961732268333435,-0.9873358607292175,-0.108592689037323,-0.32122403383255005,0.022409019991755486,-0.9404895901679993
1578998518.8448367,world,-0.24600806832313538,-0.09611300379037857,-0.9871934056282043,-0.10841824859380722,-0.3206879496574402,0.022189101204276085,-0.9406979084014893
1578998518.8460293,world,-0.24639829993247986,-0.0960746556520462,-0.9873179793357849,-0.10864803194999695,-0.3200307786464691,0.022477690130472183,-0.9408882260322571
1578998518.8573062,world,-0.2467930167913437,-0.0960313230752945,-0.9874555468559265,-0.10807514935731888,-0.3192785084247589,0.02197176031768322,-0.9412217140197754
1578998518.875013,world,-0.24720914661884308,-0.09598685801029205,-0.9874907732009888,-0.1077774167060852,-0.3191644847393036,0.021784787997603416,-0.9412989020347595
1578998518.8750439,world,-0.24751651287078857,-0.09595406800508499,-0.9874494671821594,-0.10766655951738358,-0.31882715225219727,0.02180570922791958,-0.9414253830909729
1578998518.8948467,world,-0.24790088832378387,-0.09588161110877991,-0.9875641465187073,-0.10699626058340073,-0.31829407811164856,0.021354056894779205,-0.9416925311088562
1578998518.8948748,world,-0.24829263985157013,-0.09584078192710876,-0.987667977809906,-0.10732510685920715,-0.31774088740348816,0.02167416922748089,-0.941834568977356
1578998518.9054213,world,-0.24882276356220245,-0.09578140825033188,-0.9878385663032532,-0.10703804343938828,-0.3175249695777893,0.021504001691937447,-0.9419439435005188
1578998518.9056468,world,-0.24915501475334167,-0.09574636071920395,-0.9878684282302856,-0.10687988996505737,-0.317282110452652,0.021357117220759392,-0.942047119140625
1578998518.915625,world,-0.24953965842723846,-0.09568870812654495,-0.9879276752471924,-0.10692185908555984,-0.31695556640625,0.021501952782273293,-0.9421489834785461
1578998518.9341235,world,-0.24999670684337616,-0.09565239399671555,-0.9880468845367432,-0.10664357244968414,-0.3169535994529724,0.02133551426231861,-0.9421848654747009
1578998518.9341376,world,-0.2504810690879822,-0.0956064760684967,-0.9880589842796326,-0.10643984377384186,-0.31633710861206055,0.021102434024214745,-0.9424204230308533
1578998518.954184,world,-0.25083470344543457,-0.09557221084833145,-0.9879545569419861,-0.10630391538143158,-0.3162783086299896,0.020990459248423576,-0.9424579739570618
1578998518.9543247,world,-0.25116631388664246,-0.09552224725484848,-0.9878013134002686,-0.10612832754850388,-0.3159874379634857,0.020754583179950714,-0.9425804615020752
1578998518.9646058,world,-0.25156620144844055,-0.09545715898275375,-0.987877368927002,-0.10604805499315262,-0.31602469086647034,0.020786799490451813,-0.9425764083862305
1578998518.9739327,world,-0.2519809305667877,-0.09543661773204803,-0.9879420399665833,-0.10612798482179642,-0.3160945475101471,0.02092534862458706,-0.9425408244132996
1578998518.9739926,world,-0.25251153111457825,-0.09539593756198883,-0.9881123304367065,-0.10604490339756012,-0.3153122067451477,0.020744754001498222,-0.9428161978721619
1578998518.9854474,world,-0.2529689073562622,-0.09534383565187454,-0.9881369471549988,-0.10584072768688202,-0.3154332637786865,0.02053193189203739,-0.9428033828735352
1578998518.9945283,world,-0.25330305099487305,-0.09530400484800339,-0.9879036545753479,-0.105678029358387,-0.3153938949108124,0.020393909886479378,-0.9428377747535706
1578998519.0048738,world,-0.2536342740058899,-0.09526103734970093,-0.9876620173454285,-0.10556542873382568,-0.3151044249534607,0.020142612978816032,-0.942952573299408
1578998519.01446,world,-0.25406613945961,-0.09521449357271194,-0.987684965133667,-0.1051136776804924,-0.31454402208328247,0.019575683400034904,-0.9432019591331482
1578998519.0144947,world,-0.25457078218460083,-0.09513814747333527,-0.9878512620925903,-0.10548891127109528,-0.3140795826911926,0.019718538969755173,-0.943311870098114
1578998519.0256045,world,-0.2550152540206909,-0.09512284398078918,-0.9879421591758728,-0.10563486069440842,-0.3140069246292114,0.019871199503540993,-0.9433165192604065
1578998519.034563,world,-0.25534605979919434,-0.09507761150598526,-0.9878607392311096,-0.10550013184547424,-0.3137524724006653,0.019659485667943954,-0.9434207081794739
1578998519.0449297,world,-0.2558571696281433,-0.09498552232980728,-0.9876182079315186,-0.10497766733169556,-0.31328287720680237,0.018993493169546127,-0.943648636341095
1578998519.054402,world,-0.25638604164123535,-0.09485860168933868,-0.9876375198364258,-0.10550401359796524,-0.3129570484161377,0.019094156101346016,-0.9436960816383362
1578998519.0544183,world,-0.2566933333873749,-0.09480641782283783,-0.9874968528747559,-0.10550275444984436,-0.31262457370758057,0.01894582249224186,-0.943809449672699
1578998519.074246,world,-0.25700315833091736,-0.09475371986627579,-0.9874140024185181,-0.10556048154830933,-0.3122923672199249,0.01884130947291851,-0.943915069103241
1578998519.0742624,world,-0.2574397623538971,-0.09460209310054779,-0.9875258207321167,-0.1048320084810257,-0.3115640878677368,0.017736025154590607,-0.9442582130432129
1578998519.084462,world,-0.25792399048805237,-0.09455801546573639,-0.9874963164329529,-0.10505641996860504,-0.31133443117141724,0.017675040289759636,-0.9443101286888123
1578998519.0947437,world,-0.2583254873752594,-0.09447093307971954,-0.9873948693275452,-0.10524540394544601,-0.3106894791126251,0.01776896044611931,-0.9444997310638428
1578998519.1064358,world,-0.2587374746799469,-0.09445056319236755,-0.9872516393661499,-0.10521218180656433,-0.31059861183166504,0.01752628944814205,-0.944537878036499
1578998519.1064563,world,-0.25927314162254333,-0.0943351686000824,-0.987293541431427,-0.10484641790390015,-0.31029802560806274,0.016808852553367615,-0.9446904063224792
1578998519.1184402,world,-0.25958818197250366,-0.09428329765796661,-0.9871971011161804,-0.1047784835100174,-0.30991917848587036,0.01648620143532753,-0.9448279142379761
1578998519.1243014,world,-0.25986307859420776,-0.09419667720794678,-0.9869173169136047,-0.10457100719213486,-0.3094145953655243,0.016076918691396713,-0.9450233578681946
1578998519.134599,world,-0.2602474093437195,-0.09417233616113663,-0.9869065284729004,-0.10521627962589264,-0.30883821845054626,0.01630024053156376,-0.9451364278793335
1578998519.1442478,world,-0.2606581747531891,-0.09413015097379684,-0.9869616031646729,-0.10482432693243027,-0.30818888545036316,0.015712391585111618,-0.9454018473625183
1578998519.1547825,world,-0.2611251473426819,-0.09406810253858566,-0.9869540333747864,-0.10524307191371918,-0.30837416648864746,0.01589265838265419,-0.9452918171882629
1578998519.1656454,world,-0.2615310847759247,-0.09402916580438614,-0.9867947697639465,-0.10503272712230682,-0.30848345160484314,0.015594059601426125,-0.9452846050262451
1578998519.165657,world,-0.2619308829307556,-0.09392177313566208,-0.9866059422492981,-0.10488481819629669,-0.3084580600261688,0.01522763166576624,-0.9453152418136597
1578998519.1744542,world,-0.26231491565704346,-0.09387514740228653,-0.986572802066803,-0.10545732825994492,-0.3075040280818939,0.015183229930698872,-0.9455631375312805
1578998519.1847901,world,-0.2626483738422394,-0.09383510053157806,-0.9865590333938599,-0.10540071874856949,-0.3073444366455078,0.014915565960109234,-0.9456255435943604
1578998519.1981742,world,-0.26298853754997253,-0.09380369633436203,-0.9865460991859436,-0.10536261647939682,-0.3072195053100586,0.014674722217023373,-0.9456741213798523
1578998519.2040904,world,-0.2633114457130432,-0.09373795241117477,-0.9864476919174194,-0.10550092160701752,-0.30721402168273926,0.014481850899755955,-0.9456635117530823
1578998519.2041063,world,-0.26380452513694763,-0.09365855902433395,-0.9864039421081543,-0.10536350309848785,-0.30746057629585266,0.013994208537042141,-0.945605993270874
1578998519.2245603,world,-0.2642889618873596,-0.0936518982052803,-0.9863735437393188,-0.10531023889780045,-0.3073219358921051,0.013858985155820847,-0.9456590414047241
1578998519.2245736,world,-0.2647261917591095,-0.09362328052520752,-0.986442506313324,-0.10563462972640991,-0.3069791793823242,0.013993658125400543,-0.9457321763038635
1578998519.2350829,world,-0.2650418281555176,-0.09361542016267776,-0.9864141345024109,-0.1055455356836319,-0.30680713057518005,0.013819394633173943,-0.9458005428314209
1578998519.2446218,world,-0.2653455436229706,-0.09359737485647202,-0.9863660335540771,-0.10549964755773544,-0.3067534565925598,0.013651231303811073,-0.9458255171775818
1578998519.2547786,world,-0.2657027244567871,-0.09354901313781738,-0.9863945245742798,-0.10535693913698196,-0.30675503611564636,0.013328692875802517,-0.9458454847335815
1578998519.264953,world,-0.2660062611103058,-0.0934881642460823,-0.9863111972808838,-0.1050529032945633,-0.3066580593585968,0.012803426943719387,-0.9459179639816284
1578998519.2649744,world,-0.2666066884994507,-0.09346798807382584,-0.9863971471786499,-0.10453426092863083,-0.3065301477909088,0.012083246372640133,-0.9460264444351196
1578998519.2742093,world,-0.26711562275886536,-0.0934695452451706,-0.9865192174911499,-0.10490749776363373,-0.3063860833644867,0.012387752532958984,-0.9460278749465942
1578998519.2843158,world,-0.267398864030838,-0.09348185360431671,-0.9863519668579102,-0.10478527098894119,-0.30625608563423157,0.01235260535031557,-0.9460839629173279
1578998519.3047814,world,-0.2676798403263092,-0.09349552541971207,-0.9863004088401794,-0.10459732264280319,-0.3061425983905792,0.01224967185407877,-0.9461427330970764
1578998519.304803,world,-0.2680462598800659,-0.09349276125431061,-0.9863423705101013,-0.10402441769838333,-0.305677592754364,0.011747490614652634,-0.9463626742362976
1578998519.3146093,world,-0.268325537443161,-0.09349235892295837,-0.9862843751907349,-0.10388750582933426,-0.3055172562599182,0.011649075895547867,-0.9464306831359863
1578998519.3146238,world,-0.2685830295085907,-0.09347669780254364,-0.9860851764678955,-0.1036461889743805,-0.30521315336227417,0.011377530172467232,-0.9465585350990295
1578998519.325365,world,-0.26906052231788635,-0.0934458076953888,-0.9861573576927185,-0.1037481278181076,-0.305147260427475,0.011516261845827103,-0.9465668797492981
1578998519.334444,world,-0.2693120539188385,-0.09341683983802795,-0.9860225915908813,-0.10360629856586456,-0.30508843064308167,0.01144420076161623,-0.9466022849082947
1578998519.344805,world,-0.2696521282196045,-0.09335716813802719,-0.9859548807144165,-0.10349579900503159,-0.30525434017181396,0.011553469114005566,-0.9465596079826355
1578998519.3547564,world,-0.270063579082489,-0.09330617636442184,-0.9860250949859619,-0.10314198583364487,-0.3049785792827606,0.011283467523753643,-0.9466902613639832
1578998519.3640506,world,-0.27031397819519043,-0.09326347708702087,-0.985949695110321,-0.10298416018486023,-0.30482855439186096,0.011162769049406052,-0.9467573165893555
1578998519.3640697,world,-0.2705575227737427,-0.09320306777954102,-0.9858564138412476,-0.10285723954439163,-0.3046875298023224,0.011052430607378483,-0.9468176960945129
1578998519.3744147,world,-0.2707638144493103,-0.09314525127410889,-0.9856482148170471,-0.1028466671705246,-0.3044598400592804,0.010912155732512474,-0.9468938112258911
1578998519.384825,world,-0.270956426858902,-0.0930543839931488,-0.9853922128677368,-0.10268393158912659,-0.3042665123939514,0.010764562524855137,-0.9469752311706543
1578998519.3941777,world,-0.27124351263046265,-0.09296509623527527,-0.9852286577224731,-0.10312535613775253,-0.3039274513721466,0.011050515808165073,-0.9470328688621521
1578998519.404215,world,-0.27153152227401733,-0.09288779646158218,-0.9851480722427368,-0.10303854942321777,-0.30401042103767395,0.010952180251479149,-0.9470167756080627
1578998519.4146929,world,-0.27181103825569153,-0.09278801083564758,-0.9850048422813416,-0.10263869166374207,-0.3035496473312378,0.010564667172729969,-0.9472124576568604
1578998519.4147043,world,-0.2719839811325073,-0.09268351644277573,-0.9848195910453796,-0.10275726020336151,-0.3033643364906311,0.01054792758077383,-0.9472591280937195
1578998519.4344165,world,-0.2721651494503021,-0.09259750694036484,-0.9846608638763428,-0.1027742326259613,-0.30319470167160034,0.01046680100262165,-0.9473124146461487
1578998519.4461918,world,-0.2723962068557739,-0.09249192476272583,-0.9844805002212524,-0.10280688852071762,-0.3030235469341278,0.010295242071151733,-0.9473655819892883
1578998519.4462032,world,-0.27265897393226624,-0.09237267076969147,-0.9844548106193542,-0.10262341797351837,-0.30302029848098755,0.010395191609859467,-0.9473854303359985
1578998519.4545124,world,-0.2729722261428833,-0.09225302934646606,-0.9844371676445007,-0.1032005101442337,-0.30271705985069275,0.010727616026997566,-0.9474160075187683
1578998519.4648702,world,-0.2731318473815918,-0.09218209981918335,-0.9842625856399536,-0.10319836437702179,-0.30250832438468933,0.010695959441363811,-0.9474833011627197
1578998519.4742622,world,-0.27337995171546936,-0.09210055321455002,-0.9840676784515381,-0.10296037048101425,-0.3020239472389221,0.010313554666936398,-0.9476678967475891
1578998519.4742827,world,-0.27353617548942566,-0.09202546626329422,-0.9837931394577026,-0.10302995145320892,-0.30192795395851135,0.010253301821649075,-0.9476915597915649
1578998519.4843957,world,-0.27368292212486267,-0.09198438376188278,-0.983561635017395,-0.10296323150396347,-0.3017583191394806,0.01013314537703991,-0.9477541446685791
1578998519.4951339,world,-0.27381831407546997,-0.09193715453147888,-0.9832656383514404,-0.10288910567760468,-0.3014358580112457,0.009963556192815304,-0.9478666186332703
1578998519.5037837,world,-0.27397462725639343,-0.09190548956394196,-0.983123242855072,-0.10281598567962646,-0.3012615740299225,0.009828354232013226,-0.9479313492774963
1578998519.514196,world,-0.27412211894989014,-0.09186027944087982,-0.9829792380332947,-0.10288506746292114,-0.3011561334133148,0.009703163988888264,-0.9479585886001587
1578998519.5245945,world,-0.2743632197380066,-0.09187638759613037,-0.983002245426178,-0.10248181968927383,-0.30117374658584595,0.00935874693095684,-0.9480001926422119
1578998519.5340135,world,-0.274610310792923,-0.09187156707048416,-0.9830024242401123,-0.10286654531955719,-0.30081018805503845,0.009640696458518505,-0.9480710625648499
1578998519.5340252,world,-0.2749711871147156,-0.09182991087436676,-0.9831671118736267,-0.10251729190349579,-0.3005756735801697,0.00910432543605566,-0.9481886029243469
1578998519.5443344,world,-0.2751282751560211,-0.09183190762996674,-0.9830909967422485,-0.10252087563276291,-0.30044785141944885,0.009038751013576984,-0.9482294321060181
1578998519.5558074,world,-0.2752875089645386,-0.09182482957839966,-0.982966423034668,-0.10251341015100479,-0.30043846368789673,0.008904030546545982,-0.9482343792915344
1578998519.5639882,world,-0.2755292057991028,-0.0917714536190033,-0.982876181602478,-0.10257745534181595,-0.3006226122379303,0.008759301155805588,-0.9481704235076904
1578998519.563999,world,-0.2757609784603119,-0.0918203592300415,-0.9827879071235657,-0.10285969078540802,-0.30068516731262207,0.008949090726673603,-0.9481183290481567
1578998519.5774493,world,-0.2759256958961487,-0.09184760600328445,-0.9827041029930115,-0.10278099775314331,-0.300704687833786,0.008804919198155403,-0.948121964931488
1578998519.584278,world,-0.27609196305274963,-0.09187409281730652,-0.9826868772506714,-0.10268492996692657,-0.3006635904312134,0.008605836890637875,-0.9481472969055176
1578998519.5944831,world,-0.2762390673160553,-0.09190138429403305,-0.9826438426971436,-0.10262145847082138,-0.3006417453289032,0.008440225385129452,-0.9481625556945801
1578998519.6049268,world,-0.2764149010181427,-0.09188497066497803,-0.9826642274856567,-0.1023123636841774,-0.3006225824356079,0.007989968173205853,-0.9482059478759766
1578998519.604952,world,-0.27657508850097656,-0.09191646426916122,-0.9826849102973938,-0.10220283269882202,-0.3006179630756378,0.007787070702761412,-0.9482209086418152
1578998519.6142714,world,-0.27690595388412476,-0.092035673558712,-0.9829152822494507,-0.10175731778144836,-0.3003610074520111,0.007086500059813261,-0.9483556747436523
1578998519.6246035,world,-0.27704793214797974,-0.09206777065992355,-0.9829335808753967,-0.1017252653837204,-0.3004131317138672,0.006968035362660885,-0.9483435750007629
1578998519.6349077,world,-0.2772977352142334,-0.0920594111084938,-0.9830881357192993,-0.10177519917488098,-0.3006632924079895,0.006818484514951706,-0.9482599496841431
1578998519.6440787,world,-0.27749475836753845,-0.09204708784818649,-0.9831564426422119,-0.10195527225732803,-0.3003369867801666,0.006735716015100479,-0.9483447074890137
1578998519.6544619,world,-0.2776181399822235,-0.09211339801549911,-0.9831425547599792,-0.10220731794834137,-0.3004240393638611,0.006937843747437,-0.9482883810997009
1578998519.6544867,world,-0.27771276235580444,-0.09206775575876236,-0.9830594062805176,-0.10200605541467667,-0.30046263337135315,0.006477980874478817,-0.9483011960983276
1578998519.6658592,world,-0.2778095006942749,-0.0920635238289833,-0.9829939603805542,-0.10205569118261337,-0.30056968331336975,0.006344642024487257,-0.9482628107070923
1578998519.6743493,world,-0.27790626883506775,-0.09204040467739105,-0.9828773140907288,-0.10212523490190506,-0.30070382356643677,0.0062180389650166035,-0.9482135772705078
1578998519.6870313,world,-0.2779878079891205,-0.09203706681728363,-0.982763409614563,-0.10227470099925995,-0.3006629943847656,0.0060774823650717735,-0.9482113122940063
1578998519.695153,world,-0.2780705988407135,-0.092012420296669,-0.9827157855033875,-0.10232247412204742,-0.3007323741912842,0.005938180722296238,-0.9481850862503052
1578998519.7044032,world,-0.2782145142555237,-0.0920162945985794,-0.9827280640602112,-0.10242368280887604,-0.3009544014930725,0.005790159106254578,-0.9481046795845032
1578998519.7044175,world,-0.2782810628414154,-0.09194627404212952,-0.9826193451881409,-0.10231935977935791,-0.30087873339653015,0.005660909228026867,-0.9481407403945923
1578998519.72425,world,-0.2783472537994385,-0.09194663912057877,-0.982575535774231,-0.10236410796642303,-0.30088794231414795,0.005439793225377798,-0.9481342434883118
1578998519.7242653,world,-0.27840548753738403,-0.09192506968975067,-0.9825166463851929,-0.10238981246948242,-0.3008616864681244,0.005319279618561268,-0.9481404423713684
1578998519.7448192,world,-0.27855291962623596,-0.09190617501735687,-0.9825940728187561,-0.10259685665369034,-0.3010087013244629,0.005369594786316156,-0.9480711817741394
1578998519.7448373,world,-0.2785976827144623,-0.09189220517873764,-0.9825229644775391,-0.10271312296390533,-0.30097031593322754,0.00534891476854682,-0.9480708837509155
1578998519.7580044,world,-0.27864083647727966,-0.09187106043100357,-0.9824782609939575,-0.10272084921598434,-0.30090463161468506,0.005232192575931549,-0.9480915665626526
1578998519.7645426,world,-0.2787723243236542,-0.09184428304433823,-0.9825317859649658,-0.10243187099695206,-0.30051201581954956,0.004806180018931627,-0.9482495784759521
1578998519.7645557,world,-0.27881237864494324,-0.09182680398225784,-0.982476532459259,-0.10249502211809158,-0.3004739284515381,0.00474884919822216,-0.9482551217079163
1578998519.7847686,world,-0.2788218557834625,-0.09182968735694885,-0.9823861122131348,-0.10251116007566452,-0.3005028963088989,0.00454828841611743,-0.9482451677322388
1578998519.7847824,world,-0.27886316180229187,-0.09178787469863892,-0.9823026061058044,-0.10272257775068283,-0.3004905879497528,0.004561650101095438,-0.9482260942459106
1578998519.7942042,world,-0.2788996696472168,-0.09176252782344818,-0.9822527170181274,-0.10275769978761673,-0.3004612326622009,0.004484290257096291,-0.9482319355010986
1578998519.8046763,world,-0.2789199948310852,-0.09173697233200073,-0.9821563959121704,-0.10283982753753662,-0.3003924489021301,0.004449695348739624,-0.9482450485229492
1578998519.8165827,world,-0.27904340624809265,-0.09172821044921875,-0.9822386503219604,-0.10254276543855667,-0.3005303740501404,0.0041903420351445675,-0.9482347369194031
1578998519.816627,world,-0.2790699303150177,-0.09169390052556992,-0.9822105765342712,-0.10262181609869003,-0.30049240589141846,0.0041565438732504845,-0.9482382535934448
1578998519.8281043,world,-0.2791290879249573,-0.09164165705442429,-0.9822213649749756,-0.10273507237434387,-0.30041277408599854,0.004300059750676155,-0.9482506513595581
1578998519.8352714,world,-0.27914389967918396,-0.09161047637462616,-0.9821811318397522,-0.10275670886039734,-0.30038952827453613,0.004255599807947874,-0.9482558965682983
1578998519.8437915,world,-0.2791321873664856,-0.091604083776474,-0.9821227788925171,-0.10274424403905869,-0.300445556640625,0.004059076774865389,-0.9482402801513672
1578998519.8554,world,-0.2791690528392792,-0.09151001274585724,-0.9821358919143677,-0.10321830213069916,-0.3003976345062256,0.004371935501694679,-0.9482026696205139
1578998519.8644717,world,-0.2791895568370819,-0.09149307757616043,-0.9821191430091858,-0.10321149230003357,-0.3004082441329956,0.0043512373231351376,-0.9482000470161438
1578998519.8644931,world,-0.27919718623161316,-0.09148594737052917,-0.9820942878723145,-0.10326217859983444,-0.3004043400287628,0.004377721808850765,-0.94819575548172
1578998519.8748956,world,-0.27919912338256836,-0.0914779081940651,-0.9820683598518372,-0.1032516211271286,-0.30045565962791443,0.004382235463708639,-0.9481805562973022
1578998519.8845456,world,-0.279216468334198,-0.09148561954498291,-0.9820576310157776,-0.10327140986919403,-0.3005029857158661,0.004401254467666149,-0.9481633305549622
1578998519.8947482,world,-0.279215931892395,-0.09146848320960999,-0.9819689989089966,-0.10332493484020233,-0.30057746171951294,0.004384638741612434,-0.9481340050697327
1578998519.904248,world,-0.2792169451713562,-0.09147865325212479,-0.9819279909133911,-0.10322117060422897,-0.3006683886051178,0.0043477145954966545,-0.9481165409088135
1578998519.9159815,world,-0.27921202778816223,-0.09154559671878815,-0.9819117784500122,-0.1028311476111412,-0.3006703555583954,0.004227733705192804,-0.948158860206604
1578998519.9241908,world,-0.27920234203338623,-0.09155324846506119,-0.981950044631958,-0.102823406457901,-0.300598680973053,0.004230659455060959,-0.9481824636459351
1578998519.9242053,world,-0.2791820466518402,-0.09152118861675262,-0.981996476650238,-0.10309034585952759,-0.3005772829055786,0.0044383155182003975,-0.9481593370437622
1578998519.934418,world,-0.27916231751441956,-0.09157868474721909,-0.98201584815979,-0.1026875227689743,-0.3005729019641876,0.0042952075600624084,-0.9482051134109497
1578998519.94524,world,-0.2791493833065033,-0.09158004820346832,-0.9820493459701538,-0.10265553742647171,-0.3006313145160675,0.004319159779697657,-0.9481898546218872
1578998519.9548337,world,-0.279129296541214,-0.09157487004995346,-0.9820871353149414,-0.10268543660640717,-0.30065029859542847,0.004356829449534416,-0.9481804370880127
1578998519.9641545,world,-0.27910351753234863,-0.09156487882137299,-0.9821299910545349,-0.10270213335752487,-0.30073288083076477,0.004432144109159708,-0.9481521248817444
1578998519.9641716,world,-0.2790643572807312,-0.09155737608671188,-0.9821586012840271,-0.10271932184696198,-0.30078932642936707,0.004480073228478432,-0.9481321573257446
1578998519.9750063,world,-0.279043972492218,-0.09149164706468582,-0.9822335839271545,-0.10306353121995926,-0.3009089529514313,0.004671652335673571,-0.9480558633804321
1578998519.9853702,world,-0.27901411056518555,-0.09147518128156662,-0.9823401570320129,-0.10306227207183838,-0.30100885033607483,0.004700229037553072,-0.9480241537094116
1578998519.9951503,world,-0.2789889872074127,-0.09149704873561859,-0.9824388027191162,-0.10263416916131973,-0.30111485719680786,0.004670721013098955,-0.9480371475219727
1578998519.9951615,world,-0.2788635492324829,-0.09146600216627121,-0.9824131727218628,-0.10289312899112701,-0.3010197877883911,0.004901764914393425,-0.9480381011962891
1578998520.0045948,world,-0.27873560786247253,-0.09146633744239807,-0.982395350933075,-0.10322138667106628,-0.30149519443511963,0.005389033351093531,-0.9478486180305481
1578998520.0455089,world,-0.27869710326194763,-0.09145805984735489,-0.9824889302253723,-0.1031607910990715,-0.30158731341362,0.00547019811347127,-0.9478254914283752
1578998520.0456228,world,-0.27865058183670044,-0.09144815802574158,-0.9825801849365234,-0.10308145731687546,-0.3016737699508667,0.005556103307753801,-0.9478060007095337
1578998520.045664,world,-0.2785583436489105,-0.09139809012413025,-0.9829256534576416,-0.10234647244215012,-0.30161675810813904,0.005503309890627861,-0.9479042291641235
1578998520.0644376,world,-0.27843835949897766,-0.09136797487735748,-0.9829362034797668,-0.1023687794804573,-0.30189141631126404,0.005813960451632738,-0.9478124976158142
1578998520.0644536,world,-0.27839818596839905,-0.09136226028203964,-0.9831573963165283,-0.10234224051237106,-0.30205774307250977,0.0059967306442558765,-0.9477611780166626
1578998520.07503,world,-0.278347373008728,-0.09135173261165619,-0.9833072423934937,-0.10225186496973038,-0.3020542562007904,0.006060468964278698,-0.9477716088294983
1578998520.084072,world,-0.2781846523284912,-0.09131550788879395,-0.9832972884178162,-0.1020231619477272,-0.3018614947795868,0.005915211047977209,-0.9478586912155151
1578998520.094365,world,-0.2780320942401886,-0.09128397703170776,-0.9833388328552246,-0.10158270597457886,-0.3021599352359772,0.005652531981468201,-0.9478124976158142
1578998520.1047416,world,-0.2779651880264282,-0.09126042574644089,-0.9834862947463989,-0.10159852355718613,-0.3021922707557678,0.005796260666102171,-0.9477996230125427
1578998520.1047575,world,-0.2778916358947754,-0.09122493863105774,-0.9836108684539795,-0.1015707403421402,-0.3022325932979584,0.00592746352776885,-0.9477888345718384
1578998520.1139767,world,-0.2776973247528076,-0.09114773571491241,-0.9836066365242004,-0.10193707048892975,-0.302005797624588,0.00622293446213007,-0.9478199481964111
1578998520.1241596,world,-0.27761444449424744,-0.09110946953296661,-0.983781099319458,-0.10188164561986923,-0.3020041882991791,0.00637666555121541,-0.9478254318237305
1578998520.1380594,world,-0.27753838896751404,-0.09104499220848083,-0.9839134216308594,-0.10201876610517502,-0.30206847190856934,0.006561900023370981,-0.9477888941764832
1578998520.1444974,world,-0.2774573564529419,-0.09097129106521606,-0.9840195178985596,-0.10211159288883209,-0.30216944217681885,0.006708079483360052,-0.947745680809021
1578998520.1537838,world,-0.27730610966682434,-0.0908907875418663,-0.9840560555458069,-0.10255023837089539,-0.30263110995292664,0.007282936479896307,-0.9475467205047607
1578998520.164143,world,-0.27724701166152954,-0.0908116027712822,-0.9842256903648376,-0.10257900506258011,-0.3027551472187042,0.007328690495342016,-0.9475036263465881
1578998520.1641965,world,-0.27718213200569153,-0.09072931110858917,-0.9843423366546631,-0.10260529071092606,-0.30283936858177185,0.0074038016609847546,-0.947473406791687
1578998520.174992,world,-0.27712878584861755,-0.09065008908510208,-0.9845913648605347,-0.10269580781459808,-0.3031294345855713,0.007608890067785978,-0.9473691582679749
1578998520.1839564,world,-0.27709701657295227,-0.09049876034259796,-0.9847650527954102,-0.10271218419075012,-0.3031409978866577,0.007833821699023247,-0.9473618865013123
1578998520.1945543,world,-0.2770228683948517,-0.09041180461645126,-0.984856367111206,-0.10274829715490341,-0.3032705783843994,0.007916806265711784,-0.9473158121109009
1578998520.2045245,world,-0.2769525647163391,-0.09031224250793457,-0.9849660992622375,-0.1027967631816864,-0.30335190892219543,0.007976695895195007,-0.947283923625946
1578998520.204539,world,-0.27688875794410706,-0.0901850238442421,-0.9851056933403015,-0.10275242477655411,-0.3034285008907318,0.00810288917273283,-0.947263240814209
1578998520.2154863,world,-0.27682429552078247,-0.09004128724336624,-0.9852606654167175,-0.10294416546821594,-0.3035343885421753,0.008163458667695522,-0.9472078680992126
1578998520.2246306,world,-0.2767486572265625,-0.08991963416337967,-0.9853993654251099,-0.10306373238563538,-0.3036242127418518,0.008288885466754436,-0.9471650123596191
1578998520.2341158,world,-0.2766681909561157,-0.0898037925362587,-0.9856011867523193,-0.10303274542093277,-0.30364102125167847,0.008345632813870907,-0.9471625089645386
1578998520.2447371,world,-0.27664273977279663,-0.08963702619075775,-0.9858173131942749,-0.10294564813375473,-0.3038349151611328,0.008241483941674232,-0.947110652923584
1578998520.2549698,world,-0.27657437324523926,-0.08937805145978928,-0.9859052896499634,-0.10247265547513962,-0.30398881435394287,0.007925896905362606,-0.9471153616905212
1578998520.2642734,world,-0.2765119969844818,-0.08926188200712204,-0.9861234426498413,-0.10249875485897064,-0.30400145053863525,0.008057857863605022,-0.9471072554588318
1578998520.274573,world,-0.2764778435230255,-0.08913397043943405,-0.9863989353179932,-0.10261499881744385,-0.3042443096637726,0.008254296146333218,-0.9470149874687195
1578998520.2745845,world,-0.2762710452079773,-0.0889483392238617,-0.986489474773407,-0.1025034561753273,-0.30452677607536316,0.008114658296108246,-0.9469375014305115
1578998520.2838929,world,-0.27612316608428955,-0.08882036060094833,-0.9865440726280212,-0.10290767252445221,-0.30496612191200256,0.008619221858680248,-0.946747899055481
1578998520.2942505,world,-0.2760313153266907,-0.08866734802722931,-0.9866592288017273,-0.10319805145263672,-0.3050084412097931,0.008846589364111423,-0.9467005133628845
1578998520.3047652,world,-0.27602335810661316,-0.0885026603937149,-0.9868577718734741,-0.10320799797773361,-0.30495685338974,0.009144645184278488,-0.9467131495475769
1578998520.3140738,world,-0.27594539523124695,-0.08836493641138077,-0.986988365650177,-0.10306527465581894,-0.3051411211490631,0.009259798564016819,-0.9466683268547058
1578998520.3141124,world,-0.275887668132782,-0.08824048936367035,-0.9871228933334351,-0.10312255471944809,-0.30519866943359375,0.00938662700355053,-0.9466422200202942
1578998520.3242526,world,-0.2758367657661438,-0.08812210708856583,-0.9872761368751526,-0.10306980460882187,-0.305251806974411,0.009463722817599773,-0.94663006067276
1578998520.3345625,world,-0.27578064799308777,-0.0880119726061821,-0.9874377846717834,-0.10301870107650757,-0.30530956387519836,0.009552326053380966,-0.9466161727905273
1578998520.3449197,world,-0.27572882175445557,-0.08790934830904007,-0.9876425862312317,-0.10294239968061447,-0.3052762746810913,0.009620457887649536,-0.9466344118118286
1578998520.3550029,world,-0.27569475769996643,-0.08781618624925613,-0.987922728061676,-0.10287202894687653,-0.3051864504814148,0.009687263518571854,-0.946670413017273
1578998520.3646975,world,-0.27567464113235474,-0.087664395570755,-0.9882345795631409,-0.10243480652570724,-0.3052878677845001,0.009719008579850197,-0.9466847777366638
1578998520.3647187,world,-0.27564603090286255,-0.08756496012210846,-0.9884194731712341,-0.10236716270446777,-0.30534762144088745,0.009776431135833263,-0.9466722011566162
1578998520.373905,world,-0.2756149470806122,-0.0874587669968605,-0.9886131286621094,-0.10224252194166183,-0.3053329586982727,0.009916938841342926,-0.9466890096664429
1578998520.3847826,world,-0.275579571723938,-0.08738723397254944,-0.9888380169868469,-0.10209530591964722,-0.3053494691848755,0.009985988028347492,-0.9466987252235413
1578998520.3952289,world,-0.2755613327026367,-0.08729672431945801,-0.9890750646591187,-0.10195324569940567,-0.3054793179035187,0.009970453567802906,-0.9466723799705505
1578998520.403941,world,-0.27560222148895264,-0.08716212213039398,-0.9893609285354614,-0.10203664004802704,-0.30568501353263855,0.010020727291703224,-0.9465964436531067
1578998520.414276,world,-0.2755732238292694,-0.08705310523509979,-0.9894798398017883,-0.10215223580598831,-0.3059034049510956,0.010128681547939777,-0.9465123414993286
1578998520.4144552,world,-0.2755604684352875,-0.08692600578069687,-0.9896519184112549,-0.10202945023775101,-0.3060026168823242,0.01032688096165657,-0.9464913606643677
1578998520.4342465,world,-0.27553287148475647,-0.08679290115833282,-0.9897871017456055,-0.10209329426288605,-0.306151807308197,0.01053694635629654,-0.9464338421821594
1578998520.434262,world,-0.2755056619644165,-0.08669815212488174,-0.9899453520774841,-0.1020822674036026,-0.3062959909439087,0.010622572153806686,-0.9463874101638794
1578998520.4446611,world,-0.27550947666168213,-0.0865151584148407,-0.990179717540741,-0.10169988125562668,-0.3064461648464203,0.010175948031246662,-0.9463849067687988
1578998520.4548151,world,-0.2753884494304657,-0.08643629401922226,-0.9902137517929077,-0.10207154601812363,-0.3069181740283966,0.010654338635504246,-0.9461867213249207
1578998520.4548287,world,-0.2753884792327881,-0.08635662496089935,-0.9904970526695251,-0.10215486586093903,-0.3071843981742859,0.010837194509804249,-0.9460891485214233
1578998520.4641485,world,-0.27535638213157654,-0.08626974374055862,-0.9906296133995056,-0.10220494121313095,-0.3073174059391022,0.010944915004074574,-0.9460393786430359
1578998520.4745169,world,-0.275341272354126,-0.0861821174621582,-0.9907758831977844,-0.10222382098436356,-0.3075031340122223,0.011008201166987419,-0.9459762573242188
1578998520.484798,world,-0.2753243148326874,-0.08609757572412491,-0.9909585118293762,-0.10223130136728287,-0.3076184391975403,0.011093692854046822,-0.9459369778633118
1578998520.4941497,world,-0.2752288281917572,-0.08601260930299759,-0.9909958243370056,-0.10187230259180069,-0.3080514669418335,0.010791202075779438,-0.9458382725715637
1578998520.5063052,world,-0.2751573622226715,-0.08584035933017731,-0.9910601377487183,-0.10177010297775269,-0.3081434667110443,0.010903079994022846,-0.9458179473876953
1578998520.514111,world,-0.27515140175819397,-0.08574886620044708,-0.9912564754486084,-0.10189588367938995,-0.30822131037712097,0.01102611143141985,-0.9457776546478271
1578998520.5141232,world,-0.27515503764152527,-0.08564557135105133,-0.9913475513458252,-0.10190356522798538,-0.3083499073982239,0.011158066801726818,-0.9457333087921143
1578998520.5263038,world,-0.27514711022377014,-0.08555978536605835,-0.9914650321006775,-0.10197523236274719,-0.3084827959537506,0.011255116201937199,-0.9456811547279358
1578998520.5344207,world,-0.27517345547676086,-0.08547427505254745,-0.9916718006134033,-0.10192766785621643,-0.3086288273334503,0.011252799071371555,-0.9456386566162109
1578998520.5465398,world,-0.2751919627189636,-0.08538921177387238,-0.9917911291122437,-0.10194504261016846,-0.3087107539176941,0.01129607018083334,-0.945609450340271
1578998520.5563376,world,-0.2752173840999603,-0.08530325442552567,-0.9918916821479797,-0.10199914127588272,-0.3087785542011261,0.011377125978469849,-0.9455805420875549
1578998520.5563686,world,-0.2752925157546997,-0.08519847691059113,-0.9920570254325867,-0.10218458622694016,-0.3086867034435272,0.01167262252420187,-0.9455869793891907
1578998520.5640361,world,-0.2753368616104126,-0.08508963882923126,-0.9921962022781372,-0.10197433084249496,-0.3087594509124756,0.011612086556851864,-0.945586621761322
1578998520.57694,world,-0.27535194158554077,-0.08497411757707596,-0.9922729730606079,-0.10179843753576279,-0.3088955581188202,0.011618977412581444,-0.9455609917640686
1578998520.5858111,world,-0.27540239691734314,-0.08488792926073074,-0.9923658967018127,-0.10182352364063263,-0.30890876054763794,0.011653750203549862,-0.9455536603927612
1578998520.5940454,world,-0.27545812726020813,-0.08480009436607361,-0.9924455285072327,-0.10180313140153885,-0.30894574522972107,0.011649715714156628,-0.9455437660217285
1578998520.6050575,world,-0.27551689743995667,-0.08470934629440308,-0.9925219416618347,-0.10179728269577026,-0.3089357614517212,0.011644427664577961,-0.9455476999282837
1578998520.6144965,world,-0.2757185399532318,-0.08456209301948547,-0.9926814436912537,-0.10250704735517502,-0.3087819218635559,0.01211063377559185,-0.9455154538154602
1578998520.6248424,world,-0.27579307556152344,-0.0844772532582283,-0.9927490949630737,-0.10247329622507095,-0.30875787138938904,0.012081904336810112,-0.9455273747444153
1578998520.6248653,world,-0.27587631344795227,-0.08436869829893112,-0.9928029775619507,-0.10255275666713715,-0.3087102174758911,0.012045592069625854,-0.9455347657203674
1578998520.637049,world,-0.27595171332359314,-0.0842890813946724,-0.9928472638130188,-0.1025126501917839,-0.3086249828338623,0.012039685621857643,-0.9455670118331909
1578998520.6449423,world,-0.27603670954704285,-0.08420659601688385,-0.99290931224823,-0.10254687815904617,-0.3085365891456604,0.012045261450111866,-0.9455921053886414
1578998520.644951,world,-0.2761245667934418,-0.08412455022335052,-0.9929527044296265,-0.10253219306468964,-0.30846351385116577,0.012032592669129372,-0.9456176161766052
1578998520.654763,world,-0.2763392925262451,-0.08397193998098373,-0.9931378364562988,-0.10182715207338333,-0.30849310755729675,0.011317686177790165,-0.9456929564476013
1578998520.6659822,world,-0.2765429615974426,-0.08388180285692215,-0.9932989478111267,-0.10143975913524628,-0.3081015646457672,0.010850491002202034,-0.9458677172660828
1578998520.6743734,world,-0.2767612934112549,-0.08376846462488174,-0.9934725761413574,-0.101450115442276,-0.3083120584487915,0.010730955749750137,-0.9457993507385254
1578998520.6847591,world,-0.27696219086647034,-0.08367642015218735,-0.9936634302139282,-0.1015213206410408,-0.3084452748298645,0.010755655355751514,-0.945747971534729
1578998520.6939864,world,-0.2770855128765106,-0.08360213041305542,-0.9937004446983337,-0.10152478516101837,-0.3085015118122101,0.010651296935975552,-0.945730447769165
1578998520.7041392,world,-0.2772989571094513,-0.08346856385469437,-0.9938704371452332,-0.10136226564645767,-0.30871307849884033,0.010632014833390713,-0.9456790685653687
1578998520.7144804,world,-0.27740851044654846,-0.08339770883321762,-0.9937965273857117,-0.10136512666940689,-0.3087717592716217,0.010595384053885937,-0.9456600546836853
1578998520.724027,world,-0.27746182680130005,-0.08330022543668747,-0.9937687516212463,-0.10161878913640976,-0.3087085485458374,0.010623959824442863,-0.9456532001495361
1578998520.7240458,world,-0.2775900661945343,-0.08323109149932861,-0.993824303150177,-0.1016496941447258,-0.3088234066963196,0.010568419471383095,-0.9456129670143127
1578998520.7343724,world,-0.2777074873447418,-0.08316392451524734,-0.9938725829124451,-0.1016104444861412,-0.3088805079460144,0.01046802755445242,-0.9455995559692383
1578998520.74466,world,-0.27783551812171936,-0.08310279250144958,-0.9939318895339966,-0.10166942328214645,-0.30899614095687866,0.010438138619065285,-0.9455558061599731
1578998520.753885,world,-0.27795881032943726,-0.08303945511579514,-0.9939848780632019,-0.1016623005270958,-0.30909451842308044,0.010364769026637077,-0.9455252289772034
1578998520.7643852,world,-0.2780759334564209,-0.08298103511333466,-0.9940198063850403,-0.10169032961130142,-0.309198796749115,0.0103477593511343,-0.9454882740974426
1578998520.764401,world,-0.27818772196769714,-0.08292355388402939,-0.9940502643585205,-0.10172232985496521,-0.3092968165874481,0.01030687801539898,-0.9454532861709595
1578998520.7760105,world,-0.2783178687095642,-0.0828651711344719,-0.9941182732582092,-0.10176748782396317,-0.3093842566013336,0.010266817174851894,-0.9454202651977539
1578998520.7837267,world,-0.2785685658454895,-0.08277362585067749,-0.9942728877067566,-0.101683609187603,-0.30974239110946655,0.01005706749856472,-0.9453142881393433
1578998520.794476,world,-0.2786949872970581,-0.08269485086202621,-0.9943176507949829,-0.10175638645887375,-0.30983540415763855,0.010031117126345634,-0.9452762603759766
1578998520.8048043,world,-0.278904527425766,-0.08257539570331573,-0.9944405555725098,-0.10213954746723175,-0.30960705876350403,0.010349121876060963,-0.9453063607215881
1578998520.8148243,world,-0.2791573405265808,-0.08244534581899643,-0.9945892095565796,-0.10182901471853256,-0.30940213799476624,0.010014905594289303,-0.9454104900360107
1578998520.8148527,world,-0.27938100695610046,-0.08229708671569824,-0.9947414398193359,-0.10194271802902222,-0.3096050024032593,0.009923204779624939,-0.9453328251838684
1578998520.8261337,world,-0.2797046899795532,-0.08216729015111923,-0.9950546026229858,-0.10240121930837631,-0.30993685126304626,0.010394565761089325,-0.9451693892478943
1578998520.8351116,world,-0.27987828850746155,-0.08197767287492752,-0.995205283164978,-0.10197656601667404,-0.3098621368408203,0.00982755422592163,-0.9452458620071411
1578998520.8445797,world,-0.2800165116786957,-0.08187558501958847,-0.9952868819236755,-0.10187220573425293,-0.3097902834415436,0.009804974310100079,-0.9452809691429138
1578998520.8565385,world,-0.280159056186676,-0.0817643329501152,-0.9953732490539551,-0.10181787610054016,-0.3096786141395569,0.00978060532361269,-0.945323646068573
1578998520.8638132,world,-0.2802732586860657,-0.08164721727371216,-0.9953063130378723,-0.10167144238948822,-0.30942463874816895,0.009674693457782269,-0.9454236626625061
1578998520.874666,world,-0.28042107820510864,-0.08154157549142838,-0.995394766330719,-0.10156431049108505,-0.30931422114372253,0.009661756455898285,-0.9454713463783264
1578998520.8747272,world,-0.2805604338645935,-0.08142734318971634,-0.9954751133918762,-0.10148441791534424,-0.3091769218444824,0.009654810652136803,-0.9455249905586243
1578998520.8906424,world,-0.28071531653404236,-0.0812913030385971,-0.9955926537513733,-0.10134883224964142,-0.30900412797927856,0.00965968519449234,-0.945595920085907
1578998520.8945677,world,-0.28090691566467285,-0.08112874627113342,-0.9958047270774841,-0.10088445246219635,-0.3085995316505432,0.009397449903190136,-0.9457802772521973
1578998520.904869,world,-0.28118443489074707,-0.08097607642412186,-0.9960625171661377,-0.10085302591323853,-0.30793747305870056,0.009528989903628826,-0.9459980726242065
1578998520.904886,world,-0.28142935037612915,-0.08086909353733063,-0.9963186979293823,-0.10039295256137848,-0.30788424611091614,0.00935736857354641,-0.9460660815238953
1578998520.9166222,world,-0.2815834879875183,-0.08062045276165009,-0.9964248538017273,-0.10038862377405167,-0.3076222240924835,0.009558883495628834,-0.9461497068405151
1578998520.9343543,world,-0.2817456126213074,-0.08044518530368805,-0.9965877532958984,-0.10016566514968872,-0.3074323236942291,0.00965450331568718,-0.9462342262268066
1578998520.9343746,world,-0.2819000780582428,-0.08028826862573624,-0.9967442154884338,-0.09996155649423599,-0.30726301670074463,0.009653966873884201,-0.9463106989860535
1578998520.9451673,world,-0.28204309940338135,-0.0801210105419159,-0.9968805313110352,-0.09981657564640045,-0.307114839553833,0.009745579212903976,-0.9463732242584229
1578998520.9451833,world,-0.2821880877017975,-0.07995092123746872,-0.9970322251319885,-0.09962618350982666,-0.3070049285888672,0.009788383729755878,-0.9464284777641296
1578998520.9586093,world,-0.28243809938430786,-0.07971914857625961,-0.9973458051681519,-0.09939166903495789,-0.3070472478866577,0.00974129419773817,-0.9464399218559265
1578998520.9648197,world,-0.28273236751556396,-0.07949026674032211,-0.9975789189338684,-0.0994422659277916,-0.30709996819496155,0.009934618137776852,-0.9464154243469238
1578998520.9743052,world,-0.28283852338790894,-0.07917412370443344,-0.9976877570152283,-0.09892275929450989,-0.3071728050708771,0.009568530134856701,-0.9464499950408936
1578998520.9844859,world,-0.2831357717514038,-0.07888738065958023,-0.9980082511901855,-0.09846863895654678,-0.3068504333496094,0.009227534756064415,-0.9466053247451782
1578998520.994732,world,-0.2833805978298187,-0.07861845195293427,-0.9982870221138,-0.09879419207572937,-0.30642324686050415,0.009914516471326351,-0.9467028975486755
1578998521.0040221,world,-0.28350305557250977,-0.07836485654115677,-0.9984987378120422,-0.09868106991052628,-0.3062811493873596,0.010022874921560287,-0.9467594623565674
1578998521.015217,world,-0.28365999460220337,-0.07811718434095383,-0.998737096786499,-0.0984230637550354,-0.30626794695854187,0.010114507749676704,-0.9467896223068237
1578998521.0243244,world,-0.28380286693573,-0.07787016034126282,-0.9989228248596191,-0.09820827841758728,-0.30625221133232117,0.010149656794965267,-0.946816623210907
1578998521.0243628,world,-0.28390005230903625,-0.07752224802970886,-0.9990288615226746,-0.09794779121875763,-0.30624526739120483,0.010248703882098198,-0.9468448758125305
1578998521.0348547,world,-0.28405705094337463,-0.07717634737491608,-0.9992097616195679,-0.09753137826919556,-0.30626630783081055,0.010340781882405281,-0.9468799829483032
1578998521.04475,world,-0.2842066287994385,-0.07680491358041763,-0.9993358850479126,-0.0974300354719162,-0.3064841628074646,0.010522112250328064,-0.946817934513092
1578998521.0545158,world,-0.2845003008842468,-0.07633086293935776,-0.9997237920761108,-0.09696588665246964,-0.3068849742412567,0.009979530237615108,-0.9467415809631348
1578998521.0647295,world,-0.28475359082221985,-0.07589894533157349,-1.0000746250152588,-0.09702380746603012,-0.3073265850543976,0.01006391178816557,-0.9465916156768799
1578998521.0742526,world,-0.28488707542419434,-0.07546387612819672,-1.0003118515014648,-0.09657842665910721,-0.30745938420295715,0.010091264732182026,-0.9465936422348022
1578998521.074265,world,-0.28521522879600525,-0.07501962035894394,-1.0007131099700928,-0.09650014340877533,-0.307889461517334,0.010570473968982697,-0.9464566707611084
1578998521.0843532,world,-0.28526028990745544,-0.0744982585310936,-1.0006864070892334,-0.09675954282283783,-0.3080118000507355,0.01091101672500372,-0.946386456489563
1578998521.094816,world,-0.28547313809394836,-0.07390595972537994,-1.0010759830474854,-0.09665440022945404,-0.3083767294883728,0.010628433898091316,-0.9462816119194031
1578998521.1060276,world,-0.28565549850463867,-0.07328616082668304,-1.0013436079025269,-0.09638960659503937,-0.3086562156677246,0.01067419070750475,-0.9462170004844666
1578998521.1179047,world,-0.2858211398124695,-0.07271512597799301,-1.0014841556549072,-0.09618325531482697,-0.3088029623031616,0.010899638757109642,-0.9461874961853027
1578998521.1179225,world,-0.28593435883522034,-0.0721401572227478,-1.0016125440597534,-0.09631199389696121,-0.3088703751564026,0.011072710156440735,-0.9461503624916077
1578998521.1246324,world,-0.2861551344394684,-0.07151832431554794,-1.0018306970596313,-0.09603502601385117,-0.30897390842437744,0.010865166783332825,-0.9461471438407898
1578998521.1348128,world,-0.2863824963569641,-0.07071804255247116,-1.002078652381897,-0.09593181312084198,-0.3092644512653351,0.01081801950931549,-0.946063220500946
1578998521.1437848,world,-0.2866401970386505,-0.07010655850172043,-1.0023967027664185,-0.09520310908555984,-0.3097243905067444,0.01063270028680563,-0.9459884762763977
1578998521.1540208,world,-0.2869158089160919,-0.06938967853784561,-1.0026240348815918,-0.09497247636318207,-0.30966901779174805,0.010235529392957687,-0.9460341930389404
1578998521.1656048,world,-0.2872333228588104,-0.068593330681324,-1.0029430389404297,-0.09439411014318466,-0.30999448895454407,0.009669026359915733,-0.9459913969039917
1578998521.1656194,world,-0.28776851296424866,-0.06784653663635254,-1.0035645961761475,-0.09474365413188934,-0.3101544976234436,0.010307084769010544,-0.9458972215652466
1578998521.174238,world,-0.2879825830459595,-0.06713873147964478,-1.0037205219268799,-0.09457685798406601,-0.3104240596294403,0.010152800939977169,-0.9458271861076355
1578998521.1842446,world,-0.28820356726646423,-0.06624741852283478,-1.0039252042770386,-0.09410951286554337,-0.310456782579422,0.009765789844095707,-0.945867121219635
1578998521.1941829,world,-0.2886578440666199,-0.06546282023191452,-1.0044560432434082,-0.09454910457134247,-0.31107670068740845,0.010264595039188862,-0.9456143975257874
1578998521.2051218,world,-0.28891047835350037,-0.06462815403938293,-1.004699945449829,-0.09365739673376083,-0.3110226094722748,0.009443039074540138,-0.9457294344902039
1578998521.214539,world,-0.2892955243587494,-0.06372972577810287,-1.005146861076355,-0.09391795843839645,-0.31187283992767334,0.010093373246490955,-0.9454168677330017
1578998521.2145562,world,-0.28974607586860657,-0.06285765022039413,-1.005651593208313,-0.09377770125865936,-0.3126411736011505,0.00978786125779152,-0.9451801776885986
1578998521.2248929,world,-0.28995946049690247,-0.062018439173698425,-1.0058485269546509,-0.09309341758489609,-0.3129730522632599,0.009420039132237434,-0.9451416730880737
1578998521.2348063,world,-0.2902226448059082,-0.06106073036789894,-1.0061413049697876,-0.09328573197126389,-0.31333041191101074,0.009503282606601715,-0.9450034499168396
1578998521.2440114,world,-0.2906045615673065,-0.060166891664266586,-1.0065758228302002,-0.0925474613904953,-0.31381335854530334,0.008736436255276203,-0.9449232816696167
1578998521.2580338,world,-0.29131028056144714,-0.05923418700695038,-1.0073081254959106,-0.09192396700382233,-0.31500256061553955,0.008003299124538898,-0.9445948600769043
1578998521.2644303,world,-0.29151302576065063,-0.05828559398651123,-1.00749933719635,-0.09183332324028015,-0.31533581018447876,0.0078017269261181355,-0.9444941282272339
1578998521.2644413,world,-0.29172608256340027,-0.05741976574063301,-1.007620930671692,-0.09140943735837936,-0.31589314341545105,0.007466721348464489,-0.9443517327308655
1578998521.2842436,world,-0.2922509014606476,-0.05643554776906967,-1.0081689357757568,-0.09117621183395386,-0.3168412744998932,0.007259400561451912,-0.9440582394599915
1578998521.2842572,world,-0.29255548119544983,-0.05562805011868477,-1.008549690246582,-0.0909678041934967,-0.3173513412475586,0.007149983663111925,-0.9439078569412231
1578998521.294654,world,-0.29310619831085205,-0.054613396525382996,-1.009222388267517,-0.0901169404387474,-0.31826967000961304,0.006413863506168127,-0.9436854720115662
1578998521.303769,world,-0.2934640347957611,-0.053769975900650024,-1.0096029043197632,-0.08970842510461807,-0.3186524212360382,0.00644645607098937,-0.9435949921607971
1578998521.3144143,world,-0.2937501072883606,-0.052938465029001236,-1.0099297761917114,-0.08921894431114197,-0.3188903033733368,0.006268580909818411,-0.9435623288154602
1578998521.3252556,world,-0.29425549507141113,-0.05196456238627434,-1.0104827880859375,-0.0883634090423584,-0.31927603483200073,0.005823142826557159,-0.9435151815414429
1578998521.3344479,world,-0.29494622349739075,-0.05114751309156418,-1.0112227201461792,-0.08784058690071106,-0.3196936845779419,0.0052061183378100395,-0.943426251411438
1578998521.334468,world,-0.2953914701938629,-0.05017584189772606,-1.0116996765136719,-0.08669991791248322,-0.3198622763156891,0.004349356051534414,-0.9434789419174194
1578998521.3449025,world,-0.29589247703552246,-0.049256350845098495,-1.0122264623641968,-0.08614548295736313,-0.32015952467918396,0.0038791962433606386,-0.9434309601783752
1578998521.3543534,world,-0.2962562143802643,-0.048419658094644547,-1.012518286705017,-0.08606909960508347,-0.32044851779937744,0.00401375163346529,-0.9433391690254211
1578998521.3667471,world,-0.2967990040779114,-0.04754921421408653,-1.0132029056549072,-0.08527493476867676,-0.32027873396873474,0.0035728609655052423,-0.9434707164764404
1578998521.3667746,world,-0.2974381744861603,-0.046675439924001694,-1.013789176940918,-0.08519364893436432,-0.3209654688835144,0.003573548747226596,-0.9432446360588074
1578998521.3744051,world,-0.2979634702205658,-0.04579751938581467,-1.0144530534744263,-0.08451000601053238,-0.32112300395965576,0.003157180268317461,-0.9432540535926819
1578998521.3856568,world,-0.29834678769111633,-0.044952888041734695,-1.0149043798446655,-0.0836179330945015,-0.32117557525634766,0.002573380945250392,-0.9433174133300781
1578998521.394197,world,-0.2986051142215729,-0.044084832072257996,-1.0150920152664185,-0.08309280127286911,-0.32133767008781433,0.0026037096977233887,-0.9433084726333618
1578998521.3942134,world,-0.298918217420578,-0.0433042012155056,-1.0155433416366577,-0.08286676555871964,-0.32136210799217224,0.0027477864641696215,-0.9433196187019348
1578998521.4248905,world,-0.2993232309818268,-0.04240991920232773,-1.015936017036438,-0.08212955296039581,-0.32145002484321594,0.0019413648406043649,-0.9433562159538269
1578998521.434404,world,-0.2998424172401428,-0.042134352028369904,-1.015997290611267,-0.0790090262889862,-0.32328781485557556,0.001648404635488987,-0.9429951906204224
1578998521.4344525,world,-0.3001064956188202,-0.040891844779253006,-1.0170658826828003,-0.08167420327663422,-0.32252979278564453,0.0022478920873254538,-0.9430264234542847
1578998521.4344594,world,-0.30052345991134644,-0.039966337382793427,-1.0175989866256714,-0.0805981308221817,-0.322700172662735,0.0012374971993267536,-0.9430626630783081
1578998521.4447784,world,-0.3006890118122101,-0.0393071286380291,-1.0178110599517822,-0.08029991388320923,-0.3230583667755127,0.0011236047139391303,-0.9429656267166138
1578998521.4545667,world,-0.30082958936691284,-0.038509901612997055,-1.0180288553237915,-0.08056531846523285,-0.3233586847782135,0.0015686958795413375,-0.9428393244743347
1578998521.4752634,world,-0.3010118007659912,-0.037647902965545654,-1.0183743238449097,-0.0799868255853653,-0.3239673674106598,0.0012320340611040592,-0.9426800608634949
1578998521.4752815,world,-0.30121275782585144,-0.0373527929186821,-1.0183056592941284,-0.07790442556142807,-0.32580119371414185,0.001965074334293604,-0.9422212243080139
1578998521.475289,world,-0.3011624217033386,-0.03605446591973305,-1.018973469734192,-0.0801696926355362,-0.3250630497932434,0.0022814483381807804,-0.942285418510437
1578998521.4847195,world,-0.3012915849685669,-0.035856276750564575,-1.018858790397644,-0.07793395966291428,-0.3265969157218933,0.00269182282499969,-0.9419414401054382
1578998521.494115,world,-0.3015996813774109,-0.03492973372340202,-1.0192995071411133,-0.07767757028341293,-0.32759442925453186,0.0025323813315480947,-0.9416165947914124
1578998521.5043945,world,-0.30165356397628784,-0.034186773002147675,-1.0196805000305176,-0.07739555090665817,-0.3276326060295105,0.0027629754040390253,-0.9416258335113525
1578998521.5044131,world,-0.30149662494659424,-0.03349033743143082,-1.0197467803955078,-0.07779278606176376,-0.3279013931751251,0.0033768147695809603,-0.9414975047111511
1578998521.5147839,world,-0.3018680512905121,-0.032603029161691666,-1.0204806327819824,-0.0774935856461525,-0.328643798828125,0.0035287700593471527,-0.9412627816200256
1578998521.5277288,world,-0.30174821615219116,-0.031918566673994064,-1.0204838514328003,-0.07693271338939667,-0.32805371284484863,0.0031681524123996496,-0.9415158033370972
1578998521.5481813,world,-0.30162280797958374,-0.03125959634780884,-1.0207284688949585,-0.07726162672042847,-0.32786399126052856,0.004070779774338007,-0.9415516257286072
1578998521.5482087,world,-0.30161622166633606,-0.03063642606139183,-1.0209920406341553,-0.07647635042667389,-0.3277168869972229,0.004291065968573093,-0.9416658878326416
1578998521.5482152,world,-0.3015565276145935,-0.0298245120793581,-1.0211890935897827,-0.07641042023897171,-0.3272884786128998,0.00416076323017478,-0.9418208003044128
1578998521.5545645,world,-0.30159565806388855,-0.029164748266339302,-1.0216140747070312,-0.07576800137758255,-0.32693296670913696,0.004510343074798584,-0.9419946074485779
1578998521.5648186,world,-0.3016311824321747,-0.028639988973736763,-1.0221360921859741,-0.07482176274061203,-0.32613077759742737,0.004506473429501057,-0.9423482418060303
1578998521.574354,world,-0.3015691936016083,-0.028028158470988274,-1.0225045680999756,-0.0747423842549324,-0.3258967101573944,0.00503163319081068,-0.9424328207969666
1578998521.6140866,world,-0.3016858994960785,-0.027378687635064125,-1.0229358673095703,-0.07464728504419327,-0.325153112411499,0.005959826055914164,-0.9426917433738708
1578998521.6141121,world,-0.3017656207084656,-0.026644209399819374,-1.023314118385315,-0.07427960634231567,-0.32464516162872314,0.005591250024735928,-0.9428980946540833
1578998521.614118,world,-0.3017655611038208,-0.025033220648765564,-1.0242586135864258,-0.0727994441986084,-0.32334765791893005,0.006440524477511644,-0.943453848361969
1578998521.6243346,world,-0.3017710745334625,-0.024463126435875893,-1.0247855186462402,-0.07260538637638092,-0.3229612112045288,0.007177329156547785,-0.9435958862304688
1578998521.6673741,world,-0.30179232358932495,-0.02386089600622654,-1.0252395868301392,-0.07262206822633743,-0.322708398103714,0.007589631713926792,-0.9436778426170349
1578998521.6673954,world,-0.3017939627170563,-0.023297129198908806,-1.0256264209747314,-0.07165449112653732,-0.3223441541194916,0.007165233604609966,-0.9438795447349548
1578998521.667401,world,-0.30177703499794006,-0.022813575342297554,-1.0260281562805176,-0.0710931122303009,-0.3221956193447113,0.00784536637365818,-0.9439672827720642
1578998521.6674054,world,-0.30153658986091614,-0.021843941882252693,-1.0265601873397827,-0.07075878232717514,-0.3218645453453064,0.008630500175058842,-0.9440984725952148
1578998521.6744497,world,-0.3015514016151428,-0.021328534930944443,-1.0271673202514648,-0.07027395814657211,-0.3215641975402832,0.0091223930940032,-0.9442324638366699
1578998521.6846333,world,-0.30151909589767456,-0.02076844684779644,-1.0276597738265991,-0.07014435529708862,-0.32196784019470215,0.009562717750668526,-0.9441001415252686
1578998521.6943078,world,-0.30149322748184204,-0.02026906982064247,-1.0281383991241455,-0.06958302855491638,-0.32211539149284363,0.009102176874876022,-0.9440959095954895
1578998521.7050774,world,-0.3015252649784088,-0.019757097586989403,-1.0288368463516235,-0.06857335567474365,-0.32222387194633484,0.009053760208189487,-0.9441332221031189
1578998521.7145653,world,-0.3014219105243683,-0.019262362271547318,-1.0293428897857666,-0.0685705915093422,-0.3226678669452667,0.009856794029474258,-0.9439737200737
1578998521.7145872,world,-0.30122366547584534,-0.01874862238764763,-1.0296270847320557,-0.06892935186624527,-0.32281196117401123,0.01049086730927229,-0.9438915848731995
1578998521.7245984,world,-0.30113884806632996,-0.018277978524565697,-1.029977560043335,-0.06881796568632126,-0.32317569851875305,0.010875262320041656,-0.9437708854675293
1578998521.7340589,world,-0.3011575937271118,-0.017743904143571854,-1.030663013458252,-0.06823883205652237,-0.32375770807266235,0.011127750389277935,-0.943610429763794
1578998521.7442217,world,-0.30101296305656433,-0.01717347465455532,-1.0309703350067139,-0.06730086356401443,-0.32462164759635925,0.01106581836938858,-0.943381667137146
1578998521.7651832,world,-0.30097752809524536,-0.016673525795340538,-1.0313303470611572,-0.06693382561206818,-0.3249819278717041,0.01102145854383707,-0.943284273147583
1578998521.7652092,world,-0.3008861243724823,-0.015516167506575584,-1.0324584245681763,-0.06650722771883011,-0.3256039619445801,0.011713465675711632,-0.943091630935669
1578998521.7742755,world,-0.3009471893310547,-0.014998874627053738,-1.032914161682129,-0.06644837558269501,-0.3262411952018738,0.011832121759653091,-0.942874014377594
1578998521.7857928,world,-0.3009519875049591,-0.014408685266971588,-1.0333812236785889,-0.06577658653259277,-0.3266806900501251,0.011583412997424603,-0.9427720308303833
1578998521.7939305,world,-0.30095556378364563,-0.013825604692101479,-1.0338274240493774,-0.06546103954315186,-0.32712265849113464,0.011904521845281124,-0.9426367282867432
1578998521.8042393,world,-0.3008217513561249,-0.013234405778348446,-1.0341622829437256,-0.06567050516605377,-0.3275180459022522,0.012306462973356247,-0.9424797296524048
1578998521.8145216,world,-0.30073535442352295,-0.012699414975941181,-1.0349979400634766,-0.0647190511226654,-0.3284060060977936,0.012021299451589584,-0.9422401189804077
1578998521.814535,world,-0.30081629753112793,-0.012083320878446102,-1.0355579853057861,-0.06478625535964966,-0.32922035455703735,0.012590223923325539,-0.9419439435005188
1578998521.826792,world,-0.3007427752017975,-0.011481464840471745,-1.0357962846755981,-0.0643288791179657,-0.33016812801361084,0.012369072064757347,-0.9416463375091553
1578998521.8347733,world,-0.30073949694633484,-0.010965704917907715,-1.0362308025360107,-0.06423574686050415,-0.3308033347129822,0.012556641362607479,-0.9414272308349609
1578998521.844142,world,-0.3006345331668854,-0.010368507355451584,-1.0366103649139404,-0.06423532217741013,-0.3312389552593231,0.012860707938671112,-0.9412699937820435
1578998521.854502,world,-0.3007163107395172,-0.009780402295291424,-1.0373891592025757,-0.06366875022649765,-0.33198225498199463,0.012754714116454124,-0.9410480856895447
1578998521.854528,world,-0.3006815016269684,-0.009129360318183899,-1.037662148475647,-0.0628473311662674,-0.3333653211593628,0.012043042108416557,-0.9406237006187439
1578998521.8643885,world,-0.30065351724624634,-0.00857379287481308,-1.0380975008010864,-0.06277688592672348,-0.3341338336467743,0.012301932089030743,-0.9403522610664368
1578998521.8863952,world,-0.30057665705680847,-0.008012770675122738,-1.0384550094604492,-0.06307435035705566,-0.33500024676322937,0.012830710038542747,-0.9400169253349304
1578998521.8864105,world,-0.30050212144851685,-0.007429598830640316,-1.0387585163116455,-0.06277171522378922,-0.33555957674980164,0.012655728496611118,-0.9398400783538818
1578998521.9049706,world,-0.300597608089447,-0.006853452883660793,-1.0394997596740723,-0.06278204917907715,-0.3368228077888489,0.012705552391707897,-0.939386785030365
1578998521.9049916,world,-0.30068036913871765,-0.006185244768857956,-1.040022850036621,-0.06298147886991501,-0.3378305435180664,0.012905044481158257,-0.9390087127685547
1578998521.904999,world,-0.30058178305625916,-0.0056494069285690784,-1.0402193069458008,-0.0626664087176323,-0.3388172686100006,0.01282721757888794,-0.9386752843856812
1578998521.9243762,world,-0.3004244863986969,-0.005077289417386055,-1.0403730869293213,-0.06275517493486404,-0.3399581015110016,0.013114932924509048,-0.9382528066635132
1578998521.9243977,world,-0.3003775179386139,-0.00451665697619319,-1.0407283306121826,-0.06260263174772263,-0.3409010171890259,0.013422710821032524,-0.9379164576530457
1578998521.9344237,world,-0.30042949318885803,-0.00386060425080359,-1.0413285493850708,-0.06289020925760269,-0.3419307470321655,0.01315014436841011,-0.9375262260437012
